[debug] [2026-10-07T13:35:52.940Z] [Firebase Plugin] Activating Firebase extension.
[debug] [2026-10-07T13:35:56.702Z] [Firebase Plugin] requireAuthWrapper
[debug] [2026-10-07T13:35:56.711Z] > command requires scopes: ["email","openid","https://www.googleapis.com/auth/cloudplatformprojects.readonly","https://www.googleapis.com/auth/firebase","https://www.googleapis.com/auth/cloud-platform"]
[debug] [2026-10-07T13:35:58.334Z] [Firebase Plugin] VSCode notification server listening on port 40001
[error] [Firebase Plugin] requireAuth error: Could not load the default credentials. Browse to https://cloud.google.com/docs/authentication/getting-started for more information.
[debug] [2026-10-07T13:36:01.216Z] [Firebase Plugin] Value of process.env.MONOSPACE_ENV: undefined
[debug] [2026-10-07T13:36:01.224Z] [Firebase Plugin] requireAuthWrapper
[debug] [2026-10-07T13:36:01.233Z] > command requires scopes: ["email","openid","https://www.googleapis.com/auth/cloudplatformprojects.readonly","https://www.googleapis.com/auth/firebase","https://www.googleapis.com/auth/cloud-platform"]
[error] [Firebase Plugin] requireAuth error: Could not load the default credentials. Browse to https://cloud.google.com/docs/authentication/getting-started for more information.
[debug] [2026-10-07T13:36:01.247Z] [Firebase Plugin] Value of process.env.MONOSPACE_ENV: undefined
[debug] [2026-10-07T13:36:01.252Z] [Firebase Plugin] requireAuthWrapper
[debug] [2026-10-07T13:36:01.370Z] > command requires scopes: ["email","openid","https://www.googleapis.com/auth/cloudplatformprojects.readonly","https://www.googleapis.com/auth/firebase","https://www.googleapis.com/auth/cloud-platform"]
[error] [Firebase Plugin] requireAuth error: Could not load the default credentials. Browse to https://cloud.google.com/docs/authentication/getting-started for more information.
[info] [Firebase Plugin] Starting SQL Connect toolkit (version 3.4.16) on port 50001
[info] i  dataconnect: downloading dataconnect-emulator-3.4.16.exe... {"metadata":{"emulator":{"name":"dataconnect"},"message":"downloading dataconnect-emulator-3.4.16.exe..."}}
[debug] [2026-10-07T13:36:05.544Z] >>> [apiv2][query] GET https://storage.googleapis.com/firemat-preview-drop/emulator/dataconnect-emulator-windows-amd64-v3.4.16 
[debug] [2026-10-07T13:36:06.314Z] <<< [apiv2][status] GET https://storage.googleapis.com/firemat-preview-drop/emulator/dataconnect-emulator-windows-amd64-v3.4.16 200
[debug] [2026-10-07T13:36:06.316Z] <<< [apiv2][body] GET https://storage.googleapis.com/firemat-preview-drop/emulator/dataconnect-emulator-windows-amd64-v3.4.16 [stream]
[debug] [2026-10-07T13:36:20.767Z] 'fdc build' failed with error: Unable to build your SQL Connect schema and connectors (exit code 1): E1007 19:06:19.444043    6632 cmd.go:43] Error loading data connect config: could not find dataconnect.yaml in `c:\Adistu\dataconnect`
 {"metadata":{"emulator":{"name":"dataconnect"},"message":"'fdc build' failed with error: Unable to build your SQL Connect schema and connectors (exit code 1): E1007 19:06:19.444043    6632 cmd.go:43] Error loading data connect config: could not find dataconnect.yaml in `c:\\Adistu\\dataconnect`\n"}}
[debug] [2026-10-07T13:36:20.773Z] Ignoring unsupported arg: auto_download {"metadata":{"emulator":{"name":"dataconnect"},"message":"Ignoring unsupported arg: auto_download"}}
[debug] [2026-10-07T13:36:20.777Z] Ignoring unsupported arg: port {"metadata":{"emulator":{"name":"dataconnect"},"message":"Ignoring unsupported arg: port"}}
[debug] [2026-10-07T13:36:20.781Z] Starting SQL Connect Emulator with command {"binary":"C:\\Users\\Madrid\\.cache\\firebase\\emulators\\dataconnect-emulator-3.4.16.exe","args":["--logtostderr","-v=2","dev","--listen=localhost:50001","--config_dir=c:\\Adistu\\dataconnect","--enable_output_schema_extensions=true","--enable_output_generated_sdk=true"],"optionalArgs":["listen","config_dir","enable_output_schema_extensions","enable_output_generated_sdk"],"joinArgs":true,"shell":false,"port":9399} {"metadata":{"emulator":{"name":"dataconnect"},"message":"Starting SQL Connect Emulator with command {\"binary\":\"C:\\\\Users\\\\Madrid\\\\.cache\\\\firebase\\\\emulators\\\\dataconnect-emulator-3.4.16.exe\",\"args\":[\"--logtostderr\",\"-v=2\",\"dev\",\"--listen=localhost:50001\",\"--config_dir=c:\\\\Adistu\\\\dataconnect\",\"--enable_output_schema_extensions=true\",\"--enable_output_generated_sdk=true\"],\"optionalArgs\":[\"listen\",\"config_dir\",\"enable_output_schema_extensions\",\"enable_output_generated_sdk\"],\"joinArgs\":true,\"shell\":false,\"port\":9399}"}}
[info] i  dataconnect: SQL Connect Emulator logging to dataconnect-debug.log {"metadata":{"emulator":{"name":"dataconnect"},"message":"SQL Connect Emulator logging to \u001b[1mdataconnect-debug.log\u001b[22m"}}
[debug] [2026-10-07T13:36:21.685Z] E1007 19:06:21.680408    8676 dev.go:80] Failed to load initial config from "c:\\Adistu\\dataconnect": could not find dataconnect.yaml in `c:\Adistu\dataconnect`
 {"metadata":{"emulator":{"name":"dataconnect"},"message":"E1007 19:06:21.680408    8676 dev.go:80] Failed to load initial config from \"c:\\\\Adistu\\\\dataconnect\": could not find dataconnect.yaml in `c:\\Adistu\\dataconnect`\n"}}
[debug] [2026-10-07T13:36:21.691Z] E1007 19:06:21.691750    8676 watch.go:116] watchAllDir unable to walk dir `c:\Adistu\dataconnect`: GetFileAttributesEx c:\Adistu\dataconnect: The system cannot find the file specified.
 {"metadata":{"emulator":{"name":"dataconnect"},"message":"E1007 19:06:21.691750    8676 watch.go:116] watchAllDir unable to walk dir `c:\\Adistu\\dataconnect`: GetFileAttributesEx c:\\Adistu\\dataconnect: The system cannot find the file specified.\n"}}
[debug] [2026-10-07T13:36:21.739Z] I1007 19:06:21.735977    8676 dev.go:101] Listening on address (HTTP + gRPC): 127.0.0.1:50001
 {"metadata":{"emulator":{"name":"dataconnect"},"message":"I1007 19:06:21.735977    8676 dev.go:101] Listening on address (HTTP + gRPC): 127.0.0.1:50001\n"}}
[error] [Firebase Plugin] error:  {}
[debug] [2026-10-07T13:36:31.696Z] E1007 19:06:31.695455    8676 watch.go:40] Failed to load config from "c:\\Adistu\\dataconnect": could not find dataconnect.yaml in `c:\Adistu\dataconnect`
 {"metadata":{"emulator":{"name":"dataconnect"},"message":"E1007 19:06:31.695455    8676 watch.go:40] Failed to load config from \"c:\\\\Adistu\\\\dataconnect\": could not find dataconnect.yaml in `c:\\Adistu\\dataconnect`\n"}}
[info] 
[info] Visit this URL on this device to log in:
[info] https://accounts.google.com/o/oauth2/auth?client_id=563584335869-fgrhgmd47bqnekij5i8b5pr03ho849e6.apps.googleusercontent.com&scope=email%20openid%20https%3A%2F%2Fwww.googleapis.com%2Fauth%2Fcloudplatformprojects.readonly%20https%3A%2F%2Fwww.googleapis.com%2Fauth%2Ffirebase%20https%3A%2F%2Fwww.googleapis.com%2Fauth%2Fcloud-platform&response_type=code&state=1029987250&redirect_uri=http%3A%2F%2Flocalhost%3A9005
[info] 
[info] Waiting for authentication...
[debug] [2026-10-07T13:36:41.700Z] E1007 19:06:41.694476    8676 watch.go:40] Failed to load config from "c:\\Adistu\\dataconnect": could not find dataconnect.yaml in `c:\Adistu\dataconnect`
 {"metadata":{"emulator":{"name":"dataconnect"},"message":"E1007 19:06:41.694476    8676 watch.go:40] Failed to load config from \"c:\\\\Adistu\\\\dataconnect\": could not find dataconnect.yaml in `c:\\Adistu\\dataconnect`\n"}}
[debug] [2026-10-07T13:36:51.695Z] E1007 19:06:51.694659    8676 watch.go:40] Failed to load config from "c:\\Adistu\\dataconnect": could not find dataconnect.yaml in `c:\Adistu\dataconnect`
 {"metadata":{"emulator":{"name":"dataconnect"},"message":"E1007 19:06:51.694659    8676 watch.go:40] Failed to load config from \"c:\\\\Adistu\\\\dataconnect\": could not find dataconnect.yaml in `c:\\Adistu\\dataconnect`\n"}}
[debug] [2026-10-07T13:37:01.695Z] E1007 19:07:01.694086    8676 watch.go:40] Failed to load config from "c:\\Adistu\\dataconnect": could not find dataconnect.yaml in `c:\Adistu\dataconnect`
 {"metadata":{"emulator":{"name":"dataconnect"},"message":"E1007 19:07:01.694086    8676 watch.go:40] Failed to load config from \"c:\\\\Adistu\\\\dataconnect\": could not find dataconnect.yaml in `c:\\Adistu\\dataconnect`\n"}}
[debug] [2026-10-07T13:37:11.694Z] E1007 19:07:11.694306    8676 watch.go:40] Failed to load config from "c:\\Adistu\\dataconnect": could not find dataconnect.yaml in `c:\Adistu\dataconnect`
 {"metadata":{"emulator":{"name":"dataconnect"},"message":"E1007 19:07:11.694306    8676 watch.go:40] Failed to load config from \"c:\\\\Adistu\\\\dataconnect\": could not find dataconnect.yaml in `c:\\Adistu\\dataconnect`\n"}}
[debug] [2026-10-07T13:37:18.884Z] >>> [apiv2][query] POST https://accounts.google.com/o/oauth2/token [none]
[debug] [2026-10-07T13:37:18.886Z] >>> [apiv2][body] POST https://accounts.google.com/o/oauth2/token [omitted]
[debug] [2026-10-07T13:37:19.299Z] <<< [apiv2][status] POST https://accounts.google.com/o/oauth2/token 200
[debug] [2026-10-07T13:37:19.301Z] <<< [apiv2][body] POST https://accounts.google.com/o/oauth2/token [omitted]
[info] [Firebase Plugin] (Core:Project) New user detected, fetching projects
[debug] [2026-10-07T13:37:19.636Z] Checked if tokens are valid: true, expires at: 1791383838304
[debug] [2026-10-07T13:37:19.640Z] Checked if tokens are valid: true, expires at: 1791383838304
[debug] [2026-10-07T13:37:19.649Z] >>> [apiv2][query] GET https://firebase.googleapis.com/v1beta1/projects pageSize=1000
[debug] [2026-10-07T13:37:20.653Z] <<< [apiv2][status] GET https://firebase.googleapis.com/v1beta1/projects 200
[debug] [2026-10-07T13:37:20.654Z] <<< [apiv2][body] GET https://firebase.googleapis.com/v1beta1/projects [omitted]
[debug] [2026-10-07T13:37:21.694Z] E1007 19:07:21.694433    8676 watch.go:116] watchAllDir unable to walk dir `c:\Adistu\dataconnect`: GetFileAttributesEx c:\Adistu\dataconnect: The system cannot find the file specified.
 {"metadata":{"emulator":{"name":"dataconnect"},"message":"E1007 19:07:21.694433    8676 watch.go:116] watchAllDir unable to walk dir `c:\\Adistu\\dataconnect`: GetFileAttributesEx c:\\Adistu\\dataconnect: The system cannot find the file specified.\n"}}
[debug] [2026-10-07T13:37:21.696Z] E1007 19:07:21.695000    8676 watch.go:40] Failed to load config from "c:\\Adistu\\dataconnect": could not find dataconnect.yaml in `c:\Adistu\dataconnect`
 {"metadata":{"emulator":{"name":"dataconnect"},"message":"E1007 19:07:21.695000    8676 watch.go:40] Failed to load config from \"c:\\\\Adistu\\\\dataconnect\": could not find dataconnect.yaml in `c:\\Adistu\\dataconnect`\n"}}
[debug] [2026-10-07T13:37:31.695Z] E1007 19:07:31.694508    8676 watch.go:40] Failed to load config from "c:\\Adistu\\dataconnect": could not find dataconnect.yaml in `c:\Adistu\dataconnect`
 {"metadata":{"emulator":{"name":"dataconnect"},"message":"E1007 19:07:31.694508    8676 watch.go:40] Failed to load config from \"c:\\\\Adistu\\\\dataconnect\": could not find dataconnect.yaml in `c:\\Adistu\\dataconnect`\n"}}
[debug] [2026-10-07T13:37:41.695Z] E1007 19:07:41.694812    8676 watch.go:40] Failed to load config from "c:\\Adistu\\dataconnect": could not find dataconnect.yaml in `c:\Adistu\dataconnect`
 {"metadata":{"emulator":{"name":"dataconnect"},"message":"E1007 19:07:41.694812    8676 watch.go:40] Failed to load config from \"c:\\\\Adistu\\\\dataconnect\": could not find dataconnect.yaml in `c:\\Adistu\\dataconnect`\n"}}
[debug] [2026-10-07T13:37:51.695Z] E1007 19:07:51.694640    8676 watch.go:40] Failed to load config from "c:\\Adistu\\dataconnect": could not find dataconnect.yaml in `c:\Adistu\dataconnect`
 {"metadata":{"emulator":{"name":"dataconnect"},"message":"E1007 19:07:51.694640    8676 watch.go:40] Failed to load config from \"c:\\\\Adistu\\\\dataconnect\": could not find dataconnect.yaml in `c:\\Adistu\\dataconnect`\n"}}
[debug] [2026-10-07T13:38:01.698Z] E1007 19:08:01.698478    8676 watch.go:40] Failed to load config from "c:\\Adistu\\dataconnect": could not find dataconnect.yaml in `c:\Adistu\dataconnect`
 {"metadata":{"emulator":{"name":"dataconnect"},"message":"E1007 19:08:01.698478    8676 watch.go:40] Failed to load config from \"c:\\\\Adistu\\\\dataconnect\": could not find dataconnect.yaml in `c:\\Adistu\\dataconnect`\n"}}
[debug] [2026-10-07T13:38:11.695Z] E1007 19:08:11.695069    8676 watch.go:40] Failed to load config from "c:\\Adistu\\dataconnect": could not find dataconnect.yaml in `c:\Adistu\dataconnect`
 {"metadata":{"emulator":{"name":"dataconnect"},"message":"E1007 19:08:11.695069    8676 watch.go:40] Failed to load config from \"c:\\\\Adistu\\\\dataconnect\": could not find dataconnect.yaml in `c:\\Adistu\\dataconnect`\n"}}
[debug] [2026-10-07T13:38:21.696Z] E1007 19:08:21.695426    8676 watch.go:116] watchAllDir unable to walk dir `c:\Adistu\dataconnect`: GetFileAttributesEx c:\Adistu\dataconnect: The system cannot find the file specified.
 {"metadata":{"emulator":{"name":"dataconnect"},"message":"E1007 19:08:21.695426    8676 watch.go:116] watchAllDir unable to walk dir `c:\\Adistu\\dataconnect`: GetFileAttributesEx c:\\Adistu\\dataconnect: The system cannot find the file specified.\n"}}
[debug] [2026-10-07T13:38:21.698Z] E1007 19:08:21.696555    8676 watch.go:40] Failed to load config from "c:\\Adistu\\dataconnect": could not find dataconnect.yaml in `c:\Adistu\dataconnect`
 {"metadata":{"emulator":{"name":"dataconnect"},"message":"E1007 19:08:21.696555    8676 watch.go:40] Failed to load config from \"c:\\\\Adistu\\\\dataconnect\": could not find dataconnect.yaml in `c:\\Adistu\\dataconnect`\n"}}
[debug] [2026-10-07T13:38:31.695Z] E1007 19:08:31.694520    8676 watch.go:40] Failed to load config from "c:\\Adistu\\dataconnect": could not find dataconnect.yaml in `c:\Adistu\dataconnect`
 {"metadata":{"emulator":{"name":"dataconnect"},"message":"E1007 19:08:31.694520    8676 watch.go:40] Failed to load config from \"c:\\\\Adistu\\\\dataconnect\": could not find dataconnect.yaml in `c:\\Adistu\\dataconnect`\n"}}
[debug] [2026-10-07T13:38:41.694Z] E1007 19:08:41.694299    8676 watch.go:40] Failed to load config from "c:\\Adistu\\dataconnect": could not find dataconnect.yaml in `c:\Adistu\dataconnect`
 {"metadata":{"emulator":{"name":"dataconnect"},"message":"E1007 19:08:41.694299    8676 watch.go:40] Failed to load config from \"c:\\\\Adistu\\\\dataconnect\": could not find dataconnect.yaml in `c:\\Adistu\\dataconnect`\n"}}
[debug] [2026-10-07T13:38:51.695Z] E1007 19:08:51.694982    8676 watch.go:40] Failed to load config from "c:\\Adistu\\dataconnect": could not find dataconnect.yaml in `c:\Adistu\dataconnect`
 {"metadata":{"emulator":{"name":"dataconnect"},"message":"E1007 19:08:51.694982    8676 watch.go:40] Failed to load config from \"c:\\\\Adistu\\\\dataconnect\": could not find dataconnect.yaml in `c:\\Adistu\\dataconnect`\n"}}
[debug] [2026-10-07T13:39:01.694Z] E1007 19:09:01.694275    8676 watch.go:40] Failed to load config from "c:\\Adistu\\dataconnect": could not find dataconnect.yaml in `c:\Adistu\dataconnect`
 {"metadata":{"emulator":{"name":"dataconnect"},"message":"E1007 19:09:01.694275    8676 watch.go:40] Failed to load config from \"c:\\\\Adistu\\\\dataconnect\": could not find dataconnect.yaml in `c:\\Adistu\\dataconnect`\n"}}
[debug] [2026-10-07T13:39:11.695Z] E1007 19:09:11.695312    8676 watch.go:40] Failed to load config from "c:\\Adistu\\dataconnect": could not find dataconnect.yaml in `c:\Adistu\dataconnect`
 {"metadata":{"emulator":{"name":"dataconnect"},"message":"E1007 19:09:11.695312    8676 watch.go:40] Failed to load config from \"c:\\\\Adistu\\\\dataconnect\": could not find dataconnect.yaml in `c:\\Adistu\\dataconnect`\n"}}
[debug] [2026-10-07T13:39:21.694Z] E1007 19:09:21.694337    8676 watch.go:116] watchAllDir unable to walk dir `c:\Adistu\dataconnect`: GetFileAttributesEx c:\Adistu\dataconnect: The system cannot find the file specified.
 {"metadata":{"emulator":{"name":"dataconnect"},"message":"E1007 19:09:21.694337    8676 watch.go:116] watchAllDir unable to walk dir `c:\\Adistu\\dataconnect`: GetFileAttributesEx c:\\Adistu\\dataconnect: The system cannot find the file specified.\n"}}
[debug] [2026-10-07T13:39:21.696Z] E1007 19:09:21.694337    8676 watch.go:40] Failed to load config from "c:\\Adistu\\dataconnect": could not find dataconnect.yaml in `c:\Adistu\dataconnect`
 {"metadata":{"emulator":{"name":"dataconnect"},"message":"E1007 19:09:21.694337    8676 watch.go:40] Failed to load config from \"c:\\\\Adistu\\\\dataconnect\": could not find dataconnect.yaml in `c:\\Adistu\\dataconnect`\n"}}
[debug] [2026-10-07T13:39:31.695Z] E1007 19:09:31.695225    8676 watch.go:40] Failed to load config from "c:\\Adistu\\dataconnect": could not find dataconnect.yaml in `c:\Adistu\dataconnect`
 {"metadata":{"emulator":{"name":"dataconnect"},"message":"E1007 19:09:31.695225    8676 watch.go:40] Failed to load config from \"c:\\\\Adistu\\\\dataconnect\": could not find dataconnect.yaml in `c:\\Adistu\\dataconnect`\n"}}
[debug] [2026-10-07T13:39:41.694Z] E1007 19:09:41.694737    8676 watch.go:40] Failed to load config from "c:\\Adistu\\dataconnect": could not find dataconnect.yaml in `c:\Adistu\dataconnect`
 {"metadata":{"emulator":{"name":"dataconnect"},"message":"E1007 19:09:41.694737    8676 watch.go:40] Failed to load config from \"c:\\\\Adistu\\\\dataconnect\": could not find dataconnect.yaml in `c:\\Adistu\\dataconnect`\n"}}
[debug] [2026-10-07T13:39:51.694Z] E1007 19:09:51.694527    8676 watch.go:40] Failed to load config from "c:\\Adistu\\dataconnect": could not find dataconnect.yaml in `c:\Adistu\dataconnect`
 {"metadata":{"emulator":{"name":"dataconnect"},"message":"E1007 19:09:51.694527    8676 watch.go:40] Failed to load config from \"c:\\\\Adistu\\\\dataconnect\": could not find dataconnect.yaml in `c:\\Adistu\\dataconnect`\n"}}
[debug] [2026-10-07T13:40:01.694Z] E1007 19:10:01.694396    8676 watch.go:40] Failed to load config from "c:\\Adistu\\dataconnect": could not find dataconnect.yaml in `c:\Adistu\dataconnect`
 {"metadata":{"emulator":{"name":"dataconnect"},"message":"E1007 19:10:01.694396    8676 watch.go:40] Failed to load config from \"c:\\\\Adistu\\\\dataconnect\": could not find dataconnect.yaml in `c:\\Adistu\\dataconnect`\n"}}
[debug] [2026-10-07T13:40:11.694Z] E1007 19:10:11.694520    8676 watch.go:40] Failed to load config from "c:\\Adistu\\dataconnect": could not find dataconnect.yaml in `c:\Adistu\dataconnect`
 {"metadata":{"emulator":{"name":"dataconnect"},"message":"E1007 19:10:11.694520    8676 watch.go:40] Failed to load config from \"c:\\\\Adistu\\\\dataconnect\": could not find dataconnect.yaml in `c:\\Adistu\\dataconnect`\n"}}
[debug] [2026-10-07T13:40:21.695Z] E1007 19:10:21.694024    8676 watch.go:116] watchAllDir unable to walk dir `c:\Adistu\dataconnect`: GetFileAttributesEx c:\Adistu\dataconnect: The system cannot find the file specified.
 {"metadata":{"emulator":{"name":"dataconnect"},"message":"E1007 19:10:21.694024    8676 watch.go:116] watchAllDir unable to walk dir `c:\\Adistu\\dataconnect`: GetFileAttributesEx c:\\Adistu\\dataconnect: The system cannot find the file specified.\n"}}
[debug] [2026-10-07T13:40:21.700Z] E1007 19:10:21.696599    8676 watch.go:40] Failed to load config from "c:\\Adistu\\dataconnect": could not find dataconnect.yaml in `c:\Adistu\dataconnect`
 {"metadata":{"emulator":{"name":"dataconnect"},"message":"E1007 19:10:21.696599    8676 watch.go:40] Failed to load config from \"c:\\\\Adistu\\\\dataconnect\": could not find dataconnect.yaml in `c:\\Adistu\\dataconnect`\n"}}
[debug] [2026-10-07T13:40:31.696Z] E1007 19:10:31.696165    8676 watch.go:40] Failed to load config from "c:\\Adistu\\dataconnect": could not find dataconnect.yaml in `c:\Adistu\dataconnect`
 {"metadata":{"emulator":{"name":"dataconnect"},"message":"E1007 19:10:31.696165    8676 watch.go:40] Failed to load config from \"c:\\\\Adistu\\\\dataconnect\": could not find dataconnect.yaml in `c:\\Adistu\\dataconnect`\n"}}
[debug] [2026-10-07T13:40:41.696Z] E1007 19:10:41.695940    8676 watch.go:40] Failed to load config from "c:\\Adistu\\dataconnect": could not find dataconnect.yaml in `c:\Adistu\dataconnect`
 {"metadata":{"emulator":{"name":"dataconnect"},"message":"E1007 19:10:41.695940    8676 watch.go:40] Failed to load config from \"c:\\\\Adistu\\\\dataconnect\": could not find dataconnect.yaml in `c:\\Adistu\\dataconnect`\n"}}
[debug] [2026-10-07T13:40:51.694Z] E1007 19:10:51.694644    8676 watch.go:40] Failed to load config from "c:\\Adistu\\dataconnect": could not find dataconnect.yaml in `c:\Adistu\dataconnect`
 {"metadata":{"emulator":{"name":"dataconnect"},"message":"E1007 19:10:51.694644    8676 watch.go:40] Failed to load config from \"c:\\\\Adistu\\\\dataconnect\": could not find dataconnect.yaml in `c:\\Adistu\\dataconnect`\n"}}
[debug] [2026-10-07T13:41:01.696Z] E1007 19:11:01.697209    8676 watch.go:40] Failed to load config from "c:\\Adistu\\dataconnect": could not find dataconnect.yaml in `c:\Adistu\dataconnect`
 {"metadata":{"emulator":{"name":"dataconnect"},"message":"E1007 19:11:01.697209    8676 watch.go:40] Failed to load config from \"c:\\\\Adistu\\\\dataconnect\": could not find dataconnect.yaml in `c:\\Adistu\\dataconnect`\n"}}
[debug] [2026-10-07T13:41:11.733Z] E1007 19:11:11.728701    8676 watch.go:40] Failed to load config from "c:\\Adistu\\dataconnect": could not find dataconnect.yaml in `c:\Adistu\dataconnect`
 {"metadata":{"emulator":{"name":"dataconnect"},"message":"E1007 19:11:11.728701    8676 watch.go:40] Failed to load config from \"c:\\\\Adistu\\\\dataconnect\": could not find dataconnect.yaml in `c:\\Adistu\\dataconnect`\n"}}
[debug] [2026-10-07T13:41:21.716Z] E1007 19:11:21.712604    8676 watch.go:116] watchAllDir unable to walk dir `c:\Adistu\dataconnect`: GetFileAttributesEx c:\Adistu\dataconnect: The system cannot find the file specified.
 {"metadata":{"emulator":{"name":"dataconnect"},"message":"E1007 19:11:21.712604    8676 watch.go:116] watchAllDir unable to walk dir `c:\\Adistu\\dataconnect`: GetFileAttributesEx c:\\Adistu\\dataconnect: The system cannot find the file specified.\n"}}
[debug] [2026-10-07T13:41:21.718Z] E1007 19:11:21.712604    8676 watch.go:40] Failed to load config from "c:\\Adistu\\dataconnect": could not find dataconnect.yaml in `c:\Adistu\dataconnect`
 {"metadata":{"emulator":{"name":"dataconnect"},"message":"E1007 19:11:21.712604    8676 watch.go:40] Failed to load config from \"c:\\\\Adistu\\\\dataconnect\": could not find dataconnect.yaml in `c:\\Adistu\\dataconnect`\n"}}
[debug] [2026-10-07T13:41:31.706Z] E1007 19:11:31.705724    8676 watch.go:40] Failed to load config from "c:\\Adistu\\dataconnect": could not find dataconnect.yaml in `c:\Adistu\dataconnect`
 {"metadata":{"emulator":{"name":"dataconnect"},"message":"E1007 19:11:31.705724    8676 watch.go:40] Failed to load config from \"c:\\\\Adistu\\\\dataconnect\": could not find dataconnect.yaml in `c:\\Adistu\\dataconnect`\n"}}
[debug] [2026-10-07T13:41:41.694Z] E1007 19:11:41.694201    8676 watch.go:40] Failed to load config from "c:\\Adistu\\dataconnect": could not find dataconnect.yaml in `c:\Adistu\dataconnect`
 {"metadata":{"emulator":{"name":"dataconnect"},"message":"E1007 19:11:41.694201    8676 watch.go:40] Failed to load config from \"c:\\\\Adistu\\\\dataconnect\": could not find dataconnect.yaml in `c:\\Adistu\\dataconnect`\n"}}
[debug] [2026-10-07T13:41:51.697Z] E1007 19:11:51.694012    8676 watch.go:40] Failed to load config from "c:\\Adistu\\dataconnect": could not find dataconnect.yaml in `c:\Adistu\dataconnect`
 {"metadata":{"emulator":{"name":"dataconnect"},"message":"E1007 19:11:51.694012    8676 watch.go:40] Failed to load config from \"c:\\\\Adistu\\\\dataconnect\": could not find dataconnect.yaml in `c:\\Adistu\\dataconnect`\n"}}
[debug] [2026-10-07T13:42:01.698Z] E1007 19:12:01.698217    8676 watch.go:40] Failed to load config from "c:\\Adistu\\dataconnect": could not find dataconnect.yaml in `c:\Adistu\dataconnect`
 {"metadata":{"emulator":{"name":"dataconnect"},"message":"E1007 19:12:01.698217    8676 watch.go:40] Failed to load config from \"c:\\\\Adistu\\\\dataconnect\": could not find dataconnect.yaml in `c:\\Adistu\\dataconnect`\n"}}
[debug] [2026-10-07T13:42:11.835Z] E1007 19:12:11.798019    8676 watch.go:40] Failed to load config from "c:\\Adistu\\dataconnect": could not find dataconnect.yaml in `c:\Adistu\dataconnect`
 {"metadata":{"emulator":{"name":"dataconnect"},"message":"E1007 19:12:11.798019    8676 watch.go:40] Failed to load config from \"c:\\\\Adistu\\\\dataconnect\": could not find dataconnect.yaml in `c:\\Adistu\\dataconnect`\n"}}
[debug] [2026-10-07T13:42:21.694Z] E1007 19:12:21.694154    8676 watch.go:116] watchAllDir unable to walk dir `c:\Adistu\dataconnect`: GetFileAttributesEx c:\Adistu\dataconnect: The system cannot find the file specified.
 {"metadata":{"emulator":{"name":"dataconnect"},"message":"E1007 19:12:21.694154    8676 watch.go:116] watchAllDir unable to walk dir `c:\\Adistu\\dataconnect`: GetFileAttributesEx c:\\Adistu\\dataconnect: The system cannot find the file specified.\n"}}
[debug] [2026-10-07T13:42:21.699Z] E1007 19:12:21.699689    8676 watch.go:40] Failed to load config from "c:\\Adistu\\dataconnect": could not find dataconnect.yaml in `c:\Adistu\dataconnect`
 {"metadata":{"emulator":{"name":"dataconnect"},"message":"E1007 19:12:21.699689    8676 watch.go:40] Failed to load config from \"c:\\\\Adistu\\\\dataconnect\": could not find dataconnect.yaml in `c:\\Adistu\\dataconnect`\n"}}
[debug] [2026-10-07T13:42:31.688Z] E1007 19:12:31.699917    8676 watch.go:40] Failed to load config from "c:\\Adistu\\dataconnect": could not find dataconnect.yaml in `c:\Adistu\dataconnect`
 {"metadata":{"emulator":{"name":"dataconnect"},"message":"E1007 19:12:31.699917    8676 watch.go:40] Failed to load config from \"c:\\\\Adistu\\\\dataconnect\": could not find dataconnect.yaml in `c:\\Adistu\\dataconnect`\n"}}
[debug] [2026-10-07T13:42:41.685Z] E1007 19:12:41.697254    8676 watch.go:40] Failed to load config from "c:\\Adistu\\dataconnect": could not find dataconnect.yaml in `c:\Adistu\dataconnect`
 {"metadata":{"emulator":{"name":"dataconnect"},"message":"E1007 19:12:41.697254    8676 watch.go:40] Failed to load config from \"c:\\\\Adistu\\\\dataconnect\": could not find dataconnect.yaml in `c:\\Adistu\\dataconnect`\n"}}
[debug] [2026-10-07T13:42:51.700Z] E1007 19:12:51.708641    8676 watch.go:40] Failed to load config from "c:\\Adistu\\dataconnect": could not find dataconnect.yaml in `c:\Adistu\dataconnect`
 {"metadata":{"emulator":{"name":"dataconnect"},"message":"E1007 19:12:51.708641    8676 watch.go:40] Failed to load config from \"c:\\\\Adistu\\\\dataconnect\": could not find dataconnect.yaml in `c:\\Adistu\\dataconnect`\n"}}
[debug] [2026-10-07T13:43:01.758Z] E1007 19:13:01.764919    8676 watch.go:40] Failed to load config from "c:\\Adistu\\dataconnect": could not find dataconnect.yaml in `c:\Adistu\dataconnect`
 {"metadata":{"emulator":{"name":"dataconnect"},"message":"E1007 19:13:01.764919    8676 watch.go:40] Failed to load config from \"c:\\\\Adistu\\\\dataconnect\": could not find dataconnect.yaml in `c:\\Adistu\\dataconnect`\n"}}
[debug] [2026-10-07T13:43:11.693Z] E1007 19:13:11.702209    8676 watch.go:40] Failed to load config from "c:\\Adistu\\dataconnect": could not find dataconnect.yaml in `c:\Adistu\dataconnect`
 {"metadata":{"emulator":{"name":"dataconnect"},"message":"E1007 19:13:11.702209    8676 watch.go:40] Failed to load config from \"c:\\\\Adistu\\\\dataconnect\": could not find dataconnect.yaml in `c:\\Adistu\\dataconnect`\n"}}
[debug] [2026-10-07T13:43:21.682Z] E1007 19:13:21.694349    8676 watch.go:116] watchAllDir unable to walk dir `c:\Adistu\dataconnect`: GetFileAttributesEx c:\Adistu\dataconnect: The system cannot find the file specified.
 {"metadata":{"emulator":{"name":"dataconnect"},"message":"E1007 19:13:21.694349    8676 watch.go:116] watchAllDir unable to walk dir `c:\\Adistu\\dataconnect`: GetFileAttributesEx c:\\Adistu\\dataconnect: The system cannot find the file specified.\n"}}
[debug] [2026-10-07T13:43:21.685Z] E1007 19:13:21.694906    8676 watch.go:40] Failed to load config from "c:\\Adistu\\dataconnect": could not find dataconnect.yaml in `c:\Adistu\dataconnect`
 {"metadata":{"emulator":{"name":"dataconnect"},"message":"E1007 19:13:21.694906    8676 watch.go:40] Failed to load config from \"c:\\\\Adistu\\\\dataconnect\": could not find dataconnect.yaml in `c:\\Adistu\\dataconnect`\n"}}
[debug] [2026-10-07T13:43:31.695Z] E1007 19:13:31.695434    8676 watch.go:40] Failed to load config from "c:\\Adistu\\dataconnect": could not find dataconnect.yaml in `c:\Adistu\dataconnect`
 {"metadata":{"emulator":{"name":"dataconnect"},"message":"E1007 19:13:31.695434    8676 watch.go:40] Failed to load config from \"c:\\\\Adistu\\\\dataconnect\": could not find dataconnect.yaml in `c:\\Adistu\\dataconnect`\n"}}
[debug] [2026-10-07T13:43:41.736Z] E1007 19:13:41.727184    8676 watch.go:40] Failed to load config from "c:\\Adistu\\dataconnect": could not find dataconnect.yaml in `c:\Adistu\dataconnect`
 {"metadata":{"emulator":{"name":"dataconnect"},"message":"E1007 19:13:41.727184    8676 watch.go:40] Failed to load config from \"c:\\\\Adistu\\\\dataconnect\": could not find dataconnect.yaml in `c:\\Adistu\\dataconnect`\n"}}
[debug] [2026-10-07T13:43:52.121Z] E1007 19:13:52.072484    8676 watch.go:40] Failed to load config from "c:\\Adistu\\dataconnect": could not find dataconnect.yaml in `c:\Adistu\dataconnect`
 {"metadata":{"emulator":{"name":"dataconnect"},"message":"E1007 19:13:52.072484    8676 watch.go:40] Failed to load config from \"c:\\\\Adistu\\\\dataconnect\": could not find dataconnect.yaml in `c:\\Adistu\\dataconnect`\n"}}
[debug] [2026-10-07T13:44:01.700Z] E1007 19:14:01.699798    8676 watch.go:40] Failed to load config from "c:\\Adistu\\dataconnect": could not find dataconnect.yaml in `c:\Adistu\dataconnect`
 {"metadata":{"emulator":{"name":"dataconnect"},"message":"E1007 19:14:01.699798    8676 watch.go:40] Failed to load config from \"c:\\\\Adistu\\\\dataconnect\": could not find dataconnect.yaml in `c:\\Adistu\\dataconnect`\n"}}
[debug] [2026-10-07T13:44:11.698Z] E1007 19:14:11.697904    8676 watch.go:40] Failed to load config from "c:\\Adistu\\dataconnect": could not find dataconnect.yaml in `c:\Adistu\dataconnect`
 {"metadata":{"emulator":{"name":"dataconnect"},"message":"E1007 19:14:11.697904    8676 watch.go:40] Failed to load config from \"c:\\\\Adistu\\\\dataconnect\": could not find dataconnect.yaml in `c:\\Adistu\\dataconnect`\n"}}
[debug] [2026-10-07T13:44:21.799Z] E1007 19:14:21.792866    8676 watch.go:116] watchAllDir unable to walk dir `c:\Adistu\dataconnect`: GetFileAttributesEx c:\Adistu\dataconnect: The system cannot find the file specified.
 {"metadata":{"emulator":{"name":"dataconnect"},"message":"E1007 19:14:21.792866    8676 watch.go:116] watchAllDir unable to walk dir `c:\\Adistu\\dataconnect`: GetFileAttributesEx c:\\Adistu\\dataconnect: The system cannot find the file specified.\n"}}
[debug] [2026-10-07T13:44:21.813Z] E1007 19:14:21.811479    8676 watch.go:40] Failed to load config from "c:\\Adistu\\dataconnect": could not find dataconnect.yaml in `c:\Adistu\dataconnect`
 {"metadata":{"emulator":{"name":"dataconnect"},"message":"E1007 19:14:21.811479    8676 watch.go:40] Failed to load config from \"c:\\\\Adistu\\\\dataconnect\": could not find dataconnect.yaml in `c:\\Adistu\\dataconnect`\n"}}
[debug] [2026-10-07T13:44:32.585Z] E1007 19:14:31.702849    8676 watch.go:40] Failed to load config from "c:\\Adistu\\dataconnect": could not find dataconnect.yaml in `c:\Adistu\dataconnect`
 {"metadata":{"emulator":{"name":"dataconnect"},"message":"E1007 19:14:31.702849    8676 watch.go:40] Failed to load config from \"c:\\\\Adistu\\\\dataconnect\": could not find dataconnect.yaml in `c:\\Adistu\\dataconnect`\n"}}
[debug] [2026-10-07T13:44:41.720Z] E1007 19:14:41.704131    8676 watch.go:40] Failed to load config from "c:\\Adistu\\dataconnect": could not find dataconnect.yaml in `c:\Adistu\dataconnect`
 {"metadata":{"emulator":{"name":"dataconnect"},"message":"E1007 19:14:41.704131    8676 watch.go:40] Failed to load config from \"c:\\\\Adistu\\\\dataconnect\": could not find dataconnect.yaml in `c:\\Adistu\\dataconnect`\n"}}
[debug] [2026-10-07T13:45:11.493Z] E1007 19:14:51.694150    8676 watch.go:40] Failed to load config from "c:\\Adistu\\dataconnect": could not find dataconnect.yaml in `c:\Adistu\dataconnect`
E1007 19:15:01.756146    8676 watch.go:40] Failed to load config from "c:\\Adistu\\dataconnect": could not find dataconnect.yaml in `c:\Adistu\dataconnect`
 {"metadata":{"emulator":{"name":"dataconnect"},"message":"E1007 19:14:51.694150    8676 watch.go:40] Failed to load config from \"c:\\\\Adistu\\\\dataconnect\": could not find dataconnect.yaml in `c:\\Adistu\\dataconnect`\nE1007 19:15:01.756146    8676 watch.go:40] Failed to load config from \"c:\\\\Adistu\\\\dataconnect\": could not find dataconnect.yaml in `c:\\Adistu\\dataconnect`\n"}}
[debug] [2026-10-07T13:45:14.921Z] E1007 19:15:11.695594    8676 watch.go:40] Failed to load config from "c:\\Adistu\\dataconnect": could not find dataconnect.yaml in `c:\Adistu\dataconnect`
 {"metadata":{"emulator":{"name":"dataconnect"},"message":"E1007 19:15:11.695594    8676 watch.go:40] Failed to load config from \"c:\\\\Adistu\\\\dataconnect\": could not find dataconnect.yaml in `c:\\Adistu\\dataconnect`\n"}}
[debug] [2026-10-07T13:45:21.738Z] E1007 19:15:21.735370    8676 watch.go:116] watchAllDir unable to walk dir `c:\Adistu\dataconnect`: GetFileAttributesEx c:\Adistu\dataconnect: The system cannot find the file specified.
 {"metadata":{"emulator":{"name":"dataconnect"},"message":"E1007 19:15:21.735370    8676 watch.go:116] watchAllDir unable to walk dir `c:\\Adistu\\dataconnect`: GetFileAttributesEx c:\\Adistu\\dataconnect: The system cannot find the file specified.\n"}}
[debug] [2026-10-07T13:45:21.754Z] E1007 19:15:21.749160    8676 watch.go:40] Failed to load config from "c:\\Adistu\\dataconnect": could not find dataconnect.yaml in `c:\Adistu\dataconnect`
 {"metadata":{"emulator":{"name":"dataconnect"},"message":"E1007 19:15:21.749160    8676 watch.go:40] Failed to load config from \"c:\\\\Adistu\\\\dataconnect\": could not find dataconnect.yaml in `c:\\Adistu\\dataconnect`\n"}}
[debug] [2026-10-07T13:45:31.771Z] E1007 19:15:31.770311    8676 watch.go:40] Failed to load config from "c:\\Adistu\\dataconnect": could not find dataconnect.yaml in `c:\Adistu\dataconnect`
 {"metadata":{"emulator":{"name":"dataconnect"},"message":"E1007 19:15:31.770311    8676 watch.go:40] Failed to load config from \"c:\\\\Adistu\\\\dataconnect\": could not find dataconnect.yaml in `c:\\Adistu\\dataconnect`\n"}}
[debug] [2026-10-07T13:45:41.901Z] E1007 19:15:41.910970    8676 watch.go:40] Failed to load config from "c:\\Adistu\\dataconnect": could not find dataconnect.yaml in `c:\Adistu\dataconnect`
 {"metadata":{"emulator":{"name":"dataconnect"},"message":"E1007 19:15:41.910970    8676 watch.go:40] Failed to load config from \"c:\\\\Adistu\\\\dataconnect\": could not find dataconnect.yaml in `c:\\Adistu\\dataconnect`\n"}}
[debug] [2026-10-07T13:45:51.718Z] E1007 19:15:51.727294    8676 watch.go:40] Failed to load config from "c:\\Adistu\\dataconnect": could not find dataconnect.yaml in `c:\Adistu\dataconnect`
 {"metadata":{"emulator":{"name":"dataconnect"},"message":"E1007 19:15:51.727294    8676 watch.go:40] Failed to load config from \"c:\\\\Adistu\\\\dataconnect\": could not find dataconnect.yaml in `c:\\Adistu\\dataconnect`\n"}}
[debug] [2026-10-07T13:46:01.692Z] E1007 19:16:01.701770    8676 watch.go:40] Failed to load config from "c:\\Adistu\\dataconnect": could not find dataconnect.yaml in `c:\Adistu\dataconnect`
 {"metadata":{"emulator":{"name":"dataconnect"},"message":"E1007 19:16:01.701770    8676 watch.go:40] Failed to load config from \"c:\\\\Adistu\\\\dataconnect\": could not find dataconnect.yaml in `c:\\Adistu\\dataconnect`\n"}}
[debug] [2026-10-07T13:46:11.695Z] E1007 19:16:11.703005    8676 watch.go:40] Failed to load config from "c:\\Adistu\\dataconnect": could not find dataconnect.yaml in `c:\Adistu\dataconnect`
 {"metadata":{"emulator":{"name":"dataconnect"},"message":"E1007 19:16:11.703005    8676 watch.go:40] Failed to load config from \"c:\\\\Adistu\\\\dataconnect\": could not find dataconnect.yaml in `c:\\Adistu\\dataconnect`\n"}}
[debug] [2026-10-07T13:46:21.695Z] E1007 19:16:21.700263    8676 watch.go:116] watchAllDir unable to walk dir `c:\Adistu\dataconnect`: GetFileAttributesEx c:\Adistu\dataconnect: The system cannot find the file specified.
 {"metadata":{"emulator":{"name":"dataconnect"},"message":"E1007 19:16:21.700263    8676 watch.go:116] watchAllDir unable to walk dir `c:\\Adistu\\dataconnect`: GetFileAttributesEx c:\\Adistu\\dataconnect: The system cannot find the file specified.\n"}}
[debug] [2026-10-07T13:46:21.697Z] E1007 19:16:21.700263    8676 watch.go:40] Failed to load config from "c:\\Adistu\\dataconnect": could not find dataconnect.yaml in `c:\Adistu\dataconnect`
 {"metadata":{"emulator":{"name":"dataconnect"},"message":"E1007 19:16:21.700263    8676 watch.go:40] Failed to load config from \"c:\\\\Adistu\\\\dataconnect\": could not find dataconnect.yaml in `c:\\Adistu\\dataconnect`\n"}}
[debug] [2026-10-07T13:46:31.696Z] E1007 19:16:31.704636    8676 watch.go:40] Failed to load config from "c:\\Adistu\\dataconnect": could not find dataconnect.yaml in `c:\Adistu\dataconnect`
 {"metadata":{"emulator":{"name":"dataconnect"},"message":"E1007 19:16:31.704636    8676 watch.go:40] Failed to load config from \"c:\\\\Adistu\\\\dataconnect\": could not find dataconnect.yaml in `c:\\Adistu\\dataconnect`\n"}}
[debug] [2026-10-07T13:46:41.699Z] E1007 19:16:41.699131    8676 watch.go:40] Failed to load config from "c:\\Adistu\\dataconnect": could not find dataconnect.yaml in `c:\Adistu\dataconnect`
 {"metadata":{"emulator":{"name":"dataconnect"},"message":"E1007 19:16:41.699131    8676 watch.go:40] Failed to load config from \"c:\\\\Adistu\\\\dataconnect\": could not find dataconnect.yaml in `c:\\Adistu\\dataconnect`\n"}}
[debug] [2026-10-07T13:46:51.705Z] E1007 19:16:51.697605    8676 watch.go:40] Failed to load config from "c:\\Adistu\\dataconnect": could not find dataconnect.yaml in `c:\Adistu\dataconnect`
 {"metadata":{"emulator":{"name":"dataconnect"},"message":"E1007 19:16:51.697605    8676 watch.go:40] Failed to load config from \"c:\\\\Adistu\\\\dataconnect\": could not find dataconnect.yaml in `c:\\Adistu\\dataconnect`\n"}}
[debug] [2026-10-07T13:47:01.746Z] E1007 19:17:01.726811    8676 watch.go:40] Failed to load config from "c:\\Adistu\\dataconnect": could not find dataconnect.yaml in `c:\Adistu\dataconnect`
 {"metadata":{"emulator":{"name":"dataconnect"},"message":"E1007 19:17:01.726811    8676 watch.go:40] Failed to load config from \"c:\\\\Adistu\\\\dataconnect\": could not find dataconnect.yaml in `c:\\Adistu\\dataconnect`\n"}}
[debug] [2026-10-07T13:47:11.709Z] E1007 19:17:11.708472    8676 watch.go:40] Failed to load config from "c:\\Adistu\\dataconnect": could not find dataconnect.yaml in `c:\Adistu\dataconnect`
 {"metadata":{"emulator":{"name":"dataconnect"},"message":"E1007 19:17:11.708472    8676 watch.go:40] Failed to load config from \"c:\\\\Adistu\\\\dataconnect\": could not find dataconnect.yaml in `c:\\Adistu\\dataconnect`\n"}}
[debug] [2026-10-07T13:47:21.701Z] E1007 19:17:21.699254    8676 watch.go:116] watchAllDir unable to walk dir `c:\Adistu\dataconnect`: GetFileAttributesEx c:\Adistu\dataconnect: The system cannot find the file specified.
 {"metadata":{"emulator":{"name":"dataconnect"},"message":"E1007 19:17:21.699254    8676 watch.go:116] watchAllDir unable to walk dir `c:\\Adistu\\dataconnect`: GetFileAttributesEx c:\\Adistu\\dataconnect: The system cannot find the file specified.\n"}}
[debug] [2026-10-07T13:47:21.705Z] E1007 19:17:21.699254    8676 watch.go:40] Failed to load config from "c:\\Adistu\\dataconnect": could not find dataconnect.yaml in `c:\Adistu\dataconnect`
 {"metadata":{"emulator":{"name":"dataconnect"},"message":"E1007 19:17:21.699254    8676 watch.go:40] Failed to load config from \"c:\\\\Adistu\\\\dataconnect\": could not find dataconnect.yaml in `c:\\Adistu\\dataconnect`\n"}}
[debug] [2026-10-07T13:47:31.695Z] E1007 19:17:31.695479    8676 watch.go:40] Failed to load config from "c:\\Adistu\\dataconnect": could not find dataconnect.yaml in `c:\Adistu\dataconnect`
 {"metadata":{"emulator":{"name":"dataconnect"},"message":"E1007 19:17:31.695479    8676 watch.go:40] Failed to load config from \"c:\\\\Adistu\\\\dataconnect\": could not find dataconnect.yaml in `c:\\Adistu\\dataconnect`\n"}}
[debug] [2026-10-07T13:47:41.740Z] E1007 19:17:41.740265    8676 watch.go:40] Failed to load config from "c:\\Adistu\\dataconnect": could not find dataconnect.yaml in `c:\Adistu\dataconnect`
 {"metadata":{"emulator":{"name":"dataconnect"},"message":"E1007 19:17:41.740265    8676 watch.go:40] Failed to load config from \"c:\\\\Adistu\\\\dataconnect\": could not find dataconnect.yaml in `c:\\Adistu\\dataconnect`\n"}}
[debug] [2026-10-07T13:47:51.694Z] E1007 19:17:51.694324    8676 watch.go:40] Failed to load config from "c:\\Adistu\\dataconnect": could not find dataconnect.yaml in `c:\Adistu\dataconnect`
 {"metadata":{"emulator":{"name":"dataconnect"},"message":"E1007 19:17:51.694324    8676 watch.go:40] Failed to load config from \"c:\\\\Adistu\\\\dataconnect\": could not find dataconnect.yaml in `c:\\Adistu\\dataconnect`\n"}}
[debug] [2026-10-07T13:48:01.695Z] E1007 19:18:01.694793    8676 watch.go:40] Failed to load config from "c:\\Adistu\\dataconnect": could not find dataconnect.yaml in `c:\Adistu\dataconnect`
 {"metadata":{"emulator":{"name":"dataconnect"},"message":"E1007 19:18:01.694793    8676 watch.go:40] Failed to load config from \"c:\\\\Adistu\\\\dataconnect\": could not find dataconnect.yaml in `c:\\Adistu\\dataconnect`\n"}}
[debug] [2026-10-07T13:48:11.696Z] E1007 19:18:11.696088    8676 watch.go:40] Failed to load config from "c:\\Adistu\\dataconnect": could not find dataconnect.yaml in `c:\Adistu\dataconnect`
 {"metadata":{"emulator":{"name":"dataconnect"},"message":"E1007 19:18:11.696088    8676 watch.go:40] Failed to load config from \"c:\\\\Adistu\\\\dataconnect\": could not find dataconnect.yaml in `c:\\Adistu\\dataconnect`\n"}}
[debug] [2026-10-07T13:48:21.695Z] E1007 19:18:21.694838    8676 watch.go:116] watchAllDir unable to walk dir `c:\Adistu\dataconnect`: GetFileAttributesEx c:\Adistu\dataconnect: The system cannot find the file specified.
 {"metadata":{"emulator":{"name":"dataconnect"},"message":"E1007 19:18:21.694838    8676 watch.go:116] watchAllDir unable to walk dir `c:\\Adistu\\dataconnect`: GetFileAttributesEx c:\\Adistu\\dataconnect: The system cannot find the file specified.\n"}}
[debug] [2026-10-07T13:48:21.698Z] E1007 19:18:21.695351    8676 watch.go:40] Failed to load config from "c:\\Adistu\\dataconnect": could not find dataconnect.yaml in `c:\Adistu\dataconnect`
 {"metadata":{"emulator":{"name":"dataconnect"},"message":"E1007 19:18:21.695351    8676 watch.go:40] Failed to load config from \"c:\\\\Adistu\\\\dataconnect\": could not find dataconnect.yaml in `c:\\Adistu\\dataconnect`\n"}}
[debug] [2026-10-07T13:48:31.732Z] E1007 19:18:31.709088    8676 watch.go:40] Failed to load config from "c:\\Adistu\\dataconnect": could not find dataconnect.yaml in `c:\Adistu\dataconnect`
 {"metadata":{"emulator":{"name":"dataconnect"},"message":"E1007 19:18:31.709088    8676 watch.go:40] Failed to load config from \"c:\\\\Adistu\\\\dataconnect\": could not find dataconnect.yaml in `c:\\Adistu\\dataconnect`\n"}}
[debug] [2026-10-07T13:48:41.734Z] E1007 19:18:41.732725    8676 watch.go:40] Failed to load config from "c:\\Adistu\\dataconnect": could not find dataconnect.yaml in `c:\Adistu\dataconnect`
 {"metadata":{"emulator":{"name":"dataconnect"},"message":"E1007 19:18:41.732725    8676 watch.go:40] Failed to load config from \"c:\\\\Adistu\\\\dataconnect\": could not find dataconnect.yaml in `c:\\Adistu\\dataconnect`\n"}}
[debug] [2026-10-07T13:48:51.867Z] E1007 19:18:51.871216    8676 watch.go:40] Failed to load config from "c:\\Adistu\\dataconnect": could not find dataconnect.yaml in `c:\Adistu\dataconnect`
 {"metadata":{"emulator":{"name":"dataconnect"},"message":"E1007 19:18:51.871216    8676 watch.go:40] Failed to load config from \"c:\\\\Adistu\\\\dataconnect\": could not find dataconnect.yaml in `c:\\Adistu\\dataconnect`\n"}}
[debug] [2026-10-07T13:49:01.718Z] E1007 19:19:01.718532    8676 watch.go:40] Failed to load config from "c:\\Adistu\\dataconnect": could not find dataconnect.yaml in `c:\Adistu\dataconnect`
 {"metadata":{"emulator":{"name":"dataconnect"},"message":"E1007 19:19:01.718532    8676 watch.go:40] Failed to load config from \"c:\\\\Adistu\\\\dataconnect\": could not find dataconnect.yaml in `c:\\Adistu\\dataconnect`\n"}}
[debug] [2026-10-07T13:49:12.304Z] E1007 19:19:12.079415    8676 watch.go:40] Failed to load config from "c:\\Adistu\\dataconnect": could not find dataconnect.yaml in `c:\Adistu\dataconnect`
 {"metadata":{"emulator":{"name":"dataconnect"},"message":"E1007 19:19:12.079415    8676 watch.go:40] Failed to load config from \"c:\\\\Adistu\\\\dataconnect\": could not find dataconnect.yaml in `c:\\Adistu\\dataconnect`\n"}}
[debug] [2026-10-07T13:49:22.139Z] E1007 19:19:21.947778    8676 watch.go:116] watchAllDir unable to walk dir `c:\Adistu\dataconnect`: GetFileAttributesEx c:\Adistu\dataconnect: The system cannot find the file specified.
E1007 19:19:21.947778    8676 watch.go:40] Failed to load config from "c:\\Adistu\\dataconnect": could not find dataconnect.yaml in `c:\Adistu\dataconnect`
 {"metadata":{"emulator":{"name":"dataconnect"},"message":"E1007 19:19:21.947778    8676 watch.go:116] watchAllDir unable to walk dir `c:\\Adistu\\dataconnect`: GetFileAttributesEx c:\\Adistu\\dataconnect: The system cannot find the file specified.\nE1007 19:19:21.947778    8676 watch.go:40] Failed to load config from \"c:\\\\Adistu\\\\dataconnect\": could not find dataconnect.yaml in `c:\\Adistu\\dataconnect`\n"}}
[debug] [2026-10-07T13:49:31.694Z] E1007 19:19:31.699722    8676 watch.go:40] Failed to load config from "c:\\Adistu\\dataconnect": could not find dataconnect.yaml in `c:\Adistu\dataconnect`
 {"metadata":{"emulator":{"name":"dataconnect"},"message":"E1007 19:19:31.699722    8676 watch.go:40] Failed to load config from \"c:\\\\Adistu\\\\dataconnect\": could not find dataconnect.yaml in `c:\\Adistu\\dataconnect`\n"}}
[debug] [2026-10-07T13:49:41.692Z] E1007 19:19:41.696125    8676 watch.go:40] Failed to load config from "c:\\Adistu\\dataconnect": could not find dataconnect.yaml in `c:\Adistu\dataconnect`
 {"metadata":{"emulator":{"name":"dataconnect"},"message":"E1007 19:19:41.696125    8676 watch.go:40] Failed to load config from \"c:\\\\Adistu\\\\dataconnect\": could not find dataconnect.yaml in `c:\\Adistu\\dataconnect`\n"}}
[debug] [2026-10-07T13:49:51.691Z] E1007 19:19:51.694447    8676 watch.go:40] Failed to load config from "c:\\Adistu\\dataconnect": could not find dataconnect.yaml in `c:\Adistu\dataconnect`
 {"metadata":{"emulator":{"name":"dataconnect"},"message":"E1007 19:19:51.694447    8676 watch.go:40] Failed to load config from \"c:\\\\Adistu\\\\dataconnect\": could not find dataconnect.yaml in `c:\\Adistu\\dataconnect`\n"}}
[debug] [2026-10-07T13:50:01.693Z] E1007 19:20:01.696311    8676 watch.go:40] Failed to load config from "c:\\Adistu\\dataconnect": could not find dataconnect.yaml in `c:\Adistu\dataconnect`
 {"metadata":{"emulator":{"name":"dataconnect"},"message":"E1007 19:20:01.696311    8676 watch.go:40] Failed to load config from \"c:\\\\Adistu\\\\dataconnect\": could not find dataconnect.yaml in `c:\\Adistu\\dataconnect`\n"}}
[debug] [2026-10-07T13:50:11.691Z] E1007 19:20:11.694702    8676 watch.go:40] Failed to load config from "c:\\Adistu\\dataconnect": could not find dataconnect.yaml in `c:\Adistu\dataconnect`
 {"metadata":{"emulator":{"name":"dataconnect"},"message":"E1007 19:20:11.694702    8676 watch.go:40] Failed to load config from \"c:\\\\Adistu\\\\dataconnect\": could not find dataconnect.yaml in `c:\\Adistu\\dataconnect`\n"}}
[debug] [2026-10-07T13:50:21.691Z] E1007 19:20:21.694318    8676 watch.go:116] watchAllDir unable to walk dir `c:\Adistu\dataconnect`: GetFileAttributesEx c:\Adistu\dataconnect: The system cannot find the file specified.
 {"metadata":{"emulator":{"name":"dataconnect"},"message":"E1007 19:20:21.694318    8676 watch.go:116] watchAllDir unable to walk dir `c:\\Adistu\\dataconnect`: GetFileAttributesEx c:\\Adistu\\dataconnect: The system cannot find the file specified.\n"}}
[debug] [2026-10-07T13:50:21.694Z] E1007 19:20:21.694318    8676 watch.go:40] Failed to load config from "c:\\Adistu\\dataconnect": could not find dataconnect.yaml in `c:\Adistu\dataconnect`
 {"metadata":{"emulator":{"name":"dataconnect"},"message":"E1007 19:20:21.694318    8676 watch.go:40] Failed to load config from \"c:\\\\Adistu\\\\dataconnect\": could not find dataconnect.yaml in `c:\\Adistu\\dataconnect`\n"}}
[debug] [2026-10-07T13:50:31.742Z] E1007 19:20:31.744438    8676 watch.go:40] Failed to load config from "c:\\Adistu\\dataconnect": could not find dataconnect.yaml in `c:\Adistu\dataconnect`
 {"metadata":{"emulator":{"name":"dataconnect"},"message":"E1007 19:20:31.744438    8676 watch.go:40] Failed to load config from \"c:\\\\Adistu\\\\dataconnect\": could not find dataconnect.yaml in `c:\\Adistu\\dataconnect`\n"}}
[debug] [2026-10-07T13:50:41.791Z] E1007 19:20:41.793106    8676 watch.go:40] Failed to load config from "c:\\Adistu\\dataconnect": could not find dataconnect.yaml in `c:\Adistu\dataconnect`
 {"metadata":{"emulator":{"name":"dataconnect"},"message":"E1007 19:20:41.793106    8676 watch.go:40] Failed to load config from \"c:\\\\Adistu\\\\dataconnect\": could not find dataconnect.yaml in `c:\\Adistu\\dataconnect`\n"}}
[debug] [2026-10-07T13:50:51.693Z] E1007 19:20:51.696168    8676 watch.go:40] Failed to load config from "c:\\Adistu\\dataconnect": could not find dataconnect.yaml in `c:\Adistu\dataconnect`
 {"metadata":{"emulator":{"name":"dataconnect"},"message":"E1007 19:20:51.696168    8676 watch.go:40] Failed to load config from \"c:\\\\Adistu\\\\dataconnect\": could not find dataconnect.yaml in `c:\\Adistu\\dataconnect`\n"}}
[debug] [2026-10-07T13:51:01.695Z] E1007 19:21:01.698109    8676 watch.go:40] Failed to load config from "c:\\Adistu\\dataconnect": could not find dataconnect.yaml in `c:\Adistu\dataconnect`
 {"metadata":{"emulator":{"name":"dataconnect"},"message":"E1007 19:21:01.698109    8676 watch.go:40] Failed to load config from \"c:\\\\Adistu\\\\dataconnect\": could not find dataconnect.yaml in `c:\\Adistu\\dataconnect`\n"}}
[debug] [2026-10-07T13:51:11.698Z] E1007 19:21:11.699939    8676 watch.go:40] Failed to load config from "c:\\Adistu\\dataconnect": could not find dataconnect.yaml in `c:\Adistu\dataconnect`
 {"metadata":{"emulator":{"name":"dataconnect"},"message":"E1007 19:21:11.699939    8676 watch.go:40] Failed to load config from \"c:\\\\Adistu\\\\dataconnect\": could not find dataconnect.yaml in `c:\\Adistu\\dataconnect`\n"}}
[debug] [2026-10-07T13:51:21.743Z] E1007 19:21:21.734674    8676 watch.go:116] watchAllDir unable to walk dir `c:\Adistu\dataconnect`: GetFileAttributesEx c:\Adistu\dataconnect: The system cannot find the file specified.
 {"metadata":{"emulator":{"name":"dataconnect"},"message":"E1007 19:21:21.734674    8676 watch.go:116] watchAllDir unable to walk dir `c:\\Adistu\\dataconnect`: GetFileAttributesEx c:\\Adistu\\dataconnect: The system cannot find the file specified.\n"}}
[debug] [2026-10-07T13:51:21.747Z] E1007 19:21:21.741173    8676 watch.go:40] Failed to load config from "c:\\Adistu\\dataconnect": could not find dataconnect.yaml in `c:\Adistu\dataconnect`
 {"metadata":{"emulator":{"name":"dataconnect"},"message":"E1007 19:21:21.741173    8676 watch.go:40] Failed to load config from \"c:\\\\Adistu\\\\dataconnect\": could not find dataconnect.yaml in `c:\\Adistu\\dataconnect`\n"}}
[debug] [2026-10-07T13:51:31.695Z] E1007 19:21:31.697934    8676 watch.go:40] Failed to load config from "c:\\Adistu\\dataconnect": could not find dataconnect.yaml in `c:\Adistu\dataconnect`
 {"metadata":{"emulator":{"name":"dataconnect"},"message":"E1007 19:21:31.697934    8676 watch.go:40] Failed to load config from \"c:\\\\Adistu\\\\dataconnect\": could not find dataconnect.yaml in `c:\\Adistu\\dataconnect`\n"}}
[debug] [2026-10-07T13:51:41.699Z] E1007 19:21:41.698106    8676 watch.go:40] Failed to load config from "c:\\Adistu\\dataconnect": could not find dataconnect.yaml in `c:\Adistu\dataconnect`
 {"metadata":{"emulator":{"name":"dataconnect"},"message":"E1007 19:21:41.698106    8676 watch.go:40] Failed to load config from \"c:\\\\Adistu\\\\dataconnect\": could not find dataconnect.yaml in `c:\\Adistu\\dataconnect`\n"}}
[debug] [2026-10-07T13:51:51.695Z] E1007 19:21:51.694410    8676 watch.go:40] Failed to load config from "c:\\Adistu\\dataconnect": could not find dataconnect.yaml in `c:\Adistu\dataconnect`
 {"metadata":{"emulator":{"name":"dataconnect"},"message":"E1007 19:21:51.694410    8676 watch.go:40] Failed to load config from \"c:\\\\Adistu\\\\dataconnect\": could not find dataconnect.yaml in `c:\\Adistu\\dataconnect`\n"}}
[debug] [2026-10-07T13:52:01.836Z] E1007 19:22:01.835930    8676 watch.go:40] Failed to load config from "c:\\Adistu\\dataconnect": could not find dataconnect.yaml in `c:\Adistu\dataconnect`
 {"metadata":{"emulator":{"name":"dataconnect"},"message":"E1007 19:22:01.835930    8676 watch.go:40] Failed to load config from \"c:\\\\Adistu\\\\dataconnect\": could not find dataconnect.yaml in `c:\\Adistu\\dataconnect`\n"}}
[debug] [2026-10-07T13:52:11.703Z] E1007 19:22:11.701138    8676 watch.go:40] Failed to load config from "c:\\Adistu\\dataconnect": could not find dataconnect.yaml in `c:\Adistu\dataconnect`
 {"metadata":{"emulator":{"name":"dataconnect"},"message":"E1007 19:22:11.701138    8676 watch.go:40] Failed to load config from \"c:\\\\Adistu\\\\dataconnect\": could not find dataconnect.yaml in `c:\\Adistu\\dataconnect`\n"}}
[debug] [2026-10-07T13:52:21.702Z] E1007 19:22:21.701814    8676 watch.go:116] watchAllDir unable to walk dir `c:\Adistu\dataconnect`: GetFileAttributesEx c:\Adistu\dataconnect: The system cannot find the file specified.
 {"metadata":{"emulator":{"name":"dataconnect"},"message":"E1007 19:22:21.701814    8676 watch.go:116] watchAllDir unable to walk dir `c:\\Adistu\\dataconnect`: GetFileAttributesEx c:\\Adistu\\dataconnect: The system cannot find the file specified.\n"}}
[debug] [2026-10-07T13:52:21.717Z] E1007 19:22:21.713987    8676 watch.go:40] Failed to load config from "c:\\Adistu\\dataconnect": could not find dataconnect.yaml in `c:\Adistu\dataconnect`
 {"metadata":{"emulator":{"name":"dataconnect"},"message":"E1007 19:22:21.713987    8676 watch.go:40] Failed to load config from \"c:\\\\Adistu\\\\dataconnect\": could not find dataconnect.yaml in `c:\\Adistu\\dataconnect`\n"}}
[debug] [2026-10-07T13:52:31.703Z] E1007 19:22:31.701389    8676 watch.go:40] Failed to load config from "c:\\Adistu\\dataconnect": could not find dataconnect.yaml in `c:\Adistu\dataconnect`
 {"metadata":{"emulator":{"name":"dataconnect"},"message":"E1007 19:22:31.701389    8676 watch.go:40] Failed to load config from \"c:\\\\Adistu\\\\dataconnect\": could not find dataconnect.yaml in `c:\\Adistu\\dataconnect`\n"}}
[debug] [2026-10-07T13:52:41.719Z] E1007 19:22:41.718698    8676 watch.go:40] Failed to load config from "c:\\Adistu\\dataconnect": could not find dataconnect.yaml in `c:\Adistu\dataconnect`
 {"metadata":{"emulator":{"name":"dataconnect"},"message":"E1007 19:22:41.718698    8676 watch.go:40] Failed to load config from \"c:\\\\Adistu\\\\dataconnect\": could not find dataconnect.yaml in `c:\\Adistu\\dataconnect`\n"}}
[debug] [2026-10-07T13:52:51.814Z] E1007 19:22:51.816680    8676 watch.go:40] Failed to load config from "c:\\Adistu\\dataconnect": could not find dataconnect.yaml in `c:\Adistu\dataconnect`
 {"metadata":{"emulator":{"name":"dataconnect"},"message":"E1007 19:22:51.816680    8676 watch.go:40] Failed to load config from \"c:\\\\Adistu\\\\dataconnect\": could not find dataconnect.yaml in `c:\\Adistu\\dataconnect`\n"}}
[debug] [2026-10-07T13:53:01.750Z] E1007 19:23:01.751293    8676 watch.go:40] Failed to load config from "c:\\Adistu\\dataconnect": could not find dataconnect.yaml in `c:\Adistu\dataconnect`
 {"metadata":{"emulator":{"name":"dataconnect"},"message":"E1007 19:23:01.751293    8676 watch.go:40] Failed to load config from \"c:\\\\Adistu\\\\dataconnect\": could not find dataconnect.yaml in `c:\\Adistu\\dataconnect`\n"}}
[debug] [2026-10-07T13:53:11.702Z] E1007 19:23:11.704045    8676 watch.go:40] Failed to load config from "c:\\Adistu\\dataconnect": could not find dataconnect.yaml in `c:\Adistu\dataconnect`
 {"metadata":{"emulator":{"name":"dataconnect"},"message":"E1007 19:23:11.704045    8676 watch.go:40] Failed to load config from \"c:\\\\Adistu\\\\dataconnect\": could not find dataconnect.yaml in `c:\\Adistu\\dataconnect`\n"}}
[debug] [2026-10-07T13:53:21.695Z] E1007 19:23:21.695579    8676 watch.go:116] watchAllDir unable to walk dir `c:\Adistu\dataconnect`: GetFileAttributesEx c:\Adistu\dataconnect: The system cannot find the file specified.
 {"metadata":{"emulator":{"name":"dataconnect"},"message":"E1007 19:23:21.695579    8676 watch.go:116] watchAllDir unable to walk dir `c:\\Adistu\\dataconnect`: GetFileAttributesEx c:\\Adistu\\dataconnect: The system cannot find the file specified.\n"}}
[debug] [2026-10-07T13:53:21.700Z] E1007 19:23:21.703054    8676 watch.go:40] Failed to load config from "c:\\Adistu\\dataconnect": could not find dataconnect.yaml in `c:\Adistu\dataconnect`
 {"metadata":{"emulator":{"name":"dataconnect"},"message":"E1007 19:23:21.703054    8676 watch.go:40] Failed to load config from \"c:\\\\Adistu\\\\dataconnect\": could not find dataconnect.yaml in `c:\\Adistu\\dataconnect`\n"}}
[debug] [2026-10-07T13:53:31.699Z] E1007 19:23:31.701632    8676 watch.go:40] Failed to load config from "c:\\Adistu\\dataconnect": could not find dataconnect.yaml in `c:\Adistu\dataconnect`
 {"metadata":{"emulator":{"name":"dataconnect"},"message":"E1007 19:23:31.701632    8676 watch.go:40] Failed to load config from \"c:\\\\Adistu\\\\dataconnect\": could not find dataconnect.yaml in `c:\\Adistu\\dataconnect`\n"}}
[debug] [2026-10-07T13:53:41.698Z] E1007 19:23:41.695681    8676 watch.go:40] Failed to load config from "c:\\Adistu\\dataconnect": could not find dataconnect.yaml in `c:\Adistu\dataconnect`
 {"metadata":{"emulator":{"name":"dataconnect"},"message":"E1007 19:23:41.695681    8676 watch.go:40] Failed to load config from \"c:\\\\Adistu\\\\dataconnect\": could not find dataconnect.yaml in `c:\\Adistu\\dataconnect`\n"}}
[debug] [2026-10-07T13:53:51.738Z] E1007 19:23:51.736013    8676 watch.go:40] Failed to load config from "c:\\Adistu\\dataconnect": could not find dataconnect.yaml in `c:\Adistu\dataconnect`
 {"metadata":{"emulator":{"name":"dataconnect"},"message":"E1007 19:23:51.736013    8676 watch.go:40] Failed to load config from \"c:\\\\Adistu\\\\dataconnect\": could not find dataconnect.yaml in `c:\\Adistu\\dataconnect`\n"}}
[debug] [2026-10-07T13:54:01.699Z] E1007 19:24:01.696823    8676 watch.go:40] Failed to load config from "c:\\Adistu\\dataconnect": could not find dataconnect.yaml in `c:\Adistu\dataconnect`
 {"metadata":{"emulator":{"name":"dataconnect"},"message":"E1007 19:24:01.696823    8676 watch.go:40] Failed to load config from \"c:\\\\Adistu\\\\dataconnect\": could not find dataconnect.yaml in `c:\\Adistu\\dataconnect`\n"}}
[debug] [2026-10-07T13:54:11.697Z] E1007 19:24:11.695489    8676 watch.go:40] Failed to load config from "c:\\Adistu\\dataconnect": could not find dataconnect.yaml in `c:\Adistu\dataconnect`
 {"metadata":{"emulator":{"name":"dataconnect"},"message":"E1007 19:24:11.695489    8676 watch.go:40] Failed to load config from \"c:\\\\Adistu\\\\dataconnect\": could not find dataconnect.yaml in `c:\\Adistu\\dataconnect`\n"}}
[debug] [2026-10-07T13:54:21.724Z] E1007 19:24:21.712373    8676 watch.go:116] watchAllDir unable to walk dir `c:\Adistu\dataconnect`: GetFileAttributesEx c:\Adistu\dataconnect: The system cannot find the file specified.
 {"metadata":{"emulator":{"name":"dataconnect"},"message":"E1007 19:24:21.712373    8676 watch.go:116] watchAllDir unable to walk dir `c:\\Adistu\\dataconnect`: GetFileAttributesEx c:\\Adistu\\dataconnect: The system cannot find the file specified.\n"}}
[debug] [2026-10-07T13:54:21.732Z] E1007 19:24:21.726475    8676 watch.go:40] Failed to load config from "c:\\Adistu\\dataconnect": could not find dataconnect.yaml in `c:\Adistu\dataconnect`
 {"metadata":{"emulator":{"name":"dataconnect"},"message":"E1007 19:24:21.726475    8676 watch.go:40] Failed to load config from \"c:\\\\Adistu\\\\dataconnect\": could not find dataconnect.yaml in `c:\\Adistu\\dataconnect`\n"}}
[debug] [2026-10-07T13:54:31.705Z] E1007 19:24:31.705880    8676 watch.go:40] Failed to load config from "c:\\Adistu\\dataconnect": could not find dataconnect.yaml in `c:\Adistu\dataconnect`
 {"metadata":{"emulator":{"name":"dataconnect"},"message":"E1007 19:24:31.705880    8676 watch.go:40] Failed to load config from \"c:\\\\Adistu\\\\dataconnect\": could not find dataconnect.yaml in `c:\\Adistu\\dataconnect`\n"}}
[debug] [2026-10-07T13:54:41.700Z] E1007 19:24:41.699059    8676 watch.go:40] Failed to load config from "c:\\Adistu\\dataconnect": could not find dataconnect.yaml in `c:\Adistu\dataconnect`
 {"metadata":{"emulator":{"name":"dataconnect"},"message":"E1007 19:24:41.699059    8676 watch.go:40] Failed to load config from \"c:\\\\Adistu\\\\dataconnect\": could not find dataconnect.yaml in `c:\\Adistu\\dataconnect`\n"}}
[debug] [2026-10-07T13:54:51.697Z] E1007 19:24:51.697373    8676 watch.go:40] Failed to load config from "c:\\Adistu\\dataconnect": could not find dataconnect.yaml in `c:\Adistu\dataconnect`
 {"metadata":{"emulator":{"name":"dataconnect"},"message":"E1007 19:24:51.697373    8676 watch.go:40] Failed to load config from \"c:\\\\Adistu\\\\dataconnect\": could not find dataconnect.yaml in `c:\\Adistu\\dataconnect`\n"}}
[debug] [2026-10-07T13:55:01.786Z] E1007 19:25:01.742418    8676 watch.go:40] Failed to load config from "c:\\Adistu\\dataconnect": could not find dataconnect.yaml in `c:\Adistu\dataconnect`
 {"metadata":{"emulator":{"name":"dataconnect"},"message":"E1007 19:25:01.742418    8676 watch.go:40] Failed to load config from \"c:\\\\Adistu\\\\dataconnect\": could not find dataconnect.yaml in `c:\\Adistu\\dataconnect`\n"}}
[debug] [2026-10-07T13:55:11.721Z] E1007 19:25:11.720454    8676 watch.go:40] Failed to load config from "c:\\Adistu\\dataconnect": could not find dataconnect.yaml in `c:\Adistu\dataconnect`
 {"metadata":{"emulator":{"name":"dataconnect"},"message":"E1007 19:25:11.720454    8676 watch.go:40] Failed to load config from \"c:\\\\Adistu\\\\dataconnect\": could not find dataconnect.yaml in `c:\\Adistu\\dataconnect`\n"}}
[debug] [2026-10-07T13:55:21.695Z] E1007 19:25:21.695095    8676 watch.go:116] watchAllDir unable to walk dir `c:\Adistu\dataconnect`: GetFileAttributesEx c:\Adistu\dataconnect: The system cannot find the file specified.
 {"metadata":{"emulator":{"name":"dataconnect"},"message":"E1007 19:25:21.695095    8676 watch.go:116] watchAllDir unable to walk dir `c:\\Adistu\\dataconnect`: GetFileAttributesEx c:\\Adistu\\dataconnect: The system cannot find the file specified.\n"}}
[debug] [2026-10-07T13:55:21.697Z] E1007 19:25:21.695095    8676 watch.go:40] Failed to load config from "c:\\Adistu\\dataconnect": could not find dataconnect.yaml in `c:\Adistu\dataconnect`
 {"metadata":{"emulator":{"name":"dataconnect"},"message":"E1007 19:25:21.695095    8676 watch.go:40] Failed to load config from \"c:\\\\Adistu\\\\dataconnect\": could not find dataconnect.yaml in `c:\\Adistu\\dataconnect`\n"}}
[debug] [2026-10-07T13:55:31.708Z] E1007 19:25:31.707747    8676 watch.go:40] Failed to load config from "c:\\Adistu\\dataconnect": could not find dataconnect.yaml in `c:\Adistu\dataconnect`
 {"metadata":{"emulator":{"name":"dataconnect"},"message":"E1007 19:25:31.707747    8676 watch.go:40] Failed to load config from \"c:\\\\Adistu\\\\dataconnect\": could not find dataconnect.yaml in `c:\\Adistu\\dataconnect`\n"}}
[debug] [2026-10-07T13:55:41.697Z] E1007 19:25:41.705557    8676 watch.go:40] Failed to load config from "c:\\Adistu\\dataconnect": could not find dataconnect.yaml in `c:\Adistu\dataconnect`
 {"metadata":{"emulator":{"name":"dataconnect"},"message":"E1007 19:25:41.705557    8676 watch.go:40] Failed to load config from \"c:\\\\Adistu\\\\dataconnect\": could not find dataconnect.yaml in `c:\\Adistu\\dataconnect`\n"}}
[debug] [2026-10-07T13:55:51.686Z] E1007 19:25:51.694410    8676 watch.go:40] Failed to load config from "c:\\Adistu\\dataconnect": could not find dataconnect.yaml in `c:\Adistu\dataconnect`
 {"metadata":{"emulator":{"name":"dataconnect"},"message":"E1007 19:25:51.694410    8676 watch.go:40] Failed to load config from \"c:\\\\Adistu\\\\dataconnect\": could not find dataconnect.yaml in `c:\\Adistu\\dataconnect`\n"}}
[debug] [2026-10-07T13:56:15.244Z] E1007 19:26:01.693973    8676 watch.go:40] Failed to load config from "c:\\Adistu\\dataconnect": could not find dataconnect.yaml in `c:\Adistu\dataconnect`
E1007 19:26:11.721028    8676 watch.go:40] Failed to load config from "c:\\Adistu\\dataconnect": could not find dataconnect.yaml in `c:\Adistu\dataconnect`
 {"metadata":{"emulator":{"name":"dataconnect"},"message":"E1007 19:26:01.693973    8676 watch.go:40] Failed to load config from \"c:\\\\Adistu\\\\dataconnect\": could not find dataconnect.yaml in `c:\\Adistu\\dataconnect`\nE1007 19:26:11.721028    8676 watch.go:40] Failed to load config from \"c:\\\\Adistu\\\\dataconnect\": could not find dataconnect.yaml in `c:\\Adistu\\dataconnect`\n"}}
[debug] [2026-10-07T13:56:59.940Z] E1007 19:26:21.693797    8676 watch.go:116] watchAllDir unable to walk dir `c:\Adistu\dataconnect`: GetFileAttributesEx c:\Adistu\dataconnect: The system cannot find the file specified.
E1007 19:26:21.693797    8676 watch.go:40] Failed to load config from "c:\\Adistu\\dataconnect": could not find dataconnect.yaml in `c:\Adistu\dataconnect`
E1007 19:26:31.719882    8676 watch.go:40] Failed to load config from "c:\\Adistu\\dataconnect": could not find dataconnect.yaml in `c:\Adistu\dataconnect`
E1007 19:26:41.700611    8676 watch.go:40] Failed to load config from "c:\\Adistu\\dataconnect": could not find dataconnect.yaml in `c:\Adistu\dataconnect`
E1007 19:26:51.698287    8676 watch.go:40] Failed to load config from "c:\\Adistu\\dataconnect": could not find dataconnect.yaml in `c:\Adistu\dataconnect`
 {"metadata":{"emulator":{"name":"dataconnect"},"message":"E1007 19:26:21.693797    8676 watch.go:116] watchAllDir unable to walk dir `c:\\Adistu\\dataconnect`: GetFileAttributesEx c:\\Adistu\\dataconnect: The system cannot find the file specified.\nE1007 19:26:21.693797    8676 watch.go:40] Failed to load config from \"c:\\\\Adistu\\\\dataconnect\": could not find dataconnect.yaml in `c:\\Adistu\\dataconnect`\nE1007 19:26:31.719882    8676 watch.go:40] Failed to load config from \"c:\\\\Adistu\\\\dataconnect\": could not find dataconnect.yaml in `c:\\Adistu\\dataconnect`\nE1007 19:26:41.700611    8676 watch.go:40] Failed to load config from \"c:\\\\Adistu\\\\dataconnect\": could not find dataconnect.yaml in `c:\\Adistu\\dataconnect`\nE1007 19:26:51.698287    8676 watch.go:40] Failed to load config from \"c:\\\\Adistu\\\\dataconnect\": could not find dataconnect.yaml in `c:\\Adistu\\dataconnect`\n"}}
[debug] [2026-10-07T13:57:02.090Z] E1007 19:27:01.721147    8676 watch.go:40] Failed to load config from "c:\\Adistu\\dataconnect": could not find dataconnect.yaml in `c:\Adistu\dataconnect`
 {"metadata":{"emulator":{"name":"dataconnect"},"message":"E1007 19:27:01.721147    8676 watch.go:40] Failed to load config from \"c:\\\\Adistu\\\\dataconnect\": could not find dataconnect.yaml in `c:\\Adistu\\dataconnect`\n"}}
[debug] [2026-10-07T13:57:11.689Z] E1007 19:27:11.694599    8676 watch.go:40] Failed to load config from "c:\\Adistu\\dataconnect": could not find dataconnect.yaml in `c:\Adistu\dataconnect`
 {"metadata":{"emulator":{"name":"dataconnect"},"message":"E1007 19:27:11.694599    8676 watch.go:40] Failed to load config from \"c:\\\\Adistu\\\\dataconnect\": could not find dataconnect.yaml in `c:\\Adistu\\dataconnect`\n"}}
[debug] [2026-10-07T13:57:21.696Z] E1007 19:27:21.700899    8676 watch.go:116] watchAllDir unable to walk dir `c:\Adistu\dataconnect`: GetFileAttributesEx c:\Adistu\dataconnect: The system cannot find the file specified.
 {"metadata":{"emulator":{"name":"dataconnect"},"message":"E1007 19:27:21.700899    8676 watch.go:116] watchAllDir unable to walk dir `c:\\Adistu\\dataconnect`: GetFileAttributesEx c:\\Adistu\\dataconnect: The system cannot find the file specified.\n"}}
[debug] [2026-10-07T13:57:21.699Z] E1007 19:27:21.700899    8676 watch.go:40] Failed to load config from "c:\\Adistu\\dataconnect": could not find dataconnect.yaml in `c:\Adistu\dataconnect`
 {"metadata":{"emulator":{"name":"dataconnect"},"message":"E1007 19:27:21.700899    8676 watch.go:40] Failed to load config from \"c:\\\\Adistu\\\\dataconnect\": could not find dataconnect.yaml in `c:\\Adistu\\dataconnect`\n"}}
[debug] [2026-10-07T13:57:31.690Z] E1007 19:27:31.695022    8676 watch.go:40] Failed to load config from "c:\\Adistu\\dataconnect": could not find dataconnect.yaml in `c:\Adistu\dataconnect`
 {"metadata":{"emulator":{"name":"dataconnect"},"message":"E1007 19:27:31.695022    8676 watch.go:40] Failed to load config from \"c:\\\\Adistu\\\\dataconnect\": could not find dataconnect.yaml in `c:\\Adistu\\dataconnect`\n"}}
[debug] [2026-10-07T13:57:41.698Z] E1007 19:27:41.703305    8676 watch.go:40] Failed to load config from "c:\\Adistu\\dataconnect": could not find dataconnect.yaml in `c:\Adistu\dataconnect`
 {"metadata":{"emulator":{"name":"dataconnect"},"message":"E1007 19:27:41.703305    8676 watch.go:40] Failed to load config from \"c:\\\\Adistu\\\\dataconnect\": could not find dataconnect.yaml in `c:\\Adistu\\dataconnect`\n"}}
[debug] [2026-10-07T13:57:51.698Z] E1007 19:27:51.700730    8676 watch.go:40] Failed to load config from "c:\\Adistu\\dataconnect": could not find dataconnect.yaml in `c:\Adistu\dataconnect`
 {"metadata":{"emulator":{"name":"dataconnect"},"message":"E1007 19:27:51.700730    8676 watch.go:40] Failed to load config from \"c:\\\\Adistu\\\\dataconnect\": could not find dataconnect.yaml in `c:\\Adistu\\dataconnect`\n"}}
[debug] [2026-10-07T13:58:01.705Z] E1007 19:28:01.708899    8676 watch.go:40] Failed to load config from "c:\\Adistu\\dataconnect": could not find dataconnect.yaml in `c:\Adistu\dataconnect`
 {"metadata":{"emulator":{"name":"dataconnect"},"message":"E1007 19:28:01.708899    8676 watch.go:40] Failed to load config from \"c:\\\\Adistu\\\\dataconnect\": could not find dataconnect.yaml in `c:\\Adistu\\dataconnect`\n"}}
[debug] [2026-10-07T13:58:11.690Z] E1007 19:28:11.693768    8676 watch.go:40] Failed to load config from "c:\\Adistu\\dataconnect": could not find dataconnect.yaml in `c:\Adistu\dataconnect`
 {"metadata":{"emulator":{"name":"dataconnect"},"message":"E1007 19:28:11.693768    8676 watch.go:40] Failed to load config from \"c:\\\\Adistu\\\\dataconnect\": could not find dataconnect.yaml in `c:\\Adistu\\dataconnect`\n"}}
[debug] [2026-10-07T13:58:21.690Z] E1007 19:28:21.694282    8676 watch.go:116] watchAllDir unable to walk dir `c:\Adistu\dataconnect`: GetFileAttributesEx c:\Adistu\dataconnect: The system cannot find the file specified.
 {"metadata":{"emulator":{"name":"dataconnect"},"message":"E1007 19:28:21.694282    8676 watch.go:116] watchAllDir unable to walk dir `c:\\Adistu\\dataconnect`: GetFileAttributesEx c:\\Adistu\\dataconnect: The system cannot find the file specified.\n"}}
[debug] [2026-10-07T13:58:21.692Z] E1007 19:28:21.695067    8676 watch.go:40] Failed to load config from "c:\\Adistu\\dataconnect": could not find dataconnect.yaml in `c:\Adistu\dataconnect`
 {"metadata":{"emulator":{"name":"dataconnect"},"message":"E1007 19:28:21.695067    8676 watch.go:40] Failed to load config from \"c:\\\\Adistu\\\\dataconnect\": could not find dataconnect.yaml in `c:\\Adistu\\dataconnect`\n"}}
[debug] [2026-10-07T13:58:31.826Z] E1007 19:28:31.823698    8676 watch.go:40] Failed to load config from "c:\\Adistu\\dataconnect": could not find dataconnect.yaml in `c:\Adistu\dataconnect`
 {"metadata":{"emulator":{"name":"dataconnect"},"message":"E1007 19:28:31.823698    8676 watch.go:40] Failed to load config from \"c:\\\\Adistu\\\\dataconnect\": could not find dataconnect.yaml in `c:\\Adistu\\dataconnect`\n"}}
[debug] [2026-10-07T13:59:49.511Z] E1007 19:28:41.900072    8676 watch.go:40] Failed to load config from "c:\\Adistu\\dataconnect": could not find dataconnect.yaml in `c:\Adistu\dataconnect`
E1007 19:28:51.824460    8676 watch.go:40] Failed to load config from "c:\\Adistu\\dataconnect": could not find dataconnect.yaml in `c:\Adistu\dataconnect`
E1007 19:29:01.779732    8676 watch.go:40] Failed to load config from "c:\\Adistu\\dataconnect": could not find dataconnect.yaml in `c:\Adistu\dataconnect`
E1007 19:29:12.217979    8676 watch.go:40] Failed to load config from "c:\\Adistu\\dataconnect": could not find dataconnect.yaml in `c:\Adistu\dataconnect`
E1007 19:29:21.850218    8676 watch.go:116] watchAllDir unable to walk dir `c:\Adistu\dataconnect`: GetFileAttributesEx c:\Adistu\dataconnect: The system cannot find the file specified.
E1007 19:29:21.956754    8676 watch.go:40] Failed to load config from "c:\\Adistu\\dataconnect": could not find dataconnect.yaml in `c:\Adistu\dataconnect`
E1007 19:29:32.414537    8676 watch.go:40] Failed to load config from "c:\\Adistu\\dataconnect": could not find dataconnect.yaml in `c:\Adistu\dataconnect`
E1007 19:29:41.709451    8676 watch.go:40] Failed to load config from "c:\\Adistu\\dataconnect": could not find dataconnect.yaml in `c:\Adistu\dataconnect`
 {"metadata":{"emulator":{"name":"dataconnect"},"message":"E1007 19:28:41.900072    8676 watch.go:40] Failed to load config from \"c:\\\\Adistu\\\\dataconnect\": could not find dataconnect.yaml in `c:\\Adistu\\dataconnect`\nE1007 19:28:51.824460    8676 watch.go:40] Failed to load config from \"c:\\\\Adistu\\\\dataconnect\": could not find dataconnect.yaml in `c:\\Adistu\\dataconnect`\nE1007 19:29:01.779732    8676 watch.go:40] Failed to load config from \"c:\\\\Adistu\\\\dataconnect\": could not find dataconnect.yaml in `c:\\Adistu\\dataconnect`\nE1007 19:29:12.217979    8676 watch.go:40] Failed to load config from \"c:\\\\Adistu\\\\dataconnect\": could not find dataconnect.yaml in `c:\\Adistu\\dataconnect`\nE1007 19:29:21.850218    8676 watch.go:116] watchAllDir unable to walk dir `c:\\Adistu\\dataconnect`: GetFileAttributesEx c:\\Adistu\\dataconnect: The system cannot find the file specified.\nE1007 19:29:21.956754    8676 watch.go:40] Failed to load config from \"c:\\\\Adistu\\\\dataconnect\": could not find dataconnect.yaml in `c:\\Adistu\\dataconnect`\nE1007 19:29:32.414537    8676 watch.go:40] Failed to load config from \"c:\\\\Adistu\\\\dataconnect\": could not find dataconnect.yaml in `c:\\Adistu\\dataconnect`\nE1007 19:29:41.709451    8676 watch.go:40] Failed to load config from \"c:\\\\Adistu\\\\dataconnect\": could not find dataconnect.yaml in `c:\\Adistu\\dataconnect`\n"}}
[debug] [2026-10-07T13:59:51.726Z] E1007 19:29:51.727083    8676 watch.go:40] Failed to load config from "c:\\Adistu\\dataconnect": could not find dataconnect.yaml in `c:\Adistu\dataconnect`
 {"metadata":{"emulator":{"name":"dataconnect"},"message":"E1007 19:29:51.727083    8676 watch.go:40] Failed to load config from \"c:\\\\Adistu\\\\dataconnect\": could not find dataconnect.yaml in `c:\\Adistu\\dataconnect`\n"}}
[debug] [2026-10-07T14:00:01.702Z] E1007 19:30:01.702701    8676 watch.go:40] Failed to load config from "c:\\Adistu\\dataconnect": could not find dataconnect.yaml in `c:\Adistu\dataconnect`
 {"metadata":{"emulator":{"name":"dataconnect"},"message":"E1007 19:30:01.702701    8676 watch.go:40] Failed to load config from \"c:\\\\Adistu\\\\dataconnect\": could not find dataconnect.yaml in `c:\\Adistu\\dataconnect`\n"}}
[debug] [2026-10-07T14:00:11.735Z] E1007 19:30:11.734694    8676 watch.go:40] Failed to load config from "c:\\Adistu\\dataconnect": could not find dataconnect.yaml in `c:\Adistu\dataconnect`
 {"metadata":{"emulator":{"name":"dataconnect"},"message":"E1007 19:30:11.734694    8676 watch.go:40] Failed to load config from \"c:\\\\Adistu\\\\dataconnect\": could not find dataconnect.yaml in `c:\\Adistu\\dataconnect`\n"}}
[debug] [2026-10-07T14:00:21.696Z] E1007 19:30:21.694594    8676 watch.go:40] Failed to load config from "c:\\Adistu\\dataconnect": could not find dataconnect.yaml in `c:\Adistu\dataconnect`
 {"metadata":{"emulator":{"name":"dataconnect"},"message":"E1007 19:30:21.694594    8676 watch.go:40] Failed to load config from \"c:\\\\Adistu\\\\dataconnect\": could not find dataconnect.yaml in `c:\\Adistu\\dataconnect`\n"}}
[debug] [2026-10-07T14:00:21.709Z] E1007 19:30:21.713851    8676 watch.go:116] watchAllDir unable to walk dir `c:\Adistu\dataconnect`: GetFileAttributesEx c:\Adistu\dataconnect: The system cannot find the file specified.
 {"metadata":{"emulator":{"name":"dataconnect"},"message":"E1007 19:30:21.713851    8676 watch.go:116] watchAllDir unable to walk dir `c:\\Adistu\\dataconnect`: GetFileAttributesEx c:\\Adistu\\dataconnect: The system cannot find the file specified.\n"}}
[debug] [2026-10-07T14:00:31.708Z] E1007 19:30:31.713167    8676 watch.go:40] Failed to load config from "c:\\Adistu\\dataconnect": could not find dataconnect.yaml in `c:\Adistu\dataconnect`
 {"metadata":{"emulator":{"name":"dataconnect"},"message":"E1007 19:30:31.713167    8676 watch.go:40] Failed to load config from \"c:\\\\Adistu\\\\dataconnect\": could not find dataconnect.yaml in `c:\\Adistu\\dataconnect`\n"}}
[debug] [2026-10-07T14:00:41.690Z] E1007 19:30:41.694876    8676 watch.go:40] Failed to load config from "c:\\Adistu\\dataconnect": could not find dataconnect.yaml in `c:\Adistu\dataconnect`
 {"metadata":{"emulator":{"name":"dataconnect"},"message":"E1007 19:30:41.694876    8676 watch.go:40] Failed to load config from \"c:\\\\Adistu\\\\dataconnect\": could not find dataconnect.yaml in `c:\\Adistu\\dataconnect`\n"}}
[debug] [2026-10-07T14:00:51.694Z] E1007 19:30:51.694052    8676 watch.go:40] Failed to load config from "c:\\Adistu\\dataconnect": could not find dataconnect.yaml in `c:\Adistu\dataconnect`
 {"metadata":{"emulator":{"name":"dataconnect"},"message":"E1007 19:30:51.694052    8676 watch.go:40] Failed to load config from \"c:\\\\Adistu\\\\dataconnect\": could not find dataconnect.yaml in `c:\\Adistu\\dataconnect`\n"}}
[debug] [2026-10-07T14:01:01.695Z] E1007 19:31:01.695395    8676 watch.go:40] Failed to load config from "c:\\Adistu\\dataconnect": could not find dataconnect.yaml in `c:\Adistu\dataconnect`
 {"metadata":{"emulator":{"name":"dataconnect"},"message":"E1007 19:31:01.695395    8676 watch.go:40] Failed to load config from \"c:\\\\Adistu\\\\dataconnect\": could not find dataconnect.yaml in `c:\\Adistu\\dataconnect`\n"}}
[debug] [2026-10-07T14:01:11.695Z] E1007 19:31:11.694647    8676 watch.go:40] Failed to load config from "c:\\Adistu\\dataconnect": could not find dataconnect.yaml in `c:\Adistu\dataconnect`
 {"metadata":{"emulator":{"name":"dataconnect"},"message":"E1007 19:31:11.694647    8676 watch.go:40] Failed to load config from \"c:\\\\Adistu\\\\dataconnect\": could not find dataconnect.yaml in `c:\\Adistu\\dataconnect`\n"}}
[debug] [2026-10-07T14:01:22.285Z] E1007 19:31:22.278307    8676 watch.go:40] Failed to load config from "c:\\Adistu\\dataconnect": could not find dataconnect.yaml in `c:\Adistu\dataconnect`
 {"metadata":{"emulator":{"name":"dataconnect"},"message":"E1007 19:31:22.278307    8676 watch.go:40] Failed to load config from \"c:\\\\Adistu\\\\dataconnect\": could not find dataconnect.yaml in `c:\\Adistu\\dataconnect`\n"}}
[debug] [2026-10-07T14:01:23.518Z] E1007 19:31:23.516889    8676 watch.go:116] watchAllDir unable to walk dir `c:\Adistu\dataconnect`: GetFileAttributesEx c:\Adistu\dataconnect: The system cannot find the file specified.
 {"metadata":{"emulator":{"name":"dataconnect"},"message":"E1007 19:31:23.516889    8676 watch.go:116] watchAllDir unable to walk dir `c:\\Adistu\\dataconnect`: GetFileAttributesEx c:\\Adistu\\dataconnect: The system cannot find the file specified.\n"}}
[debug] [2026-10-07T14:01:31.764Z] E1007 19:31:31.759446    8676 watch.go:40] Failed to load config from "c:\\Adistu\\dataconnect": could not find dataconnect.yaml in `c:\Adistu\dataconnect`
 {"metadata":{"emulator":{"name":"dataconnect"},"message":"E1007 19:31:31.759446    8676 watch.go:40] Failed to load config from \"c:\\\\Adistu\\\\dataconnect\": could not find dataconnect.yaml in `c:\\Adistu\\dataconnect`\n"}}
[debug] [2026-10-07T14:01:41.718Z] E1007 19:31:41.718412    8676 watch.go:40] Failed to load config from "c:\\Adistu\\dataconnect": could not find dataconnect.yaml in `c:\Adistu\dataconnect`
 {"metadata":{"emulator":{"name":"dataconnect"},"message":"E1007 19:31:41.718412    8676 watch.go:40] Failed to load config from \"c:\\\\Adistu\\\\dataconnect\": could not find dataconnect.yaml in `c:\\Adistu\\dataconnect`\n"}}
[debug] [2026-10-07T14:01:51.777Z] E1007 19:31:51.777838    8676 watch.go:40] Failed to load config from "c:\\Adistu\\dataconnect": could not find dataconnect.yaml in `c:\Adistu\dataconnect`
 {"metadata":{"emulator":{"name":"dataconnect"},"message":"E1007 19:31:51.777838    8676 watch.go:40] Failed to load config from \"c:\\\\Adistu\\\\dataconnect\": could not find dataconnect.yaml in `c:\\Adistu\\dataconnect`\n"}}
[debug] [2026-10-07T14:02:01.983Z] E1007 19:32:01.986859    8676 watch.go:40] Failed to load config from "c:\\Adistu\\dataconnect": could not find dataconnect.yaml in `c:\Adistu\dataconnect`
 {"metadata":{"emulator":{"name":"dataconnect"},"message":"E1007 19:32:01.986859    8676 watch.go:40] Failed to load config from \"c:\\\\Adistu\\\\dataconnect\": could not find dataconnect.yaml in `c:\\Adistu\\dataconnect`\n"}}
[debug] [2026-10-07T14:02:11.696Z] E1007 19:32:11.700060    8676 watch.go:40] Failed to load config from "c:\\Adistu\\dataconnect": could not find dataconnect.yaml in `c:\Adistu\dataconnect`
 {"metadata":{"emulator":{"name":"dataconnect"},"message":"E1007 19:32:11.700060    8676 watch.go:40] Failed to load config from \"c:\\\\Adistu\\\\dataconnect\": could not find dataconnect.yaml in `c:\\Adistu\\dataconnect`\n"}}
[debug] [2026-10-07T14:02:21.749Z] E1007 19:32:21.750522    8676 watch.go:116] watchAllDir unable to walk dir `c:\Adistu\dataconnect`: GetFileAttributesEx c:\Adistu\dataconnect: The system cannot find the file specified.
 {"metadata":{"emulator":{"name":"dataconnect"},"message":"E1007 19:32:21.750522    8676 watch.go:116] watchAllDir unable to walk dir `c:\\Adistu\\dataconnect`: GetFileAttributesEx c:\\Adistu\\dataconnect: The system cannot find the file specified.\n"}}
[debug] [2026-10-07T14:02:21.758Z] E1007 19:32:21.756545    8676 watch.go:40] Failed to load config from "c:\\Adistu\\dataconnect": could not find dataconnect.yaml in `c:\Adistu\dataconnect`
 {"metadata":{"emulator":{"name":"dataconnect"},"message":"E1007 19:32:21.756545    8676 watch.go:40] Failed to load config from \"c:\\\\Adistu\\\\dataconnect\": could not find dataconnect.yaml in `c:\\Adistu\\dataconnect`\n"}}
[debug] [2026-10-07T14:02:31.693Z] E1007 19:32:31.696795    8676 watch.go:40] Failed to load config from "c:\\Adistu\\dataconnect": could not find dataconnect.yaml in `c:\Adistu\dataconnect`
 {"metadata":{"emulator":{"name":"dataconnect"},"message":"E1007 19:32:31.696795    8676 watch.go:40] Failed to load config from \"c:\\\\Adistu\\\\dataconnect\": could not find dataconnect.yaml in `c:\\Adistu\\dataconnect`\n"}}
[debug] [2026-10-07T14:02:41.690Z] E1007 19:32:41.694342    8676 watch.go:40] Failed to load config from "c:\\Adistu\\dataconnect": could not find dataconnect.yaml in `c:\Adistu\dataconnect`
 {"metadata":{"emulator":{"name":"dataconnect"},"message":"E1007 19:32:41.694342    8676 watch.go:40] Failed to load config from \"c:\\\\Adistu\\\\dataconnect\": could not find dataconnect.yaml in `c:\\Adistu\\dataconnect`\n"}}
[debug] [2026-10-07T14:02:51.822Z] E1007 19:32:51.793464    8676 watch.go:40] Failed to load config from "c:\\Adistu\\dataconnect": could not find dataconnect.yaml in `c:\Adistu\dataconnect`
 {"metadata":{"emulator":{"name":"dataconnect"},"message":"E1007 19:32:51.793464    8676 watch.go:40] Failed to load config from \"c:\\\\Adistu\\\\dataconnect\": could not find dataconnect.yaml in `c:\\Adistu\\dataconnect`\n"}}
[debug] [2026-10-07T14:03:01.789Z] E1007 19:33:01.786839    8676 watch.go:40] Failed to load config from "c:\\Adistu\\dataconnect": could not find dataconnect.yaml in `c:\Adistu\dataconnect`
 {"metadata":{"emulator":{"name":"dataconnect"},"message":"E1007 19:33:01.786839    8676 watch.go:40] Failed to load config from \"c:\\\\Adistu\\\\dataconnect\": could not find dataconnect.yaml in `c:\\Adistu\\dataconnect`\n"}}
[debug] [2026-10-07T14:03:11.704Z] E1007 19:33:11.704212    8676 watch.go:40] Failed to load config from "c:\\Adistu\\dataconnect": could not find dataconnect.yaml in `c:\Adistu\dataconnect`
 {"metadata":{"emulator":{"name":"dataconnect"},"message":"E1007 19:33:11.704212    8676 watch.go:40] Failed to load config from \"c:\\\\Adistu\\\\dataconnect\": could not find dataconnect.yaml in `c:\\Adistu\\dataconnect`\n"}}
[debug] [2026-10-07T14:03:21.712Z] E1007 19:33:21.708689    8676 watch.go:116] watchAllDir unable to walk dir `c:\Adistu\dataconnect`: GetFileAttributesEx c:\Adistu\dataconnect: The system cannot find the file specified.
 {"metadata":{"emulator":{"name":"dataconnect"},"message":"E1007 19:33:21.708689    8676 watch.go:116] watchAllDir unable to walk dir `c:\\Adistu\\dataconnect`: GetFileAttributesEx c:\\Adistu\\dataconnect: The system cannot find the file specified.\n"}}
[debug] [2026-10-07T14:03:21.715Z] E1007 19:33:21.708689    8676 watch.go:40] Failed to load config from "c:\\Adistu\\dataconnect": could not find dataconnect.yaml in `c:\Adistu\dataconnect`
 {"metadata":{"emulator":{"name":"dataconnect"},"message":"E1007 19:33:21.708689    8676 watch.go:40] Failed to load config from \"c:\\\\Adistu\\\\dataconnect\": could not find dataconnect.yaml in `c:\\Adistu\\dataconnect`\n"}}
[debug] [2026-10-07T14:03:31.839Z] E1007 19:33:31.740016    8676 watch.go:40] Failed to load config from "c:\\Adistu\\dataconnect": could not find dataconnect.yaml in `c:\Adistu\dataconnect`
 {"metadata":{"emulator":{"name":"dataconnect"},"message":"E1007 19:33:31.740016    8676 watch.go:40] Failed to load config from \"c:\\\\Adistu\\\\dataconnect\": could not find dataconnect.yaml in `c:\\Adistu\\dataconnect`\n"}}
[debug] [2026-10-07T14:03:41.742Z] E1007 19:33:41.734014    8676 watch.go:40] Failed to load config from "c:\\Adistu\\dataconnect": could not find dataconnect.yaml in `c:\Adistu\dataconnect`
 {"metadata":{"emulator":{"name":"dataconnect"},"message":"E1007 19:33:41.734014    8676 watch.go:40] Failed to load config from \"c:\\\\Adistu\\\\dataconnect\": could not find dataconnect.yaml in `c:\\Adistu\\dataconnect`\n"}}
[debug] [2026-10-07T14:03:51.881Z] E1007 19:33:51.864686    8676 watch.go:40] Failed to load config from "c:\\Adistu\\dataconnect": could not find dataconnect.yaml in `c:\Adistu\dataconnect`
 {"metadata":{"emulator":{"name":"dataconnect"},"message":"E1007 19:33:51.864686    8676 watch.go:40] Failed to load config from \"c:\\\\Adistu\\\\dataconnect\": could not find dataconnect.yaml in `c:\\Adistu\\dataconnect`\n"}}
[debug] [2026-10-07T14:04:01.752Z] E1007 19:34:01.733172    8676 watch.go:40] Failed to load config from "c:\\Adistu\\dataconnect": could not find dataconnect.yaml in `c:\Adistu\dataconnect`
 {"metadata":{"emulator":{"name":"dataconnect"},"message":"E1007 19:34:01.733172    8676 watch.go:40] Failed to load config from \"c:\\\\Adistu\\\\dataconnect\": could not find dataconnect.yaml in `c:\\Adistu\\dataconnect`\n"}}
[debug] [2026-10-07T14:04:11.709Z] E1007 19:34:11.706575    8676 watch.go:40] Failed to load config from "c:\\Adistu\\dataconnect": could not find dataconnect.yaml in `c:\Adistu\dataconnect`
 {"metadata":{"emulator":{"name":"dataconnect"},"message":"E1007 19:34:11.706575    8676 watch.go:40] Failed to load config from \"c:\\\\Adistu\\\\dataconnect\": could not find dataconnect.yaml in `c:\\Adistu\\dataconnect`\n"}}
[debug] [2026-10-07T14:04:21.701Z] E1007 19:34:21.705099    8676 watch.go:40] Failed to load config from "c:\\Adistu\\dataconnect": could not find dataconnect.yaml in `c:\Adistu\dataconnect`
 {"metadata":{"emulator":{"name":"dataconnect"},"message":"E1007 19:34:21.705099    8676 watch.go:40] Failed to load config from \"c:\\\\Adistu\\\\dataconnect\": could not find dataconnect.yaml in `c:\\Adistu\\dataconnect`\n"}}
[debug] [2026-10-07T14:04:21.729Z] E1007 19:34:21.720786    8676 watch.go:116] watchAllDir unable to walk dir `c:\Adistu\dataconnect`: GetFileAttributesEx c:\Adistu\dataconnect: The system cannot find the file specified.
 {"metadata":{"emulator":{"name":"dataconnect"},"message":"E1007 19:34:21.720786    8676 watch.go:116] watchAllDir unable to walk dir `c:\\Adistu\\dataconnect`: GetFileAttributesEx c:\\Adistu\\dataconnect: The system cannot find the file specified.\n"}}
[debug] [2026-10-07T14:04:31.782Z] E1007 19:34:31.779549    8676 watch.go:40] Failed to load config from "c:\\Adistu\\dataconnect": could not find dataconnect.yaml in `c:\Adistu\dataconnect`
 {"metadata":{"emulator":{"name":"dataconnect"},"message":"E1007 19:34:31.779549    8676 watch.go:40] Failed to load config from \"c:\\\\Adistu\\\\dataconnect\": could not find dataconnect.yaml in `c:\\Adistu\\dataconnect`\n"}}
[debug] [2026-10-07T14:04:41.698Z] E1007 19:34:41.701695    8676 watch.go:40] Failed to load config from "c:\\Adistu\\dataconnect": could not find dataconnect.yaml in `c:\Adistu\dataconnect`
 {"metadata":{"emulator":{"name":"dataconnect"},"message":"E1007 19:34:41.701695    8676 watch.go:40] Failed to load config from \"c:\\\\Adistu\\\\dataconnect\": could not find dataconnect.yaml in `c:\\Adistu\\dataconnect`\n"}}
[debug] [2026-10-07T14:04:51.791Z] E1007 19:34:51.790892    8676 watch.go:40] Failed to load config from "c:\\Adistu\\dataconnect": could not find dataconnect.yaml in `c:\Adistu\dataconnect`
 {"metadata":{"emulator":{"name":"dataconnect"},"message":"E1007 19:34:51.790892    8676 watch.go:40] Failed to load config from \"c:\\\\Adistu\\\\dataconnect\": could not find dataconnect.yaml in `c:\\Adistu\\dataconnect`\n"}}
[debug] [2026-10-07T14:05:07.314Z] E1007 19:35:01.806012    8676 watch.go:40] Failed to load config from "c:\\Adistu\\dataconnect": could not find dataconnect.yaml in `c:\Adistu\dataconnect`
 {"metadata":{"emulator":{"name":"dataconnect"},"message":"E1007 19:35:01.806012    8676 watch.go:40] Failed to load config from \"c:\\\\Adistu\\\\dataconnect\": could not find dataconnect.yaml in `c:\\Adistu\\dataconnect`\n"}}
[debug] [2026-10-07T14:05:12.214Z] E1007 19:35:11.858437    8676 watch.go:40] Failed to load config from "c:\\Adistu\\dataconnect": could not find dataconnect.yaml in `c:\Adistu\dataconnect`
 {"metadata":{"emulator":{"name":"dataconnect"},"message":"E1007 19:35:11.858437    8676 watch.go:40] Failed to load config from \"c:\\\\Adistu\\\\dataconnect\": could not find dataconnect.yaml in `c:\\Adistu\\dataconnect`\n"}}
[debug] [2026-10-07T14:05:21.825Z] E1007 19:35:21.790999    8676 watch.go:40] Failed to load config from "c:\\Adistu\\dataconnect": could not find dataconnect.yaml in `c:\Adistu\dataconnect`
 {"metadata":{"emulator":{"name":"dataconnect"},"message":"E1007 19:35:21.790999    8676 watch.go:40] Failed to load config from \"c:\\\\Adistu\\\\dataconnect\": could not find dataconnect.yaml in `c:\\Adistu\\dataconnect`\n"}}
[debug] [2026-10-07T14:05:21.855Z] E1007 19:35:21.846628    8676 watch.go:116] watchAllDir unable to walk dir `c:\Adistu\dataconnect`: GetFileAttributesEx c:\Adistu\dataconnect: The system cannot find the file specified.
 {"metadata":{"emulator":{"name":"dataconnect"},"message":"E1007 19:35:21.846628    8676 watch.go:116] watchAllDir unable to walk dir `c:\\Adistu\\dataconnect`: GetFileAttributesEx c:\\Adistu\\dataconnect: The system cannot find the file specified.\n"}}
[debug] [2026-10-07T14:05:49.285Z] E1007 19:35:32.775016    8676 watch.go:40] Failed to load config from "c:\\Adistu\\dataconnect": could not find dataconnect.yaml in `c:\Adistu\dataconnect`
E1007 19:35:42.026980    8676 watch.go:40] Failed to load config from "c:\\Adistu\\dataconnect": could not find dataconnect.yaml in `c:\Adistu\dataconnect`
 {"metadata":{"emulator":{"name":"dataconnect"},"message":"E1007 19:35:32.775016    8676 watch.go:40] Failed to load config from \"c:\\\\Adistu\\\\dataconnect\": could not find dataconnect.yaml in `c:\\Adistu\\dataconnect`\nE1007 19:35:42.026980    8676 watch.go:40] Failed to load config from \"c:\\\\Adistu\\\\dataconnect\": could not find dataconnect.yaml in `c:\\Adistu\\dataconnect`\n"}}
[debug] [2026-10-07T14:06:05.789Z] E1007 19:35:51.822336    8676 watch.go:40] Failed to load config from "c:\\Adistu\\dataconnect": could not find dataconnect.yaml in `c:\Adistu\dataconnect`
E1007 19:36:01.815346    8676 watch.go:40] Failed to load config from "c:\\Adistu\\dataconnect": could not find dataconnect.yaml in `c:\Adistu\dataconnect`
 {"metadata":{"emulator":{"name":"dataconnect"},"message":"E1007 19:35:51.822336    8676 watch.go:40] Failed to load config from \"c:\\\\Adistu\\\\dataconnect\": could not find dataconnect.yaml in `c:\\Adistu\\dataconnect`\nE1007 19:36:01.815346    8676 watch.go:40] Failed to load config from \"c:\\\\Adistu\\\\dataconnect\": could not find dataconnect.yaml in `c:\\Adistu\\dataconnect`\n"}}
[debug] [2026-10-07T14:06:12.003Z] E1007 19:36:11.970409    8676 watch.go:40] Failed to load config from "c:\\Adistu\\dataconnect": could not find dataconnect.yaml in `c:\Adistu\dataconnect`
 {"metadata":{"emulator":{"name":"dataconnect"},"message":"E1007 19:36:11.970409    8676 watch.go:40] Failed to load config from \"c:\\\\Adistu\\\\dataconnect\": could not find dataconnect.yaml in `c:\\Adistu\\dataconnect`\n"}}
[debug] [2026-10-07T14:06:21.771Z] E1007 19:36:21.766369    8676 watch.go:116] watchAllDir unable to walk dir `c:\Adistu\dataconnect`: GetFileAttributesEx c:\Adistu\dataconnect: The system cannot find the file specified.
 {"metadata":{"emulator":{"name":"dataconnect"},"message":"E1007 19:36:21.766369    8676 watch.go:116] watchAllDir unable to walk dir `c:\\Adistu\\dataconnect`: GetFileAttributesEx c:\\Adistu\\dataconnect: The system cannot find the file specified.\n"}}
[debug] [2026-10-07T14:06:21.787Z] E1007 19:36:21.790625    8676 watch.go:40] Failed to load config from "c:\\Adistu\\dataconnect": could not find dataconnect.yaml in `c:\Adistu\dataconnect`
 {"metadata":{"emulator":{"name":"dataconnect"},"message":"E1007 19:36:21.790625    8676 watch.go:40] Failed to load config from \"c:\\\\Adistu\\\\dataconnect\": could not find dataconnect.yaml in `c:\\Adistu\\dataconnect`\n"}}
[debug] [2026-10-07T14:06:31.746Z] E1007 19:36:31.745956    8676 watch.go:40] Failed to load config from "c:\\Adistu\\dataconnect": could not find dataconnect.yaml in `c:\Adistu\dataconnect`
 {"metadata":{"emulator":{"name":"dataconnect"},"message":"E1007 19:36:31.745956    8676 watch.go:40] Failed to load config from \"c:\\\\Adistu\\\\dataconnect\": could not find dataconnect.yaml in `c:\\Adistu\\dataconnect`\n"}}
[debug] [2026-10-07T14:06:41.893Z] E1007 19:36:41.763915    8676 watch.go:40] Failed to load config from "c:\\Adistu\\dataconnect": could not find dataconnect.yaml in `c:\Adistu\dataconnect`
 {"metadata":{"emulator":{"name":"dataconnect"},"message":"E1007 19:36:41.763915    8676 watch.go:40] Failed to load config from \"c:\\\\Adistu\\\\dataconnect\": could not find dataconnect.yaml in `c:\\Adistu\\dataconnect`\n"}}
[debug] [2026-10-07T14:06:51.792Z] E1007 19:36:51.793860    8676 watch.go:40] Failed to load config from "c:\\Adistu\\dataconnect": could not find dataconnect.yaml in `c:\Adistu\dataconnect`
 {"metadata":{"emulator":{"name":"dataconnect"},"message":"E1007 19:36:51.793860    8676 watch.go:40] Failed to load config from \"c:\\\\Adistu\\\\dataconnect\": could not find dataconnect.yaml in `c:\\Adistu\\dataconnect`\n"}}
[debug] [2026-10-07T14:07:01.711Z] E1007 19:37:01.710694    8676 watch.go:40] Failed to load config from "c:\\Adistu\\dataconnect": could not find dataconnect.yaml in `c:\Adistu\dataconnect`
 {"metadata":{"emulator":{"name":"dataconnect"},"message":"E1007 19:37:01.710694    8676 watch.go:40] Failed to load config from \"c:\\\\Adistu\\\\dataconnect\": could not find dataconnect.yaml in `c:\\Adistu\\dataconnect`\n"}}
[debug] [2026-10-07T14:07:11.807Z] E1007 19:37:11.799168    8676 watch.go:40] Failed to load config from "c:\\Adistu\\dataconnect": could not find dataconnect.yaml in `c:\Adistu\dataconnect`
 {"metadata":{"emulator":{"name":"dataconnect"},"message":"E1007 19:37:11.799168    8676 watch.go:40] Failed to load config from \"c:\\\\Adistu\\\\dataconnect\": could not find dataconnect.yaml in `c:\\Adistu\\dataconnect`\n"}}
[debug] [2026-10-07T14:07:21.724Z] E1007 19:37:21.699557    8676 watch.go:116] watchAllDir unable to walk dir `c:\Adistu\dataconnect`: GetFileAttributesEx c:\Adistu\dataconnect: The system cannot find the file specified.
 {"metadata":{"emulator":{"name":"dataconnect"},"message":"E1007 19:37:21.699557    8676 watch.go:116] watchAllDir unable to walk dir `c:\\Adistu\\dataconnect`: GetFileAttributesEx c:\\Adistu\\dataconnect: The system cannot find the file specified.\n"}}
[debug] [2026-10-07T14:07:21.726Z] E1007 19:37:21.716321    8676 watch.go:40] Failed to load config from "c:\\Adistu\\dataconnect": could not find dataconnect.yaml in `c:\Adistu\dataconnect`
 {"metadata":{"emulator":{"name":"dataconnect"},"message":"E1007 19:37:21.716321    8676 watch.go:40] Failed to load config from \"c:\\\\Adistu\\\\dataconnect\": could not find dataconnect.yaml in `c:\\Adistu\\dataconnect`\n"}}
[debug] [2026-10-07T14:07:31.708Z] E1007 19:37:31.709538    8676 watch.go:40] Failed to load config from "c:\\Adistu\\dataconnect": could not find dataconnect.yaml in `c:\Adistu\dataconnect`
 {"metadata":{"emulator":{"name":"dataconnect"},"message":"E1007 19:37:31.709538    8676 watch.go:40] Failed to load config from \"c:\\\\Adistu\\\\dataconnect\": could not find dataconnect.yaml in `c:\\Adistu\\dataconnect`\n"}}
[debug] [2026-10-07T14:07:42.075Z] E1007 19:37:42.076297    8676 watch.go:40] Failed to load config from "c:\\Adistu\\dataconnect": could not find dataconnect.yaml in `c:\Adistu\dataconnect`
 {"metadata":{"emulator":{"name":"dataconnect"},"message":"E1007 19:37:42.076297    8676 watch.go:40] Failed to load config from \"c:\\\\Adistu\\\\dataconnect\": could not find dataconnect.yaml in `c:\\Adistu\\dataconnect`\n"}}
[debug] [2026-10-07T14:07:51.707Z] E1007 19:37:51.715481    8676 watch.go:40] Failed to load config from "c:\\Adistu\\dataconnect": could not find dataconnect.yaml in `c:\Adistu\dataconnect`
 {"metadata":{"emulator":{"name":"dataconnect"},"message":"E1007 19:37:51.715481    8676 watch.go:40] Failed to load config from \"c:\\\\Adistu\\\\dataconnect\": could not find dataconnect.yaml in `c:\\Adistu\\dataconnect`\n"}}
[debug] [2026-10-07T14:08:01.704Z] E1007 19:38:01.715726    8676 watch.go:40] Failed to load config from "c:\\Adistu\\dataconnect": could not find dataconnect.yaml in `c:\Adistu\dataconnect`
 {"metadata":{"emulator":{"name":"dataconnect"},"message":"E1007 19:38:01.715726    8676 watch.go:40] Failed to load config from \"c:\\\\Adistu\\\\dataconnect\": could not find dataconnect.yaml in `c:\\Adistu\\dataconnect`\n"}}
[debug] [2026-10-07T14:08:11.720Z] E1007 19:38:11.724771    8676 watch.go:40] Failed to load config from "c:\\Adistu\\dataconnect": could not find dataconnect.yaml in `c:\Adistu\dataconnect`
 {"metadata":{"emulator":{"name":"dataconnect"},"message":"E1007 19:38:11.724771    8676 watch.go:40] Failed to load config from \"c:\\\\Adistu\\\\dataconnect\": could not find dataconnect.yaml in `c:\\Adistu\\dataconnect`\n"}}
[debug] [2026-10-07T14:08:21.874Z] E1007 19:38:21.884351    8676 watch.go:116] watchAllDir unable to walk dir `c:\Adistu\dataconnect`: GetFileAttributesEx c:\Adistu\dataconnect: The system cannot find the file specified.
 {"metadata":{"emulator":{"name":"dataconnect"},"message":"E1007 19:38:21.884351    8676 watch.go:116] watchAllDir unable to walk dir `c:\\Adistu\\dataconnect`: GetFileAttributesEx c:\\Adistu\\dataconnect: The system cannot find the file specified.\n"}}
[debug] [2026-10-07T14:08:21.881Z] E1007 19:38:21.884351    8676 watch.go:40] Failed to load config from "c:\\Adistu\\dataconnect": could not find dataconnect.yaml in `c:\Adistu\dataconnect`
 {"metadata":{"emulator":{"name":"dataconnect"},"message":"E1007 19:38:21.884351    8676 watch.go:40] Failed to load config from \"c:\\\\Adistu\\\\dataconnect\": could not find dataconnect.yaml in `c:\\Adistu\\dataconnect`\n"}}
[debug] [2026-10-07T14:08:31.895Z] E1007 19:38:31.906901    8676 watch.go:40] Failed to load config from "c:\\Adistu\\dataconnect": could not find dataconnect.yaml in `c:\Adistu\dataconnect`
 {"metadata":{"emulator":{"name":"dataconnect"},"message":"E1007 19:38:31.906901    8676 watch.go:40] Failed to load config from \"c:\\\\Adistu\\\\dataconnect\": could not find dataconnect.yaml in `c:\\Adistu\\dataconnect`\n"}}
[debug] [2026-10-07T14:08:41.900Z] E1007 19:38:41.912974    8676 watch.go:40] Failed to load config from "c:\\Adistu\\dataconnect": could not find dataconnect.yaml in `c:\Adistu\dataconnect`
 {"metadata":{"emulator":{"name":"dataconnect"},"message":"E1007 19:38:41.912974    8676 watch.go:40] Failed to load config from \"c:\\\\Adistu\\\\dataconnect\": could not find dataconnect.yaml in `c:\\Adistu\\dataconnect`\n"}}
[debug] [2026-10-07T14:08:52.187Z] E1007 19:38:52.058557    8676 watch.go:40] Failed to load config from "c:\\Adistu\\dataconnect": could not find dataconnect.yaml in `c:\Adistu\dataconnect`
 {"metadata":{"emulator":{"name":"dataconnect"},"message":"E1007 19:38:52.058557    8676 watch.go:40] Failed to load config from \"c:\\\\Adistu\\\\dataconnect\": could not find dataconnect.yaml in `c:\\Adistu\\dataconnect`\n"}}
[debug] [2026-10-07T14:09:01.756Z] E1007 19:39:01.762328    8676 watch.go:40] Failed to load config from "c:\\Adistu\\dataconnect": could not find dataconnect.yaml in `c:\Adistu\dataconnect`
 {"metadata":{"emulator":{"name":"dataconnect"},"message":"E1007 19:39:01.762328    8676 watch.go:40] Failed to load config from \"c:\\\\Adistu\\\\dataconnect\": could not find dataconnect.yaml in `c:\\Adistu\\dataconnect`\n"}}
[debug] [2026-10-07T14:09:11.860Z] E1007 19:39:11.841461    8676 watch.go:40] Failed to load config from "c:\\Adistu\\dataconnect": could not find dataconnect.yaml in `c:\Adistu\dataconnect`
 {"metadata":{"emulator":{"name":"dataconnect"},"message":"E1007 19:39:11.841461    8676 watch.go:40] Failed to load config from \"c:\\\\Adistu\\\\dataconnect\": could not find dataconnect.yaml in `c:\\Adistu\\dataconnect`\n"}}
[debug] [2026-10-07T14:09:22.655Z] E1007 19:39:22.644923    8676 watch.go:40] Failed to load config from "c:\\Adistu\\dataconnect": could not find dataconnect.yaml in `c:\Adistu\dataconnect`
 {"metadata":{"emulator":{"name":"dataconnect"},"message":"E1007 19:39:22.644923    8676 watch.go:40] Failed to load config from \"c:\\\\Adistu\\\\dataconnect\": could not find dataconnect.yaml in `c:\\Adistu\\dataconnect`\n"}}
[debug] [2026-10-07T14:09:23.135Z] E1007 19:39:22.266837    8676 watch.go:116] watchAllDir unable to walk dir `c:\Adistu\dataconnect`: GetFileAttributesEx c:\Adistu\dataconnect: The system cannot find the file specified.
 {"metadata":{"emulator":{"name":"dataconnect"},"message":"E1007 19:39:22.266837    8676 watch.go:116] watchAllDir unable to walk dir `c:\\Adistu\\dataconnect`: GetFileAttributesEx c:\\Adistu\\dataconnect: The system cannot find the file specified.\n"}}
[debug] [2026-10-07T14:09:31.710Z] E1007 19:39:31.712802    8676 watch.go:40] Failed to load config from "c:\\Adistu\\dataconnect": could not find dataconnect.yaml in `c:\Adistu\dataconnect`
 {"metadata":{"emulator":{"name":"dataconnect"},"message":"E1007 19:39:31.712802    8676 watch.go:40] Failed to load config from \"c:\\\\Adistu\\\\dataconnect\": could not find dataconnect.yaml in `c:\\Adistu\\dataconnect`\n"}}
[debug] [2026-10-07T14:09:41.708Z] E1007 19:39:41.711711    8676 watch.go:40] Failed to load config from "c:\\Adistu\\dataconnect": could not find dataconnect.yaml in `c:\Adistu\dataconnect`
 {"metadata":{"emulator":{"name":"dataconnect"},"message":"E1007 19:39:41.711711    8676 watch.go:40] Failed to load config from \"c:\\\\Adistu\\\\dataconnect\": could not find dataconnect.yaml in `c:\\Adistu\\dataconnect`\n"}}
[debug] [2026-10-07T14:09:51.709Z] E1007 19:39:51.708941    8676 watch.go:40] Failed to load config from "c:\\Adistu\\dataconnect": could not find dataconnect.yaml in `c:\Adistu\dataconnect`
 {"metadata":{"emulator":{"name":"dataconnect"},"message":"E1007 19:39:51.708941    8676 watch.go:40] Failed to load config from \"c:\\\\Adistu\\\\dataconnect\": could not find dataconnect.yaml in `c:\\Adistu\\dataconnect`\n"}}
[debug] [2026-10-07T14:10:01.803Z] E1007 19:40:01.804595    8676 watch.go:40] Failed to load config from "c:\\Adistu\\dataconnect": could not find dataconnect.yaml in `c:\Adistu\dataconnect`
 {"metadata":{"emulator":{"name":"dataconnect"},"message":"E1007 19:40:01.804595    8676 watch.go:40] Failed to load config from \"c:\\\\Adistu\\\\dataconnect\": could not find dataconnect.yaml in `c:\\Adistu\\dataconnect`\n"}}
[debug] [2026-10-07T14:10:11.802Z] E1007 19:40:11.792709    8676 watch.go:40] Failed to load config from "c:\\Adistu\\dataconnect": could not find dataconnect.yaml in `c:\Adistu\dataconnect`
 {"metadata":{"emulator":{"name":"dataconnect"},"message":"E1007 19:40:11.792709    8676 watch.go:40] Failed to load config from \"c:\\\\Adistu\\\\dataconnect\": could not find dataconnect.yaml in `c:\\Adistu\\dataconnect`\n"}}
[debug] [2026-10-07T14:10:21.703Z] E1007 19:40:21.703050    8676 watch.go:116] watchAllDir unable to walk dir `c:\Adistu\dataconnect`: GetFileAttributesEx c:\Adistu\dataconnect: The system cannot find the file specified.
 {"metadata":{"emulator":{"name":"dataconnect"},"message":"E1007 19:40:21.703050    8676 watch.go:116] watchAllDir unable to walk dir `c:\\Adistu\\dataconnect`: GetFileAttributesEx c:\\Adistu\\dataconnect: The system cannot find the file specified.\n"}}
[debug] [2026-10-07T14:10:21.711Z] E1007 19:40:21.711050    8676 watch.go:40] Failed to load config from "c:\\Adistu\\dataconnect": could not find dataconnect.yaml in `c:\Adistu\dataconnect`
 {"metadata":{"emulator":{"name":"dataconnect"},"message":"E1007 19:40:21.711050    8676 watch.go:40] Failed to load config from \"c:\\\\Adistu\\\\dataconnect\": could not find dataconnect.yaml in `c:\\Adistu\\dataconnect`\n"}}
[debug] [2026-10-07T14:10:31.756Z] E1007 19:40:31.759554    8676 watch.go:40] Failed to load config from "c:\\Adistu\\dataconnect": could not find dataconnect.yaml in `c:\Adistu\dataconnect`
 {"metadata":{"emulator":{"name":"dataconnect"},"message":"E1007 19:40:31.759554    8676 watch.go:40] Failed to load config from \"c:\\\\Adistu\\\\dataconnect\": could not find dataconnect.yaml in `c:\\Adistu\\dataconnect`\n"}}
[debug] [2026-10-07T14:10:41.756Z] E1007 19:40:41.755057    8676 watch.go:40] Failed to load config from "c:\\Adistu\\dataconnect": could not find dataconnect.yaml in `c:\Adistu\dataconnect`
 {"metadata":{"emulator":{"name":"dataconnect"},"message":"E1007 19:40:41.755057    8676 watch.go:40] Failed to load config from \"c:\\\\Adistu\\\\dataconnect\": could not find dataconnect.yaml in `c:\\Adistu\\dataconnect`\n"}}
[debug] [2026-10-07T14:10:51.752Z] E1007 19:40:51.756511    8676 watch.go:40] Failed to load config from "c:\\Adistu\\dataconnect": could not find dataconnect.yaml in `c:\Adistu\dataconnect`
 {"metadata":{"emulator":{"name":"dataconnect"},"message":"E1007 19:40:51.756511    8676 watch.go:40] Failed to load config from \"c:\\\\Adistu\\\\dataconnect\": could not find dataconnect.yaml in `c:\\Adistu\\dataconnect`\n"}}
[debug] [2026-10-07T14:11:01.690Z] E1007 19:41:01.695283    8676 watch.go:40] Failed to load config from "c:\\Adistu\\dataconnect": could not find dataconnect.yaml in `c:\Adistu\dataconnect`
 {"metadata":{"emulator":{"name":"dataconnect"},"message":"E1007 19:41:01.695283    8676 watch.go:40] Failed to load config from \"c:\\\\Adistu\\\\dataconnect\": could not find dataconnect.yaml in `c:\\Adistu\\dataconnect`\n"}}
[debug] [2026-10-07T14:11:11.765Z] E1007 19:41:11.756366    8676 watch.go:40] Failed to load config from "c:\\Adistu\\dataconnect": could not find dataconnect.yaml in `c:\Adistu\dataconnect`
 {"metadata":{"emulator":{"name":"dataconnect"},"message":"E1007 19:41:11.756366    8676 watch.go:40] Failed to load config from \"c:\\\\Adistu\\\\dataconnect\": could not find dataconnect.yaml in `c:\\Adistu\\dataconnect`\n"}}
[debug] [2026-10-07T14:11:21.697Z] E1007 19:41:21.700620    8676 watch.go:116] watchAllDir unable to walk dir `c:\Adistu\dataconnect`: GetFileAttributesEx c:\Adistu\dataconnect: The system cannot find the file specified.
 {"metadata":{"emulator":{"name":"dataconnect"},"message":"E1007 19:41:21.700620    8676 watch.go:116] watchAllDir unable to walk dir `c:\\Adistu\\dataconnect`: GetFileAttributesEx c:\\Adistu\\dataconnect: The system cannot find the file specified.\n"}}
[debug] [2026-10-07T14:11:21.705Z] E1007 19:41:21.708038    8676 watch.go:40] Failed to load config from "c:\\Adistu\\dataconnect": could not find dataconnect.yaml in `c:\Adistu\dataconnect`
 {"metadata":{"emulator":{"name":"dataconnect"},"message":"E1007 19:41:21.708038    8676 watch.go:40] Failed to load config from \"c:\\\\Adistu\\\\dataconnect\": could not find dataconnect.yaml in `c:\\Adistu\\dataconnect`\n"}}
[debug] [2026-10-07T14:11:31.703Z] E1007 19:41:31.706734    8676 watch.go:40] Failed to load config from "c:\\Adistu\\dataconnect": could not find dataconnect.yaml in `c:\Adistu\dataconnect`
 {"metadata":{"emulator":{"name":"dataconnect"},"message":"E1007 19:41:31.706734    8676 watch.go:40] Failed to load config from \"c:\\\\Adistu\\\\dataconnect\": could not find dataconnect.yaml in `c:\\Adistu\\dataconnect`\n"}}
[debug] [2026-10-07T14:11:41.798Z] E1007 19:41:41.798442    8676 watch.go:40] Failed to load config from "c:\\Adistu\\dataconnect": could not find dataconnect.yaml in `c:\Adistu\dataconnect`
 {"metadata":{"emulator":{"name":"dataconnect"},"message":"E1007 19:41:41.798442    8676 watch.go:40] Failed to load config from \"c:\\\\Adistu\\\\dataconnect\": could not find dataconnect.yaml in `c:\\Adistu\\dataconnect`\n"}}
[debug] [2026-10-07T14:11:51.770Z] E1007 19:41:51.768451    8676 watch.go:40] Failed to load config from "c:\\Adistu\\dataconnect": could not find dataconnect.yaml in `c:\Adistu\dataconnect`
 {"metadata":{"emulator":{"name":"dataconnect"},"message":"E1007 19:41:51.768451    8676 watch.go:40] Failed to load config from \"c:\\\\Adistu\\\\dataconnect\": could not find dataconnect.yaml in `c:\\Adistu\\dataconnect`\n"}}
[debug] [2026-10-07T14:12:02.044Z] E1007 19:42:01.885710    8676 watch.go:40] Failed to load config from "c:\\Adistu\\dataconnect": could not find dataconnect.yaml in `c:\Adistu\dataconnect`
 {"metadata":{"emulator":{"name":"dataconnect"},"message":"E1007 19:42:01.885710    8676 watch.go:40] Failed to load config from \"c:\\\\Adistu\\\\dataconnect\": could not find dataconnect.yaml in `c:\\Adistu\\dataconnect`\n"}}
[debug] [2026-10-07T14:12:11.698Z] E1007 19:42:11.697959    8676 watch.go:40] Failed to load config from "c:\\Adistu\\dataconnect": could not find dataconnect.yaml in `c:\Adistu\dataconnect`
 {"metadata":{"emulator":{"name":"dataconnect"},"message":"E1007 19:42:11.697959    8676 watch.go:40] Failed to load config from \"c:\\\\Adistu\\\\dataconnect\": could not find dataconnect.yaml in `c:\\Adistu\\dataconnect`\n"}}
[debug] [2026-10-07T14:12:21.698Z] E1007 19:42:21.697557    8676 watch.go:116] watchAllDir unable to walk dir `c:\Adistu\dataconnect`: GetFileAttributesEx c:\Adistu\dataconnect: The system cannot find the file specified.
 {"metadata":{"emulator":{"name":"dataconnect"},"message":"E1007 19:42:21.697557    8676 watch.go:116] watchAllDir unable to walk dir `c:\\Adistu\\dataconnect`: GetFileAttributesEx c:\\Adistu\\dataconnect: The system cannot find the file specified.\n"}}
[debug] [2026-10-07T14:12:21.709Z] E1007 19:42:21.697557    8676 watch.go:40] Failed to load config from "c:\\Adistu\\dataconnect": could not find dataconnect.yaml in `c:\Adistu\dataconnect`
 {"metadata":{"emulator":{"name":"dataconnect"},"message":"E1007 19:42:21.697557    8676 watch.go:40] Failed to load config from \"c:\\\\Adistu\\\\dataconnect\": could not find dataconnect.yaml in `c:\\Adistu\\dataconnect`\n"}}
[debug] [2026-10-07T14:12:31.701Z] E1007 19:42:31.700866    8676 watch.go:40] Failed to load config from "c:\\Adistu\\dataconnect": could not find dataconnect.yaml in `c:\Adistu\dataconnect`
 {"metadata":{"emulator":{"name":"dataconnect"},"message":"E1007 19:42:31.700866    8676 watch.go:40] Failed to load config from \"c:\\\\Adistu\\\\dataconnect\": could not find dataconnect.yaml in `c:\\Adistu\\dataconnect`\n"}}
[debug] [2026-10-07T14:12:41.697Z] E1007 19:42:41.695528    8676 watch.go:40] Failed to load config from "c:\\Adistu\\dataconnect": could not find dataconnect.yaml in `c:\Adistu\dataconnect`
 {"metadata":{"emulator":{"name":"dataconnect"},"message":"E1007 19:42:41.695528    8676 watch.go:40] Failed to load config from \"c:\\\\Adistu\\\\dataconnect\": could not find dataconnect.yaml in `c:\\Adistu\\dataconnect`\n"}}
[debug] [2026-10-07T14:12:51.702Z] E1007 19:42:51.702228    8676 watch.go:40] Failed to load config from "c:\\Adistu\\dataconnect": could not find dataconnect.yaml in `c:\Adistu\dataconnect`
 {"metadata":{"emulator":{"name":"dataconnect"},"message":"E1007 19:42:51.702228    8676 watch.go:40] Failed to load config from \"c:\\\\Adistu\\\\dataconnect\": could not find dataconnect.yaml in `c:\\Adistu\\dataconnect`\n"}}
[debug] [2026-10-07T14:13:01.695Z] E1007 19:43:01.695773    8676 watch.go:40] Failed to load config from "c:\\Adistu\\dataconnect": could not find dataconnect.yaml in `c:\Adistu\dataconnect`
 {"metadata":{"emulator":{"name":"dataconnect"},"message":"E1007 19:43:01.695773    8676 watch.go:40] Failed to load config from \"c:\\\\Adistu\\\\dataconnect\": could not find dataconnect.yaml in `c:\\Adistu\\dataconnect`\n"}}
[debug] [2026-10-07T14:13:11.695Z] E1007 19:43:11.695198    8676 watch.go:40] Failed to load config from "c:\\Adistu\\dataconnect": could not find dataconnect.yaml in `c:\Adistu\dataconnect`
 {"metadata":{"emulator":{"name":"dataconnect"},"message":"E1007 19:43:11.695198    8676 watch.go:40] Failed to load config from \"c:\\\\Adistu\\\\dataconnect\": could not find dataconnect.yaml in `c:\\Adistu\\dataconnect`\n"}}
[debug] [2026-10-07T14:13:21.695Z] E1007 19:43:21.695732    8676 watch.go:40] Failed to load config from "c:\\Adistu\\dataconnect": could not find dataconnect.yaml in `c:\Adistu\dataconnect`
 {"metadata":{"emulator":{"name":"dataconnect"},"message":"E1007 19:43:21.695732    8676 watch.go:40] Failed to load config from \"c:\\\\Adistu\\\\dataconnect\": could not find dataconnect.yaml in `c:\\Adistu\\dataconnect`\n"}}
[debug] [2026-10-07T14:13:21.702Z] E1007 19:43:21.695120    8676 watch.go:116] watchAllDir unable to walk dir `c:\Adistu\dataconnect`: GetFileAttributesEx c:\Adistu\dataconnect: The system cannot find the file specified.
 {"metadata":{"emulator":{"name":"dataconnect"},"message":"E1007 19:43:21.695120    8676 watch.go:116] watchAllDir unable to walk dir `c:\\Adistu\\dataconnect`: GetFileAttributesEx c:\\Adistu\\dataconnect: The system cannot find the file specified.\n"}}
[debug] [2026-10-07T14:13:31.702Z] E1007 19:43:31.701737    8676 watch.go:40] Failed to load config from "c:\\Adistu\\dataconnect": could not find dataconnect.yaml in `c:\Adistu\dataconnect`
 {"metadata":{"emulator":{"name":"dataconnect"},"message":"E1007 19:43:31.701737    8676 watch.go:40] Failed to load config from \"c:\\\\Adistu\\\\dataconnect\": could not find dataconnect.yaml in `c:\\Adistu\\dataconnect`\n"}}
[debug] [2026-10-07T14:13:41.695Z] E1007 19:43:41.695132    8676 watch.go:40] Failed to load config from "c:\\Adistu\\dataconnect": could not find dataconnect.yaml in `c:\Adistu\dataconnect`
 {"metadata":{"emulator":{"name":"dataconnect"},"message":"E1007 19:43:41.695132    8676 watch.go:40] Failed to load config from \"c:\\\\Adistu\\\\dataconnect\": could not find dataconnect.yaml in `c:\\Adistu\\dataconnect`\n"}}
[debug] [2026-10-07T14:13:51.704Z] E1007 19:43:51.704601    8676 watch.go:40] Failed to load config from "c:\\Adistu\\dataconnect": could not find dataconnect.yaml in `c:\Adistu\dataconnect`
 {"metadata":{"emulator":{"name":"dataconnect"},"message":"E1007 19:43:51.704601    8676 watch.go:40] Failed to load config from \"c:\\\\Adistu\\\\dataconnect\": could not find dataconnect.yaml in `c:\\Adistu\\dataconnect`\n"}}
[debug] [2026-10-07T14:14:02.012Z] E1007 19:44:01.695174    8676 watch.go:40] Failed to load config from "c:\\Adistu\\dataconnect": could not find dataconnect.yaml in `c:\Adistu\dataconnect`
 {"metadata":{"emulator":{"name":"dataconnect"},"message":"E1007 19:44:01.695174    8676 watch.go:40] Failed to load config from \"c:\\\\Adistu\\\\dataconnect\": could not find dataconnect.yaml in `c:\\Adistu\\dataconnect`\n"}}
[debug] [2026-10-07T14:14:11.696Z] E1007 19:44:11.695188    8676 watch.go:40] Failed to load config from "c:\\Adistu\\dataconnect": could not find dataconnect.yaml in `c:\Adistu\dataconnect`
 {"metadata":{"emulator":{"name":"dataconnect"},"message":"E1007 19:44:11.695188    8676 watch.go:40] Failed to load config from \"c:\\\\Adistu\\\\dataconnect\": could not find dataconnect.yaml in `c:\\Adistu\\dataconnect`\n"}}
[debug] [2026-10-07T14:14:21.694Z] E1007 19:44:21.694396    8676 watch.go:116] watchAllDir unable to walk dir `c:\Adistu\dataconnect`: GetFileAttributesEx c:\Adistu\dataconnect: The system cannot find the file specified.
 {"metadata":{"emulator":{"name":"dataconnect"},"message":"E1007 19:44:21.694396    8676 watch.go:116] watchAllDir unable to walk dir `c:\\Adistu\\dataconnect`: GetFileAttributesEx c:\\Adistu\\dataconnect: The system cannot find the file specified.\n"}}
[debug] [2026-10-07T14:14:21.696Z] E1007 19:44:21.694960    8676 watch.go:40] Failed to load config from "c:\\Adistu\\dataconnect": could not find dataconnect.yaml in `c:\Adistu\dataconnect`
 {"metadata":{"emulator":{"name":"dataconnect"},"message":"E1007 19:44:21.694960    8676 watch.go:40] Failed to load config from \"c:\\\\Adistu\\\\dataconnect\": could not find dataconnect.yaml in `c:\\Adistu\\dataconnect`\n"}}
[debug] [2026-10-07T14:14:31.702Z] E1007 19:44:31.702227    8676 watch.go:40] Failed to load config from "c:\\Adistu\\dataconnect": could not find dataconnect.yaml in `c:\Adistu\dataconnect`
 {"metadata":{"emulator":{"name":"dataconnect"},"message":"E1007 19:44:31.702227    8676 watch.go:40] Failed to load config from \"c:\\\\Adistu\\\\dataconnect\": could not find dataconnect.yaml in `c:\\Adistu\\dataconnect`\n"}}
[debug] [2026-10-07T14:14:41.703Z] E1007 19:44:41.702035    8676 watch.go:40] Failed to load config from "c:\\Adistu\\dataconnect": could not find dataconnect.yaml in `c:\Adistu\dataconnect`
 {"metadata":{"emulator":{"name":"dataconnect"},"message":"E1007 19:44:41.702035    8676 watch.go:40] Failed to load config from \"c:\\\\Adistu\\\\dataconnect\": could not find dataconnect.yaml in `c:\\Adistu\\dataconnect`\n"}}
[debug] [2026-10-07T14:14:51.685Z] E1007 19:44:51.696221    8676 watch.go:40] Failed to load config from "c:\\Adistu\\dataconnect": could not find dataconnect.yaml in `c:\Adistu\dataconnect`
 {"metadata":{"emulator":{"name":"dataconnect"},"message":"E1007 19:44:51.696221    8676 watch.go:40] Failed to load config from \"c:\\\\Adistu\\\\dataconnect\": could not find dataconnect.yaml in `c:\\Adistu\\dataconnect`\n"}}
[debug] [2026-10-07T14:15:01.686Z] E1007 19:45:01.697934    8676 watch.go:40] Failed to load config from "c:\\Adistu\\dataconnect": could not find dataconnect.yaml in `c:\Adistu\dataconnect`
 {"metadata":{"emulator":{"name":"dataconnect"},"message":"E1007 19:45:01.697934    8676 watch.go:40] Failed to load config from \"c:\\\\Adistu\\\\dataconnect\": could not find dataconnect.yaml in `c:\\Adistu\\dataconnect`\n"}}
[debug] [2026-10-07T14:15:11.688Z] E1007 19:45:11.700250    8676 watch.go:40] Failed to load config from "c:\\Adistu\\dataconnect": could not find dataconnect.yaml in `c:\Adistu\dataconnect`
 {"metadata":{"emulator":{"name":"dataconnect"},"message":"E1007 19:45:11.700250    8676 watch.go:40] Failed to load config from \"c:\\\\Adistu\\\\dataconnect\": could not find dataconnect.yaml in `c:\\Adistu\\dataconnect`\n"}}
[debug] [2026-10-07T14:15:21.692Z] E1007 19:45:21.695378    8676 watch.go:116] watchAllDir unable to walk dir `c:\Adistu\dataconnect`: GetFileAttributesEx c:\Adistu\dataconnect: The system cannot find the file specified.
 {"metadata":{"emulator":{"name":"dataconnect"},"message":"E1007 19:45:21.695378    8676 watch.go:116] watchAllDir unable to walk dir `c:\\Adistu\\dataconnect`: GetFileAttributesEx c:\\Adistu\\dataconnect: The system cannot find the file specified.\n"}}
[debug] [2026-10-07T14:15:21.694Z] E1007 19:45:21.704391    8676 watch.go:40] Failed to load config from "c:\\Adistu\\dataconnect": could not find dataconnect.yaml in `c:\Adistu\dataconnect`
 {"metadata":{"emulator":{"name":"dataconnect"},"message":"E1007 19:45:21.704391    8676 watch.go:40] Failed to load config from \"c:\\\\Adistu\\\\dataconnect\": could not find dataconnect.yaml in `c:\\Adistu\\dataconnect`\n"}}
[debug] [2026-10-07T14:15:31.687Z] E1007 19:45:31.698229    8676 watch.go:40] Failed to load config from "c:\\Adistu\\dataconnect": could not find dataconnect.yaml in `c:\Adistu\dataconnect`
 {"metadata":{"emulator":{"name":"dataconnect"},"message":"E1007 19:45:31.698229    8676 watch.go:40] Failed to load config from \"c:\\\\Adistu\\\\dataconnect\": could not find dataconnect.yaml in `c:\\Adistu\\dataconnect`\n"}}
[debug] [2026-10-07T14:15:41.690Z] E1007 19:45:41.702064    8676 watch.go:40] Failed to load config from "c:\\Adistu\\dataconnect": could not find dataconnect.yaml in `c:\Adistu\dataconnect`
 {"metadata":{"emulator":{"name":"dataconnect"},"message":"E1007 19:45:41.702064    8676 watch.go:40] Failed to load config from \"c:\\\\Adistu\\\\dataconnect\": could not find dataconnect.yaml in `c:\\Adistu\\dataconnect`\n"}}
[debug] [2026-10-07T14:15:51.696Z] E1007 19:45:51.699859    8676 watch.go:40] Failed to load config from "c:\\Adistu\\dataconnect": could not find dataconnect.yaml in `c:\Adistu\dataconnect`
 {"metadata":{"emulator":{"name":"dataconnect"},"message":"E1007 19:45:51.699859    8676 watch.go:40] Failed to load config from \"c:\\\\Adistu\\\\dataconnect\": could not find dataconnect.yaml in `c:\\Adistu\\dataconnect`\n"}}
[debug] [2026-10-07T14:16:01.698Z] E1007 19:46:01.702208    8676 watch.go:40] Failed to load config from "c:\\Adistu\\dataconnect": could not find dataconnect.yaml in `c:\Adistu\dataconnect`
 {"metadata":{"emulator":{"name":"dataconnect"},"message":"E1007 19:46:01.702208    8676 watch.go:40] Failed to load config from \"c:\\\\Adistu\\\\dataconnect\": could not find dataconnect.yaml in `c:\\Adistu\\dataconnect`\n"}}
[debug] [2026-10-07T14:16:11.697Z] E1007 19:46:11.700053    8676 watch.go:40] Failed to load config from "c:\\Adistu\\dataconnect": could not find dataconnect.yaml in `c:\Adistu\dataconnect`
 {"metadata":{"emulator":{"name":"dataconnect"},"message":"E1007 19:46:11.700053    8676 watch.go:40] Failed to load config from \"c:\\\\Adistu\\\\dataconnect\": could not find dataconnect.yaml in `c:\\Adistu\\dataconnect`\n"}}
[debug] [2026-10-07T14:16:21.696Z] E1007 19:46:21.699536    8676 watch.go:116] watchAllDir unable to walk dir `c:\Adistu\dataconnect`: GetFileAttributesEx c:\Adistu\dataconnect: The system cannot find the file specified.
 {"metadata":{"emulator":{"name":"dataconnect"},"message":"E1007 19:46:21.699536    8676 watch.go:116] watchAllDir unable to walk dir `c:\\Adistu\\dataconnect`: GetFileAttributesEx c:\\Adistu\\dataconnect: The system cannot find the file specified.\n"}}
[debug] [2026-10-07T14:16:21.701Z] E1007 19:46:21.699536    8676 watch.go:40] Failed to load config from "c:\\Adistu\\dataconnect": could not find dataconnect.yaml in `c:\Adistu\dataconnect`
 {"metadata":{"emulator":{"name":"dataconnect"},"message":"E1007 19:46:21.699536    8676 watch.go:40] Failed to load config from \"c:\\\\Adistu\\\\dataconnect\": could not find dataconnect.yaml in `c:\\Adistu\\dataconnect`\n"}}
[debug] [2026-10-07T14:16:31.701Z] E1007 19:46:31.704696    8676 watch.go:40] Failed to load config from "c:\\Adistu\\dataconnect": could not find dataconnect.yaml in `c:\Adistu\dataconnect`
 {"metadata":{"emulator":{"name":"dataconnect"},"message":"E1007 19:46:31.704696    8676 watch.go:40] Failed to load config from \"c:\\\\Adistu\\\\dataconnect\": could not find dataconnect.yaml in `c:\\Adistu\\dataconnect`\n"}}
[debug] [2026-10-07T14:16:41.697Z] E1007 19:46:41.700045    8676 watch.go:40] Failed to load config from "c:\\Adistu\\dataconnect": could not find dataconnect.yaml in `c:\Adistu\dataconnect`
 {"metadata":{"emulator":{"name":"dataconnect"},"message":"E1007 19:46:41.700045    8676 watch.go:40] Failed to load config from \"c:\\\\Adistu\\\\dataconnect\": could not find dataconnect.yaml in `c:\\Adistu\\dataconnect`\n"}}
[debug] [2026-10-07T14:16:51.704Z] E1007 19:46:51.701155    8676 watch.go:40] Failed to load config from "c:\\Adistu\\dataconnect": could not find dataconnect.yaml in `c:\Adistu\dataconnect`
 {"metadata":{"emulator":{"name":"dataconnect"},"message":"E1007 19:46:51.701155    8676 watch.go:40] Failed to load config from \"c:\\\\Adistu\\\\dataconnect\": could not find dataconnect.yaml in `c:\\Adistu\\dataconnect`\n"}}
[debug] [2026-10-07T14:17:01.696Z] E1007 19:47:01.696926    8676 watch.go:40] Failed to load config from "c:\\Adistu\\dataconnect": could not find dataconnect.yaml in `c:\Adistu\dataconnect`
 {"metadata":{"emulator":{"name":"dataconnect"},"message":"E1007 19:47:01.696926    8676 watch.go:40] Failed to load config from \"c:\\\\Adistu\\\\dataconnect\": could not find dataconnect.yaml in `c:\\Adistu\\dataconnect`\n"}}
[debug] [2026-10-07T14:17:11.710Z] E1007 19:47:11.703664    8676 watch.go:40] Failed to load config from "c:\\Adistu\\dataconnect": could not find dataconnect.yaml in `c:\Adistu\dataconnect`
 {"metadata":{"emulator":{"name":"dataconnect"},"message":"E1007 19:47:11.703664    8676 watch.go:40] Failed to load config from \"c:\\\\Adistu\\\\dataconnect\": could not find dataconnect.yaml in `c:\\Adistu\\dataconnect`\n"}}
[debug] [2026-10-07T14:17:21.697Z] E1007 19:47:21.697384    8676 watch.go:116] watchAllDir unable to walk dir `c:\Adistu\dataconnect`: GetFileAttributesEx c:\Adistu\dataconnect: The system cannot find the file specified.
 {"metadata":{"emulator":{"name":"dataconnect"},"message":"E1007 19:47:21.697384    8676 watch.go:116] watchAllDir unable to walk dir `c:\\Adistu\\dataconnect`: GetFileAttributesEx c:\\Adistu\\dataconnect: The system cannot find the file specified.\n"}}
[debug] [2026-10-07T14:17:21.704Z] E1007 19:47:21.697901    8676 watch.go:40] Failed to load config from "c:\\Adistu\\dataconnect": could not find dataconnect.yaml in `c:\Adistu\dataconnect`
 {"metadata":{"emulator":{"name":"dataconnect"},"message":"E1007 19:47:21.697901    8676 watch.go:40] Failed to load config from \"c:\\\\Adistu\\\\dataconnect\": could not find dataconnect.yaml in `c:\\Adistu\\dataconnect`\n"}}
[debug] [2026-10-07T14:17:31.704Z] E1007 19:47:31.700744    8676 watch.go:40] Failed to load config from "c:\\Adistu\\dataconnect": could not find dataconnect.yaml in `c:\Adistu\dataconnect`
 {"metadata":{"emulator":{"name":"dataconnect"},"message":"E1007 19:47:31.700744    8676 watch.go:40] Failed to load config from \"c:\\\\Adistu\\\\dataconnect\": could not find dataconnect.yaml in `c:\\Adistu\\dataconnect`\n"}}
[debug] [2026-10-07T14:17:41.711Z] E1007 19:47:41.711083    8676 watch.go:40] Failed to load config from "c:\\Adistu\\dataconnect": could not find dataconnect.yaml in `c:\Adistu\dataconnect`
 {"metadata":{"emulator":{"name":"dataconnect"},"message":"E1007 19:47:41.711083    8676 watch.go:40] Failed to load config from \"c:\\\\Adistu\\\\dataconnect\": could not find dataconnect.yaml in `c:\\Adistu\\dataconnect`\n"}}
[debug] [2026-10-07T14:17:51.736Z] E1007 19:47:51.737981    8676 watch.go:40] Failed to load config from "c:\\Adistu\\dataconnect": could not find dataconnect.yaml in `c:\Adistu\dataconnect`
 {"metadata":{"emulator":{"name":"dataconnect"},"message":"E1007 19:47:51.737981    8676 watch.go:40] Failed to load config from \"c:\\\\Adistu\\\\dataconnect\": could not find dataconnect.yaml in `c:\\Adistu\\dataconnect`\n"}}
[debug] [2026-10-07T14:18:01.691Z] E1007 19:48:01.697119    8676 watch.go:40] Failed to load config from "c:\\Adistu\\dataconnect": could not find dataconnect.yaml in `c:\Adistu\dataconnect`
 {"metadata":{"emulator":{"name":"dataconnect"},"message":"E1007 19:48:01.697119    8676 watch.go:40] Failed to load config from \"c:\\\\Adistu\\\\dataconnect\": could not find dataconnect.yaml in `c:\\Adistu\\dataconnect`\n"}}
[debug] [2026-10-07T14:18:11.692Z] E1007 19:48:11.697769    8676 watch.go:40] Failed to load config from "c:\\Adistu\\dataconnect": could not find dataconnect.yaml in `c:\Adistu\dataconnect`
 {"metadata":{"emulator":{"name":"dataconnect"},"message":"E1007 19:48:11.697769    8676 watch.go:40] Failed to load config from \"c:\\\\Adistu\\\\dataconnect\": could not find dataconnect.yaml in `c:\\Adistu\\dataconnect`\n"}}
[debug] [2026-10-07T14:18:21.692Z] E1007 19:48:21.698907    8676 watch.go:116] watchAllDir unable to walk dir `c:\Adistu\dataconnect`: GetFileAttributesEx c:\Adistu\dataconnect: The system cannot find the file specified.
 {"metadata":{"emulator":{"name":"dataconnect"},"message":"E1007 19:48:21.698907    8676 watch.go:116] watchAllDir unable to walk dir `c:\\Adistu\\dataconnect`: GetFileAttributesEx c:\\Adistu\\dataconnect: The system cannot find the file specified.\n"}}
[debug] [2026-10-07T14:18:21.699Z] E1007 19:48:21.699463    8676 watch.go:40] Failed to load config from "c:\\Adistu\\dataconnect": could not find dataconnect.yaml in `c:\Adistu\dataconnect`
 {"metadata":{"emulator":{"name":"dataconnect"},"message":"E1007 19:48:21.699463    8676 watch.go:40] Failed to load config from \"c:\\\\Adistu\\\\dataconnect\": could not find dataconnect.yaml in `c:\\Adistu\\dataconnect`\n"}}
[debug] [2026-10-07T14:18:31.718Z] E1007 19:48:31.724459    8676 watch.go:40] Failed to load config from "c:\\Adistu\\dataconnect": could not find dataconnect.yaml in `c:\Adistu\dataconnect`
 {"metadata":{"emulator":{"name":"dataconnect"},"message":"E1007 19:48:31.724459    8676 watch.go:40] Failed to load config from \"c:\\\\Adistu\\\\dataconnect\": could not find dataconnect.yaml in `c:\\Adistu\\dataconnect`\n"}}
[debug] [2026-10-07T14:18:41.715Z] E1007 19:48:41.716319    8676 watch.go:40] Failed to load config from "c:\\Adistu\\dataconnect": could not find dataconnect.yaml in `c:\Adistu\dataconnect`
 {"metadata":{"emulator":{"name":"dataconnect"},"message":"E1007 19:48:41.716319    8676 watch.go:40] Failed to load config from \"c:\\\\Adistu\\\\dataconnect\": could not find dataconnect.yaml in `c:\\Adistu\\dataconnect`\n"}}
[debug] [2026-10-07T14:18:51.695Z] E1007 19:48:51.694457    8676 watch.go:40] Failed to load config from "c:\\Adistu\\dataconnect": could not find dataconnect.yaml in `c:\Adistu\dataconnect`
 {"metadata":{"emulator":{"name":"dataconnect"},"message":"E1007 19:48:51.694457    8676 watch.go:40] Failed to load config from \"c:\\\\Adistu\\\\dataconnect\": could not find dataconnect.yaml in `c:\\Adistu\\dataconnect`\n"}}
[debug] [2026-10-07T14:19:01.695Z] E1007 19:49:01.695173    8676 watch.go:40] Failed to load config from "c:\\Adistu\\dataconnect": could not find dataconnect.yaml in `c:\Adistu\dataconnect`
 {"metadata":{"emulator":{"name":"dataconnect"},"message":"E1007 19:49:01.695173    8676 watch.go:40] Failed to load config from \"c:\\\\Adistu\\\\dataconnect\": could not find dataconnect.yaml in `c:\\Adistu\\dataconnect`\n"}}
[debug] [2026-10-07T14:19:11.698Z] E1007 19:49:11.697846    8676 watch.go:40] Failed to load config from "c:\\Adistu\\dataconnect": could not find dataconnect.yaml in `c:\Adistu\dataconnect`
 {"metadata":{"emulator":{"name":"dataconnect"},"message":"E1007 19:49:11.697846    8676 watch.go:40] Failed to load config from \"c:\\\\Adistu\\\\dataconnect\": could not find dataconnect.yaml in `c:\\Adistu\\dataconnect`\n"}}
[debug] [2026-10-07T14:19:21.707Z] E1007 19:49:21.704716    8676 watch.go:116] watchAllDir unable to walk dir `c:\Adistu\dataconnect`: GetFileAttributesEx c:\Adistu\dataconnect: The system cannot find the file specified.
 {"metadata":{"emulator":{"name":"dataconnect"},"message":"E1007 19:49:21.704716    8676 watch.go:116] watchAllDir unable to walk dir `c:\\Adistu\\dataconnect`: GetFileAttributesEx c:\\Adistu\\dataconnect: The system cannot find the file specified.\n"}}
[debug] [2026-10-07T14:19:21.714Z] E1007 19:49:21.711939    8676 watch.go:40] Failed to load config from "c:\\Adistu\\dataconnect": could not find dataconnect.yaml in `c:\Adistu\dataconnect`
 {"metadata":{"emulator":{"name":"dataconnect"},"message":"E1007 19:49:21.711939    8676 watch.go:40] Failed to load config from \"c:\\\\Adistu\\\\dataconnect\": could not find dataconnect.yaml in `c:\\Adistu\\dataconnect`\n"}}
[debug] [2026-10-07T14:19:31.698Z] E1007 19:49:31.697585    8676 watch.go:40] Failed to load config from "c:\\Adistu\\dataconnect": could not find dataconnect.yaml in `c:\Adistu\dataconnect`
 {"metadata":{"emulator":{"name":"dataconnect"},"message":"E1007 19:49:31.697585    8676 watch.go:40] Failed to load config from \"c:\\\\Adistu\\\\dataconnect\": could not find dataconnect.yaml in `c:\\Adistu\\dataconnect`\n"}}
[debug] [2026-10-07T14:19:41.711Z] E1007 19:49:41.707613    8676 watch.go:40] Failed to load config from "c:\\Adistu\\dataconnect": could not find dataconnect.yaml in `c:\Adistu\dataconnect`
 {"metadata":{"emulator":{"name":"dataconnect"},"message":"E1007 19:49:41.707613    8676 watch.go:40] Failed to load config from \"c:\\\\Adistu\\\\dataconnect\": could not find dataconnect.yaml in `c:\\Adistu\\dataconnect`\n"}}
[debug] [2026-10-07T14:19:51.695Z] E1007 19:49:51.694998    8676 watch.go:40] Failed to load config from "c:\\Adistu\\dataconnect": could not find dataconnect.yaml in `c:\Adistu\dataconnect`
 {"metadata":{"emulator":{"name":"dataconnect"},"message":"E1007 19:49:51.694998    8676 watch.go:40] Failed to load config from \"c:\\\\Adistu\\\\dataconnect\": could not find dataconnect.yaml in `c:\\Adistu\\dataconnect`\n"}}
[debug] [2026-10-07T14:20:01.694Z] E1007 19:50:01.693872    8676 watch.go:40] Failed to load config from "c:\\Adistu\\dataconnect": could not find dataconnect.yaml in `c:\Adistu\dataconnect`
 {"metadata":{"emulator":{"name":"dataconnect"},"message":"E1007 19:50:01.693872    8676 watch.go:40] Failed to load config from \"c:\\\\Adistu\\\\dataconnect\": could not find dataconnect.yaml in `c:\\Adistu\\dataconnect`\n"}}
[debug] [2026-10-07T14:20:12.030Z] E1007 19:50:11.816507    8676 watch.go:40] Failed to load config from "c:\\Adistu\\dataconnect": could not find dataconnect.yaml in `c:\Adistu\dataconnect`
 {"metadata":{"emulator":{"name":"dataconnect"},"message":"E1007 19:50:11.816507    8676 watch.go:40] Failed to load config from \"c:\\\\Adistu\\\\dataconnect\": could not find dataconnect.yaml in `c:\\Adistu\\dataconnect`\n"}}
[debug] [2026-10-07T14:20:21.700Z] E1007 19:50:21.699769    8676 watch.go:116] watchAllDir unable to walk dir `c:\Adistu\dataconnect`: GetFileAttributesEx c:\Adistu\dataconnect: The system cannot find the file specified.
 {"metadata":{"emulator":{"name":"dataconnect"},"message":"E1007 19:50:21.699769    8676 watch.go:116] watchAllDir unable to walk dir `c:\\Adistu\\dataconnect`: GetFileAttributesEx c:\\Adistu\\dataconnect: The system cannot find the file specified.\n"}}
[debug] [2026-10-07T14:20:21.709Z] E1007 19:50:21.699769    8676 watch.go:40] Failed to load config from "c:\\Adistu\\dataconnect": could not find dataconnect.yaml in `c:\Adistu\dataconnect`
 {"metadata":{"emulator":{"name":"dataconnect"},"message":"E1007 19:50:21.699769    8676 watch.go:40] Failed to load config from \"c:\\\\Adistu\\\\dataconnect\": could not find dataconnect.yaml in `c:\\Adistu\\dataconnect`\n"}}
[debug] [2026-10-07T14:20:31.963Z] E1007 19:50:31.962946    8676 watch.go:40] Failed to load config from "c:\\Adistu\\dataconnect": could not find dataconnect.yaml in `c:\Adistu\dataconnect`
 {"metadata":{"emulator":{"name":"dataconnect"},"message":"E1007 19:50:31.962946    8676 watch.go:40] Failed to load config from \"c:\\\\Adistu\\\\dataconnect\": could not find dataconnect.yaml in `c:\\Adistu\\dataconnect`\n"}}
[debug] [2026-10-07T14:20:41.700Z] E1007 19:50:41.696946    8676 watch.go:40] Failed to load config from "c:\\Adistu\\dataconnect": could not find dataconnect.yaml in `c:\Adistu\dataconnect`
 {"metadata":{"emulator":{"name":"dataconnect"},"message":"E1007 19:50:41.696946    8676 watch.go:40] Failed to load config from \"c:\\\\Adistu\\\\dataconnect\": could not find dataconnect.yaml in `c:\\Adistu\\dataconnect`\n"}}
[debug] [2026-10-07T14:20:51.698Z] E1007 19:50:51.697221    8676 watch.go:40] Failed to load config from "c:\\Adistu\\dataconnect": could not find dataconnect.yaml in `c:\Adistu\dataconnect`
 {"metadata":{"emulator":{"name":"dataconnect"},"message":"E1007 19:50:51.697221    8676 watch.go:40] Failed to load config from \"c:\\\\Adistu\\\\dataconnect\": could not find dataconnect.yaml in `c:\\Adistu\\dataconnect`\n"}}
[debug] [2026-10-07T14:21:01.698Z] E1007 19:51:01.698745    8676 watch.go:40] Failed to load config from "c:\\Adistu\\dataconnect": could not find dataconnect.yaml in `c:\Adistu\dataconnect`
 {"metadata":{"emulator":{"name":"dataconnect"},"message":"E1007 19:51:01.698745    8676 watch.go:40] Failed to load config from \"c:\\\\Adistu\\\\dataconnect\": could not find dataconnect.yaml in `c:\\Adistu\\dataconnect`\n"}}
[debug] [2026-10-07T14:21:11.696Z] E1007 19:51:11.695944    8676 watch.go:40] Failed to load config from "c:\\Adistu\\dataconnect": could not find dataconnect.yaml in `c:\Adistu\dataconnect`
 {"metadata":{"emulator":{"name":"dataconnect"},"message":"E1007 19:51:11.695944    8676 watch.go:40] Failed to load config from \"c:\\\\Adistu\\\\dataconnect\": could not find dataconnect.yaml in `c:\\Adistu\\dataconnect`\n"}}
[debug] [2026-10-07T14:21:21.704Z] E1007 19:51:21.704082    8676 watch.go:116] watchAllDir unable to walk dir `c:\Adistu\dataconnect`: GetFileAttributesEx c:\Adistu\dataconnect: The system cannot find the file specified.
 {"metadata":{"emulator":{"name":"dataconnect"},"message":"E1007 19:51:21.704082    8676 watch.go:116] watchAllDir unable to walk dir `c:\\Adistu\\dataconnect`: GetFileAttributesEx c:\\Adistu\\dataconnect: The system cannot find the file specified.\n"}}
[debug] [2026-10-07T14:21:21.714Z] E1007 19:51:21.711144    8676 watch.go:40] Failed to load config from "c:\\Adistu\\dataconnect": could not find dataconnect.yaml in `c:\Adistu\dataconnect`
 {"metadata":{"emulator":{"name":"dataconnect"},"message":"E1007 19:51:21.711144    8676 watch.go:40] Failed to load config from \"c:\\\\Adistu\\\\dataconnect\": could not find dataconnect.yaml in `c:\\Adistu\\dataconnect`\n"}}
[debug] [2026-10-07T14:21:31.712Z] E1007 19:51:31.693985    8676 watch.go:40] Failed to load config from "c:\\Adistu\\dataconnect": could not find dataconnect.yaml in `c:\Adistu\dataconnect`
 {"metadata":{"emulator":{"name":"dataconnect"},"message":"E1007 19:51:31.693985    8676 watch.go:40] Failed to load config from \"c:\\\\Adistu\\\\dataconnect\": could not find dataconnect.yaml in `c:\\Adistu\\dataconnect`\n"}}
[debug] [2026-10-07T14:21:41.704Z] E1007 19:51:41.698334    8676 watch.go:40] Failed to load config from "c:\\Adistu\\dataconnect": could not find dataconnect.yaml in `c:\Adistu\dataconnect`
 {"metadata":{"emulator":{"name":"dataconnect"},"message":"E1007 19:51:41.698334    8676 watch.go:40] Failed to load config from \"c:\\\\Adistu\\\\dataconnect\": could not find dataconnect.yaml in `c:\\Adistu\\dataconnect`\n"}}
[debug] [2026-10-07T14:21:51.699Z] E1007 19:51:51.700517    8676 watch.go:40] Failed to load config from "c:\\Adistu\\dataconnect": could not find dataconnect.yaml in `c:\Adistu\dataconnect`
 {"metadata":{"emulator":{"name":"dataconnect"},"message":"E1007 19:51:51.700517    8676 watch.go:40] Failed to load config from \"c:\\\\Adistu\\\\dataconnect\": could not find dataconnect.yaml in `c:\\Adistu\\dataconnect`\n"}}
[debug] [2026-10-07T14:22:01.717Z] E1007 19:52:01.718466    8676 watch.go:40] Failed to load config from "c:\\Adistu\\dataconnect": could not find dataconnect.yaml in `c:\Adistu\dataconnect`
 {"metadata":{"emulator":{"name":"dataconnect"},"message":"E1007 19:52:01.718466    8676 watch.go:40] Failed to load config from \"c:\\\\Adistu\\\\dataconnect\": could not find dataconnect.yaml in `c:\\Adistu\\dataconnect`\n"}}
[debug] [2026-10-07T14:22:11.782Z] E1007 19:52:11.784309    8676 watch.go:40] Failed to load config from "c:\\Adistu\\dataconnect": could not find dataconnect.yaml in `c:\Adistu\dataconnect`
 {"metadata":{"emulator":{"name":"dataconnect"},"message":"E1007 19:52:11.784309    8676 watch.go:40] Failed to load config from \"c:\\\\Adistu\\\\dataconnect\": could not find dataconnect.yaml in `c:\\Adistu\\dataconnect`\n"}}
[debug] [2026-10-07T14:22:22.968Z] E1007 19:52:22.965950    8676 watch.go:116] watchAllDir unable to walk dir `c:\Adistu\dataconnect`: GetFileAttributesEx c:\Adistu\dataconnect: The system cannot find the file specified.
E1007 19:52:22.965950    8676 watch.go:40] Failed to load config from "c:\\Adistu\\dataconnect": could not find dataconnect.yaml in `c:\Adistu\dataconnect`
 {"metadata":{"emulator":{"name":"dataconnect"},"message":"E1007 19:52:22.965950    8676 watch.go:116] watchAllDir unable to walk dir `c:\\Adistu\\dataconnect`: GetFileAttributesEx c:\\Adistu\\dataconnect: The system cannot find the file specified.\nE1007 19:52:22.965950    8676 watch.go:40] Failed to load config from \"c:\\\\Adistu\\\\dataconnect\": could not find dataconnect.yaml in `c:\\Adistu\\dataconnect`\n"}}
[debug] [2026-10-07T14:22:31.802Z] E1007 19:52:31.805918    8676 watch.go:40] Failed to load config from "c:\\Adistu\\dataconnect": could not find dataconnect.yaml in `c:\Adistu\dataconnect`
 {"metadata":{"emulator":{"name":"dataconnect"},"message":"E1007 19:52:31.805918    8676 watch.go:40] Failed to load config from \"c:\\\\Adistu\\\\dataconnect\": could not find dataconnect.yaml in `c:\\Adistu\\dataconnect`\n"}}
[debug] [2026-10-07T14:22:41.699Z] E1007 19:52:41.702313    8676 watch.go:40] Failed to load config from "c:\\Adistu\\dataconnect": could not find dataconnect.yaml in `c:\Adistu\dataconnect`
 {"metadata":{"emulator":{"name":"dataconnect"},"message":"E1007 19:52:41.702313    8676 watch.go:40] Failed to load config from \"c:\\\\Adistu\\\\dataconnect\": could not find dataconnect.yaml in `c:\\Adistu\\dataconnect`\n"}}
[debug] [2026-10-07T14:22:51.734Z] E1007 19:52:51.731889    8676 watch.go:40] Failed to load config from "c:\\Adistu\\dataconnect": could not find dataconnect.yaml in `c:\Adistu\dataconnect`
 {"metadata":{"emulator":{"name":"dataconnect"},"message":"E1007 19:52:51.731889    8676 watch.go:40] Failed to load config from \"c:\\\\Adistu\\\\dataconnect\": could not find dataconnect.yaml in `c:\\Adistu\\dataconnect`\n"}}
[debug] [2026-10-07T14:23:01.717Z] E1007 19:53:01.709688    8676 watch.go:40] Failed to load config from "c:\\Adistu\\dataconnect": could not find dataconnect.yaml in `c:\Adistu\dataconnect`
 {"metadata":{"emulator":{"name":"dataconnect"},"message":"E1007 19:53:01.709688    8676 watch.go:40] Failed to load config from \"c:\\\\Adistu\\\\dataconnect\": could not find dataconnect.yaml in `c:\\Adistu\\dataconnect`\n"}}
[debug] [2026-10-07T14:23:11.697Z] E1007 19:53:11.696583    8676 watch.go:40] Failed to load config from "c:\\Adistu\\dataconnect": could not find dataconnect.yaml in `c:\Adistu\dataconnect`
 {"metadata":{"emulator":{"name":"dataconnect"},"message":"E1007 19:53:11.696583    8676 watch.go:40] Failed to load config from \"c:\\\\Adistu\\\\dataconnect\": could not find dataconnect.yaml in `c:\\Adistu\\dataconnect`\n"}}
[debug] [2026-10-07T14:23:21.697Z] E1007 19:53:21.694197    8676 watch.go:116] watchAllDir unable to walk dir `c:\Adistu\dataconnect`: GetFileAttributesEx c:\Adistu\dataconnect: The system cannot find the file specified.
 {"metadata":{"emulator":{"name":"dataconnect"},"message":"E1007 19:53:21.694197    8676 watch.go:116] watchAllDir unable to walk dir `c:\\Adistu\\dataconnect`: GetFileAttributesEx c:\\Adistu\\dataconnect: The system cannot find the file specified.\n"}}
[debug] [2026-10-07T14:23:21.700Z] E1007 19:53:21.699370    8676 watch.go:40] Failed to load config from "c:\\Adistu\\dataconnect": could not find dataconnect.yaml in `c:\Adistu\dataconnect`
 {"metadata":{"emulator":{"name":"dataconnect"},"message":"E1007 19:53:21.699370    8676 watch.go:40] Failed to load config from \"c:\\\\Adistu\\\\dataconnect\": could not find dataconnect.yaml in `c:\\Adistu\\dataconnect`\n"}}
[debug] [2026-10-07T14:23:31.736Z] E1007 19:53:31.735568    8676 watch.go:40] Failed to load config from "c:\\Adistu\\dataconnect": could not find dataconnect.yaml in `c:\Adistu\dataconnect`
 {"metadata":{"emulator":{"name":"dataconnect"},"message":"E1007 19:53:31.735568    8676 watch.go:40] Failed to load config from \"c:\\\\Adistu\\\\dataconnect\": could not find dataconnect.yaml in `c:\\Adistu\\dataconnect`\n"}}
[debug] [2026-10-07T14:23:41.695Z] E1007 19:53:41.694121    8676 watch.go:40] Failed to load config from "c:\\Adistu\\dataconnect": could not find dataconnect.yaml in `c:\Adistu\dataconnect`
 {"metadata":{"emulator":{"name":"dataconnect"},"message":"E1007 19:53:41.694121    8676 watch.go:40] Failed to load config from \"c:\\\\Adistu\\\\dataconnect\": could not find dataconnect.yaml in `c:\\Adistu\\dataconnect`\n"}}
[debug] [2026-10-07T14:23:51.696Z] E1007 19:53:51.694300    8676 watch.go:40] Failed to load config from "c:\\Adistu\\dataconnect": could not find dataconnect.yaml in `c:\Adistu\dataconnect`
 {"metadata":{"emulator":{"name":"dataconnect"},"message":"E1007 19:53:51.694300    8676 watch.go:40] Failed to load config from \"c:\\\\Adistu\\\\dataconnect\": could not find dataconnect.yaml in `c:\\Adistu\\dataconnect`\n"}}
[debug] [2026-10-07T14:24:00.732Z] [Firebase Plugin] Received emulators started notification. Running detection.
[debug] [2026-10-07T14:24:01.777Z] E1007 19:54:01.776582    8676 watch.go:40] Failed to load config from "c:\\Adistu\\dataconnect": could not find dataconnect.yaml in `c:\Adistu\dataconnect`
 {"metadata":{"emulator":{"name":"dataconnect"},"message":"E1007 19:54:01.776582    8676 watch.go:40] Failed to load config from \"c:\\\\Adistu\\\\dataconnect\": could not find dataconnect.yaml in `c:\\Adistu\\dataconnect`\n"}}
[debug] [2026-10-07T14:24:11.758Z] E1007 19:54:11.758201    8676 watch.go:40] Failed to load config from "c:\\Adistu\\dataconnect": could not find dataconnect.yaml in `c:\Adistu\dataconnect`
 {"metadata":{"emulator":{"name":"dataconnect"},"message":"E1007 19:54:11.758201    8676 watch.go:40] Failed to load config from \"c:\\\\Adistu\\\\dataconnect\": could not find dataconnect.yaml in `c:\\Adistu\\dataconnect`\n"}}
[debug] [2026-10-07T14:24:21.707Z] E1007 19:54:21.705651    8676 watch.go:116] watchAllDir unable to walk dir `c:\Adistu\dataconnect`: GetFileAttributesEx c:\Adistu\dataconnect: The system cannot find the file specified.
E1007 19:54:21.705651    8676 watch.go:40] Failed to load config from "c:\\Adistu\\dataconnect": could not find dataconnect.yaml in `c:\Adistu\dataconnect`
 {"metadata":{"emulator":{"name":"dataconnect"},"message":"E1007 19:54:21.705651    8676 watch.go:116] watchAllDir unable to walk dir `c:\\Adistu\\dataconnect`: GetFileAttributesEx c:\\Adistu\\dataconnect: The system cannot find the file specified.\nE1007 19:54:21.705651    8676 watch.go:40] Failed to load config from \"c:\\\\Adistu\\\\dataconnect\": could not find dataconnect.yaml in `c:\\Adistu\\dataconnect`\n"}}
[debug] [2026-10-07T14:24:31.700Z] E1007 19:54:31.698771    8676 watch.go:40] Failed to load config from "c:\\Adistu\\dataconnect": could not find dataconnect.yaml in `c:\Adistu\dataconnect`
 {"metadata":{"emulator":{"name":"dataconnect"},"message":"E1007 19:54:31.698771    8676 watch.go:40] Failed to load config from \"c:\\\\Adistu\\\\dataconnect\": could not find dataconnect.yaml in `c:\\Adistu\\dataconnect`\n"}}
[debug] [2026-10-07T14:24:41.798Z] E1007 19:54:41.752585    8676 watch.go:40] Failed to load config from "c:\\Adistu\\dataconnect": could not find dataconnect.yaml in `c:\Adistu\dataconnect`
 {"metadata":{"emulator":{"name":"dataconnect"},"message":"E1007 19:54:41.752585    8676 watch.go:40] Failed to load config from \"c:\\\\Adistu\\\\dataconnect\": could not find dataconnect.yaml in `c:\\Adistu\\dataconnect`\n"}}
[debug] [2026-10-07T14:24:51.699Z] E1007 19:54:51.701999    8676 watch.go:40] Failed to load config from "c:\\Adistu\\dataconnect": could not find dataconnect.yaml in `c:\Adistu\dataconnect`
 {"metadata":{"emulator":{"name":"dataconnect"},"message":"E1007 19:54:51.701999    8676 watch.go:40] Failed to load config from \"c:\\\\Adistu\\\\dataconnect\": could not find dataconnect.yaml in `c:\\Adistu\\dataconnect`\n"}}
[debug] [2026-10-07T14:25:01.703Z] E1007 19:55:01.705120    8676 watch.go:40] Failed to load config from "c:\\Adistu\\dataconnect": could not find dataconnect.yaml in `c:\Adistu\dataconnect`
 {"metadata":{"emulator":{"name":"dataconnect"},"message":"E1007 19:55:01.705120    8676 watch.go:40] Failed to load config from \"c:\\\\Adistu\\\\dataconnect\": could not find dataconnect.yaml in `c:\\Adistu\\dataconnect`\n"}}
[debug] [2026-10-07T14:25:11.694Z] E1007 19:55:11.695596    8676 watch.go:40] Failed to load config from "c:\\Adistu\\dataconnect": could not find dataconnect.yaml in `c:\Adistu\dataconnect`
 {"metadata":{"emulator":{"name":"dataconnect"},"message":"E1007 19:55:11.695596    8676 watch.go:40] Failed to load config from \"c:\\\\Adistu\\\\dataconnect\": could not find dataconnect.yaml in `c:\\Adistu\\dataconnect`\n"}}
[debug] [2026-10-07T14:25:21.712Z] E1007 19:55:21.717491    8676 watch.go:116] watchAllDir unable to walk dir `c:\Adistu\dataconnect`: GetFileAttributesEx c:\Adistu\dataconnect: The system cannot find the file specified.
 {"metadata":{"emulator":{"name":"dataconnect"},"message":"E1007 19:55:21.717491    8676 watch.go:116] watchAllDir unable to walk dir `c:\\Adistu\\dataconnect`: GetFileAttributesEx c:\\Adistu\\dataconnect: The system cannot find the file specified.\n"}}
[debug] [2026-10-07T14:25:21.736Z] E1007 19:55:21.738688    8676 watch.go:40] Failed to load config from "c:\\Adistu\\dataconnect": could not find dataconnect.yaml in `c:\Adistu\dataconnect`
 {"metadata":{"emulator":{"name":"dataconnect"},"message":"E1007 19:55:21.738688    8676 watch.go:40] Failed to load config from \"c:\\\\Adistu\\\\dataconnect\": could not find dataconnect.yaml in `c:\\Adistu\\dataconnect`\n"}}
[debug] [2026-10-07T14:25:31.752Z] E1007 19:55:31.744186    8676 watch.go:40] Failed to load config from "c:\\Adistu\\dataconnect": could not find dataconnect.yaml in `c:\Adistu\dataconnect`
 {"metadata":{"emulator":{"name":"dataconnect"},"message":"E1007 19:55:31.744186    8676 watch.go:40] Failed to load config from \"c:\\\\Adistu\\\\dataconnect\": could not find dataconnect.yaml in `c:\\Adistu\\dataconnect`\n"}}
[debug] [2026-10-07T14:25:41.696Z] E1007 19:55:41.699917    8676 watch.go:40] Failed to load config from "c:\\Adistu\\dataconnect": could not find dataconnect.yaml in `c:\Adistu\dataconnect`
 {"metadata":{"emulator":{"name":"dataconnect"},"message":"E1007 19:55:41.699917    8676 watch.go:40] Failed to load config from \"c:\\\\Adistu\\\\dataconnect\": could not find dataconnect.yaml in `c:\\Adistu\\dataconnect`\n"}}
[debug] [2026-10-07T14:25:51.692Z] E1007 19:55:51.694733    8676 watch.go:40] Failed to load config from "c:\\Adistu\\dataconnect": could not find dataconnect.yaml in `c:\Adistu\dataconnect`
 {"metadata":{"emulator":{"name":"dataconnect"},"message":"E1007 19:55:51.694733    8676 watch.go:40] Failed to load config from \"c:\\\\Adistu\\\\dataconnect\": could not find dataconnect.yaml in `c:\\Adistu\\dataconnect`\n"}}
[debug] [2026-10-07T14:26:01.692Z] E1007 19:56:01.694860    8676 watch.go:40] Failed to load config from "c:\\Adistu\\dataconnect": could not find dataconnect.yaml in `c:\Adistu\dataconnect`
 {"metadata":{"emulator":{"name":"dataconnect"},"message":"E1007 19:56:01.694860    8676 watch.go:40] Failed to load config from \"c:\\\\Adistu\\\\dataconnect\": could not find dataconnect.yaml in `c:\\Adistu\\dataconnect`\n"}}
[debug] [2026-10-07T14:26:11.766Z] E1007 19:56:11.763177    8676 watch.go:40] Failed to load config from "c:\\Adistu\\dataconnect": could not find dataconnect.yaml in `c:\Adistu\dataconnect`
 {"metadata":{"emulator":{"name":"dataconnect"},"message":"E1007 19:56:11.763177    8676 watch.go:40] Failed to load config from \"c:\\\\Adistu\\\\dataconnect\": could not find dataconnect.yaml in `c:\\Adistu\\dataconnect`\n"}}
[debug] [2026-10-07T14:26:21.701Z] E1007 19:56:21.699924    8676 watch.go:116] watchAllDir unable to walk dir `c:\Adistu\dataconnect`: GetFileAttributesEx c:\Adistu\dataconnect: The system cannot find the file specified.
 {"metadata":{"emulator":{"name":"dataconnect"},"message":"E1007 19:56:21.699924    8676 watch.go:116] watchAllDir unable to walk dir `c:\\Adistu\\dataconnect`: GetFileAttributesEx c:\\Adistu\\dataconnect: The system cannot find the file specified.\n"}}
[debug] [2026-10-07T14:26:21.703Z] E1007 19:56:21.699924    8676 watch.go:40] Failed to load config from "c:\\Adistu\\dataconnect": could not find dataconnect.yaml in `c:\Adistu\dataconnect`
 {"metadata":{"emulator":{"name":"dataconnect"},"message":"E1007 19:56:21.699924    8676 watch.go:40] Failed to load config from \"c:\\\\Adistu\\\\dataconnect\": could not find dataconnect.yaml in `c:\\Adistu\\dataconnect`\n"}}
[debug] [2026-10-07T14:26:31.759Z] E1007 19:56:31.759755    8676 watch.go:40] Failed to load config from "c:\\Adistu\\dataconnect": could not find dataconnect.yaml in `c:\Adistu\dataconnect`
 {"metadata":{"emulator":{"name":"dataconnect"},"message":"E1007 19:56:31.759755    8676 watch.go:40] Failed to load config from \"c:\\\\Adistu\\\\dataconnect\": could not find dataconnect.yaml in `c:\\Adistu\\dataconnect`\n"}}
[debug] [2026-10-07T14:26:41.693Z] E1007 19:56:41.695713    8676 watch.go:40] Failed to load config from "c:\\Adistu\\dataconnect": could not find dataconnect.yaml in `c:\Adistu\dataconnect`
 {"metadata":{"emulator":{"name":"dataconnect"},"message":"E1007 19:56:41.695713    8676 watch.go:40] Failed to load config from \"c:\\\\Adistu\\\\dataconnect\": could not find dataconnect.yaml in `c:\\Adistu\\dataconnect`\n"}}
[debug] [2026-10-07T14:26:51.693Z] E1007 19:56:51.694616    8676 watch.go:40] Failed to load config from "c:\\Adistu\\dataconnect": could not find dataconnect.yaml in `c:\Adistu\dataconnect`
 {"metadata":{"emulator":{"name":"dataconnect"},"message":"E1007 19:56:51.694616    8676 watch.go:40] Failed to load config from \"c:\\\\Adistu\\\\dataconnect\": could not find dataconnect.yaml in `c:\\Adistu\\dataconnect`\n"}}
[debug] [2026-10-07T14:27:01.696Z] E1007 19:57:01.697192    8676 watch.go:40] Failed to load config from "c:\\Adistu\\dataconnect": could not find dataconnect.yaml in `c:\Adistu\dataconnect`
 {"metadata":{"emulator":{"name":"dataconnect"},"message":"E1007 19:57:01.697192    8676 watch.go:40] Failed to load config from \"c:\\\\Adistu\\\\dataconnect\": could not find dataconnect.yaml in `c:\\Adistu\\dataconnect`\n"}}
[debug] [2026-10-07T14:27:11.694Z] E1007 19:57:11.694331    8676 watch.go:40] Failed to load config from "c:\\Adistu\\dataconnect": could not find dataconnect.yaml in `c:\Adistu\dataconnect`
 {"metadata":{"emulator":{"name":"dataconnect"},"message":"E1007 19:57:11.694331    8676 watch.go:40] Failed to load config from \"c:\\\\Adistu\\\\dataconnect\": could not find dataconnect.yaml in `c:\\Adistu\\dataconnect`\n"}}
[debug] [2026-10-07T14:27:21.694Z] E1007 19:57:21.694509    8676 watch.go:40] Failed to load config from "c:\\Adistu\\dataconnect": could not find dataconnect.yaml in `c:\Adistu\dataconnect`
 {"metadata":{"emulator":{"name":"dataconnect"},"message":"E1007 19:57:21.694509    8676 watch.go:40] Failed to load config from \"c:\\\\Adistu\\\\dataconnect\": could not find dataconnect.yaml in `c:\\Adistu\\dataconnect`\n"}}
[debug] [2026-10-07T14:27:21.702Z] E1007 19:57:21.694509    8676 watch.go:116] watchAllDir unable to walk dir `c:\Adistu\dataconnect`: GetFileAttributesEx c:\Adistu\dataconnect: The system cannot find the file specified.
 {"metadata":{"emulator":{"name":"dataconnect"},"message":"E1007 19:57:21.694509    8676 watch.go:116] watchAllDir unable to walk dir `c:\\Adistu\\dataconnect`: GetFileAttributesEx c:\\Adistu\\dataconnect: The system cannot find the file specified.\n"}}
[debug] [2026-10-07T14:27:31.994Z] E1007 19:57:31.994668    8676 watch.go:40] Failed to load config from "c:\\Adistu\\dataconnect": could not find dataconnect.yaml in `c:\Adistu\dataconnect`
 {"metadata":{"emulator":{"name":"dataconnect"},"message":"E1007 19:57:31.994668    8676 watch.go:40] Failed to load config from \"c:\\\\Adistu\\\\dataconnect\": could not find dataconnect.yaml in `c:\\Adistu\\dataconnect`\n"}}
[debug] [2026-10-07T14:27:41.694Z] E1007 19:57:41.695203    8676 watch.go:40] Failed to load config from "c:\\Adistu\\dataconnect": could not find dataconnect.yaml in `c:\Adistu\dataconnect`
 {"metadata":{"emulator":{"name":"dataconnect"},"message":"E1007 19:57:41.695203    8676 watch.go:40] Failed to load config from \"c:\\\\Adistu\\\\dataconnect\": could not find dataconnect.yaml in `c:\\Adistu\\dataconnect`\n"}}
[debug] [2026-10-07T14:27:51.694Z] E1007 19:57:51.699631    8676 watch.go:40] Failed to load config from "c:\\Adistu\\dataconnect": could not find dataconnect.yaml in `c:\Adistu\dataconnect`
 {"metadata":{"emulator":{"name":"dataconnect"},"message":"E1007 19:57:51.699631    8676 watch.go:40] Failed to load config from \"c:\\\\Adistu\\\\dataconnect\": could not find dataconnect.yaml in `c:\\Adistu\\dataconnect`\n"}}
[debug] [2026-10-07T14:28:01.691Z] E1007 19:58:01.701313    8676 watch.go:40] Failed to load config from "c:\\Adistu\\dataconnect": could not find dataconnect.yaml in `c:\Adistu\dataconnect`
 {"metadata":{"emulator":{"name":"dataconnect"},"message":"E1007 19:58:01.701313    8676 watch.go:40] Failed to load config from \"c:\\\\Adistu\\\\dataconnect\": could not find dataconnect.yaml in `c:\\Adistu\\dataconnect`\n"}}
[debug] [2026-10-07T14:28:11.686Z] E1007 19:58:11.695101    8676 watch.go:40] Failed to load config from "c:\\Adistu\\dataconnect": could not find dataconnect.yaml in `c:\Adistu\dataconnect`
 {"metadata":{"emulator":{"name":"dataconnect"},"message":"E1007 19:58:11.695101    8676 watch.go:40] Failed to load config from \"c:\\\\Adistu\\\\dataconnect\": could not find dataconnect.yaml in `c:\\Adistu\\dataconnect`\n"}}
[debug] [2026-10-07T14:28:21.685Z] E1007 19:58:21.694483    8676 watch.go:116] watchAllDir unable to walk dir `c:\Adistu\dataconnect`: GetFileAttributesEx c:\Adistu\dataconnect: The system cannot find the file specified.
 {"metadata":{"emulator":{"name":"dataconnect"},"message":"E1007 19:58:21.694483    8676 watch.go:116] watchAllDir unable to walk dir `c:\\Adistu\\dataconnect`: GetFileAttributesEx c:\\Adistu\\dataconnect: The system cannot find the file specified.\n"}}
[debug] [2026-10-07T14:28:21.687Z] E1007 19:58:21.695055    8676 watch.go:40] Failed to load config from "c:\\Adistu\\dataconnect": could not find dataconnect.yaml in `c:\Adistu\dataconnect`
 {"metadata":{"emulator":{"name":"dataconnect"},"message":"E1007 19:58:21.695055    8676 watch.go:40] Failed to load config from \"c:\\\\Adistu\\\\dataconnect\": could not find dataconnect.yaml in `c:\\Adistu\\dataconnect`\n"}}
[debug] [2026-10-07T14:28:31.685Z] E1007 19:58:31.695012    8676 watch.go:40] Failed to load config from "c:\\Adistu\\dataconnect": could not find dataconnect.yaml in `c:\Adistu\dataconnect`
 {"metadata":{"emulator":{"name":"dataconnect"},"message":"E1007 19:58:31.695012    8676 watch.go:40] Failed to load config from \"c:\\\\Adistu\\\\dataconnect\": could not find dataconnect.yaml in `c:\\Adistu\\dataconnect`\n"}}
[debug] [2026-10-07T14:28:41.692Z] E1007 19:58:41.702020    8676 watch.go:40] Failed to load config from "c:\\Adistu\\dataconnect": could not find dataconnect.yaml in `c:\Adistu\dataconnect`
 {"metadata":{"emulator":{"name":"dataconnect"},"message":"E1007 19:58:41.702020    8676 watch.go:40] Failed to load config from \"c:\\\\Adistu\\\\dataconnect\": could not find dataconnect.yaml in `c:\\Adistu\\dataconnect`\n"}}
[debug] [2026-10-07T14:28:51.694Z] E1007 19:58:51.693999    8676 watch.go:40] Failed to load config from "c:\\Adistu\\dataconnect": could not find dataconnect.yaml in `c:\Adistu\dataconnect`
 {"metadata":{"emulator":{"name":"dataconnect"},"message":"E1007 19:58:51.693999    8676 watch.go:40] Failed to load config from \"c:\\\\Adistu\\\\dataconnect\": could not find dataconnect.yaml in `c:\\Adistu\\dataconnect`\n"}}
[debug] [2026-10-07T14:29:01.694Z] E1007 19:59:01.694418    8676 watch.go:40] Failed to load config from "c:\\Adistu\\dataconnect": could not find dataconnect.yaml in `c:\Adistu\dataconnect`
 {"metadata":{"emulator":{"name":"dataconnect"},"message":"E1007 19:59:01.694418    8676 watch.go:40] Failed to load config from \"c:\\\\Adistu\\\\dataconnect\": could not find dataconnect.yaml in `c:\\Adistu\\dataconnect`\n"}}
[debug] [2026-10-07T14:29:11.695Z] E1007 19:59:11.694875    8676 watch.go:40] Failed to load config from "c:\\Adistu\\dataconnect": could not find dataconnect.yaml in `c:\Adistu\dataconnect`
 {"metadata":{"emulator":{"name":"dataconnect"},"message":"E1007 19:59:11.694875    8676 watch.go:40] Failed to load config from \"c:\\\\Adistu\\\\dataconnect\": could not find dataconnect.yaml in `c:\\Adistu\\dataconnect`\n"}}
[debug] [2026-10-07T14:29:21.705Z] E1007 19:59:21.702927    8676 watch.go:116] watchAllDir unable to walk dir `c:\Adistu\dataconnect`: GetFileAttributesEx c:\Adistu\dataconnect: The system cannot find the file specified.
 {"metadata":{"emulator":{"name":"dataconnect"},"message":"E1007 19:59:21.702927    8676 watch.go:116] watchAllDir unable to walk dir `c:\\Adistu\\dataconnect`: GetFileAttributesEx c:\\Adistu\\dataconnect: The system cannot find the file specified.\n"}}
[debug] [2026-10-07T14:29:21.709Z] E1007 19:59:21.702927    8676 watch.go:40] Failed to load config from "c:\\Adistu\\dataconnect": could not find dataconnect.yaml in `c:\Adistu\dataconnect`
 {"metadata":{"emulator":{"name":"dataconnect"},"message":"E1007 19:59:21.702927    8676 watch.go:40] Failed to load config from \"c:\\\\Adistu\\\\dataconnect\": could not find dataconnect.yaml in `c:\\Adistu\\dataconnect`\n"}}
[debug] [2026-10-07T14:29:31.697Z] E1007 19:59:31.696970    8676 watch.go:40] Failed to load config from "c:\\Adistu\\dataconnect": could not find dataconnect.yaml in `c:\Adistu\dataconnect`
 {"metadata":{"emulator":{"name":"dataconnect"},"message":"E1007 19:59:31.696970    8676 watch.go:40] Failed to load config from \"c:\\\\Adistu\\\\dataconnect\": could not find dataconnect.yaml in `c:\\Adistu\\dataconnect`\n"}}
[debug] [2026-10-07T14:29:41.695Z] E1007 19:59:41.694914    8676 watch.go:40] Failed to load config from "c:\\Adistu\\dataconnect": could not find dataconnect.yaml in `c:\Adistu\dataconnect`
 {"metadata":{"emulator":{"name":"dataconnect"},"message":"E1007 19:59:41.694914    8676 watch.go:40] Failed to load config from \"c:\\\\Adistu\\\\dataconnect\": could not find dataconnect.yaml in `c:\\Adistu\\dataconnect`\n"}}
[debug] [2026-10-07T14:29:51.695Z] E1007 19:59:51.694773    8676 watch.go:40] Failed to load config from "c:\\Adistu\\dataconnect": could not find dataconnect.yaml in `c:\Adistu\dataconnect`
 {"metadata":{"emulator":{"name":"dataconnect"},"message":"E1007 19:59:51.694773    8676 watch.go:40] Failed to load config from \"c:\\\\Adistu\\\\dataconnect\": could not find dataconnect.yaml in `c:\\Adistu\\dataconnect`\n"}}
[debug] [2026-10-07T14:30:01.694Z] E1007 20:00:01.694230    8676 watch.go:40] Failed to load config from "c:\\Adistu\\dataconnect": could not find dataconnect.yaml in `c:\Adistu\dataconnect`
 {"metadata":{"emulator":{"name":"dataconnect"},"message":"E1007 20:00:01.694230    8676 watch.go:40] Failed to load config from \"c:\\\\Adistu\\\\dataconnect\": could not find dataconnect.yaml in `c:\\Adistu\\dataconnect`\n"}}
[debug] [2026-10-07T14:30:11.694Z] E1007 20:00:11.694116    8676 watch.go:40] Failed to load config from "c:\\Adistu\\dataconnect": could not find dataconnect.yaml in `c:\Adistu\dataconnect`
 {"metadata":{"emulator":{"name":"dataconnect"},"message":"E1007 20:00:11.694116    8676 watch.go:40] Failed to load config from \"c:\\\\Adistu\\\\dataconnect\": could not find dataconnect.yaml in `c:\\Adistu\\dataconnect`\n"}}
[debug] [2026-10-07T14:30:21.694Z] E1007 20:00:21.694408    8676 watch.go:116] watchAllDir unable to walk dir `c:\Adistu\dataconnect`: GetFileAttributesEx c:\Adistu\dataconnect: The system cannot find the file specified.
 {"metadata":{"emulator":{"name":"dataconnect"},"message":"E1007 20:00:21.694408    8676 watch.go:116] watchAllDir unable to walk dir `c:\\Adistu\\dataconnect`: GetFileAttributesEx c:\\Adistu\\dataconnect: The system cannot find the file specified.\n"}}
[debug] [2026-10-07T14:30:21.697Z] E1007 20:00:21.695051    8676 watch.go:40] Failed to load config from "c:\\Adistu\\dataconnect": could not find dataconnect.yaml in `c:\Adistu\dataconnect`
 {"metadata":{"emulator":{"name":"dataconnect"},"message":"E1007 20:00:21.695051    8676 watch.go:40] Failed to load config from \"c:\\\\Adistu\\\\dataconnect\": could not find dataconnect.yaml in `c:\\Adistu\\dataconnect`\n"}}
[debug] [2026-10-07T14:30:31.695Z] E1007 20:00:31.695055    8676 watch.go:40] Failed to load config from "c:\\Adistu\\dataconnect": could not find dataconnect.yaml in `c:\Adistu\dataconnect`
 {"metadata":{"emulator":{"name":"dataconnect"},"message":"E1007 20:00:31.695055    8676 watch.go:40] Failed to load config from \"c:\\\\Adistu\\\\dataconnect\": could not find dataconnect.yaml in `c:\\Adistu\\dataconnect`\n"}}
[debug] [2026-10-07T14:30:41.695Z] E1007 20:00:41.694844    8676 watch.go:40] Failed to load config from "c:\\Adistu\\dataconnect": could not find dataconnect.yaml in `c:\Adistu\dataconnect`
 {"metadata":{"emulator":{"name":"dataconnect"},"message":"E1007 20:00:41.694844    8676 watch.go:40] Failed to load config from \"c:\\\\Adistu\\\\dataconnect\": could not find dataconnect.yaml in `c:\\Adistu\\dataconnect`\n"}}
[debug] [2026-10-07T14:30:51.698Z] E1007 20:00:51.698550    8676 watch.go:40] Failed to load config from "c:\\Adistu\\dataconnect": could not find dataconnect.yaml in `c:\Adistu\dataconnect`
 {"metadata":{"emulator":{"name":"dataconnect"},"message":"E1007 20:00:51.698550    8676 watch.go:40] Failed to load config from \"c:\\\\Adistu\\\\dataconnect\": could not find dataconnect.yaml in `c:\\Adistu\\dataconnect`\n"}}
[debug] [2026-10-07T14:31:01.694Z] E1007 20:01:01.694138    8676 watch.go:40] Failed to load config from "c:\\Adistu\\dataconnect": could not find dataconnect.yaml in `c:\Adistu\dataconnect`
 {"metadata":{"emulator":{"name":"dataconnect"},"message":"E1007 20:01:01.694138    8676 watch.go:40] Failed to load config from \"c:\\\\Adistu\\\\dataconnect\": could not find dataconnect.yaml in `c:\\Adistu\\dataconnect`\n"}}
[debug] [2026-10-07T14:31:11.695Z] E1007 20:01:11.694743    8676 watch.go:40] Failed to load config from "c:\\Adistu\\dataconnect": could not find dataconnect.yaml in `c:\Adistu\dataconnect`
 {"metadata":{"emulator":{"name":"dataconnect"},"message":"E1007 20:01:11.694743    8676 watch.go:40] Failed to load config from \"c:\\\\Adistu\\\\dataconnect\": could not find dataconnect.yaml in `c:\\Adistu\\dataconnect`\n"}}
[debug] [2026-10-07T14:31:21.694Z] E1007 20:01:21.694080    8676 watch.go:116] watchAllDir unable to walk dir `c:\Adistu\dataconnect`: GetFileAttributesEx c:\Adistu\dataconnect: The system cannot find the file specified.
 {"metadata":{"emulator":{"name":"dataconnect"},"message":"E1007 20:01:21.694080    8676 watch.go:116] watchAllDir unable to walk dir `c:\\Adistu\\dataconnect`: GetFileAttributesEx c:\\Adistu\\dataconnect: The system cannot find the file specified.\n"}}
[debug] [2026-10-07T14:31:21.696Z] E1007 20:01:21.694637    8676 watch.go:40] Failed to load config from "c:\\Adistu\\dataconnect": could not find dataconnect.yaml in `c:\Adistu\dataconnect`
 {"metadata":{"emulator":{"name":"dataconnect"},"message":"E1007 20:01:21.694637    8676 watch.go:40] Failed to load config from \"c:\\\\Adistu\\\\dataconnect\": could not find dataconnect.yaml in `c:\\Adistu\\dataconnect`\n"}}
[debug] [2026-10-07T14:31:31.695Z] E1007 20:01:31.694487    8676 watch.go:40] Failed to load config from "c:\\Adistu\\dataconnect": could not find dataconnect.yaml in `c:\Adistu\dataconnect`
 {"metadata":{"emulator":{"name":"dataconnect"},"message":"E1007 20:01:31.694487    8676 watch.go:40] Failed to load config from \"c:\\\\Adistu\\\\dataconnect\": could not find dataconnect.yaml in `c:\\Adistu\\dataconnect`\n"}}
[debug] [2026-10-07T14:31:41.695Z] E1007 20:01:41.695102    8676 watch.go:40] Failed to load config from "c:\\Adistu\\dataconnect": could not find dataconnect.yaml in `c:\Adistu\dataconnect`
 {"metadata":{"emulator":{"name":"dataconnect"},"message":"E1007 20:01:41.695102    8676 watch.go:40] Failed to load config from \"c:\\\\Adistu\\\\dataconnect\": could not find dataconnect.yaml in `c:\\Adistu\\dataconnect`\n"}}
[debug] [2026-10-07T14:31:51.696Z] E1007 20:01:51.694196    8676 watch.go:40] Failed to load config from "c:\\Adistu\\dataconnect": could not find dataconnect.yaml in `c:\Adistu\dataconnect`
 {"metadata":{"emulator":{"name":"dataconnect"},"message":"E1007 20:01:51.694196    8676 watch.go:40] Failed to load config from \"c:\\\\Adistu\\\\dataconnect\": could not find dataconnect.yaml in `c:\\Adistu\\dataconnect`\n"}}
[debug] [2026-10-07T14:32:01.695Z] E1007 20:02:01.694544    8676 watch.go:40] Failed to load config from "c:\\Adistu\\dataconnect": could not find dataconnect.yaml in `c:\Adistu\dataconnect`
 {"metadata":{"emulator":{"name":"dataconnect"},"message":"E1007 20:02:01.694544    8676 watch.go:40] Failed to load config from \"c:\\\\Adistu\\\\dataconnect\": could not find dataconnect.yaml in `c:\\Adistu\\dataconnect`\n"}}
[debug] [2026-10-07T14:32:11.695Z] E1007 20:02:11.694853    8676 watch.go:40] Failed to load config from "c:\\Adistu\\dataconnect": could not find dataconnect.yaml in `c:\Adistu\dataconnect`
 {"metadata":{"emulator":{"name":"dataconnect"},"message":"E1007 20:02:11.694853    8676 watch.go:40] Failed to load config from \"c:\\\\Adistu\\\\dataconnect\": could not find dataconnect.yaml in `c:\\Adistu\\dataconnect`\n"}}
[debug] [2026-10-07T14:32:21.696Z] E1007 20:02:21.694773    8676 watch.go:116] watchAllDir unable to walk dir `c:\Adistu\dataconnect`: GetFileAttributesEx c:\Adistu\dataconnect: The system cannot find the file specified.
 {"metadata":{"emulator":{"name":"dataconnect"},"message":"E1007 20:02:21.694773    8676 watch.go:116] watchAllDir unable to walk dir `c:\\Adistu\\dataconnect`: GetFileAttributesEx c:\\Adistu\\dataconnect: The system cannot find the file specified.\n"}}
[debug] [2026-10-07T14:32:21.698Z] E1007 20:02:21.694773    8676 watch.go:40] Failed to load config from "c:\\Adistu\\dataconnect": could not find dataconnect.yaml in `c:\Adistu\dataconnect`
 {"metadata":{"emulator":{"name":"dataconnect"},"message":"E1007 20:02:21.694773    8676 watch.go:40] Failed to load config from \"c:\\\\Adistu\\\\dataconnect\": could not find dataconnect.yaml in `c:\\Adistu\\dataconnect`\n"}}
[debug] [2026-10-07T14:32:31.701Z] E1007 20:02:31.694390    8676 watch.go:40] Failed to load config from "c:\\Adistu\\dataconnect": could not find dataconnect.yaml in `c:\Adistu\dataconnect`
 {"metadata":{"emulator":{"name":"dataconnect"},"message":"E1007 20:02:31.694390    8676 watch.go:40] Failed to load config from \"c:\\\\Adistu\\\\dataconnect\": could not find dataconnect.yaml in `c:\\Adistu\\dataconnect`\n"}}
[debug] [2026-10-07T14:32:41.695Z] E1007 20:02:41.695015    8676 watch.go:40] Failed to load config from "c:\\Adistu\\dataconnect": could not find dataconnect.yaml in `c:\Adistu\dataconnect`
 {"metadata":{"emulator":{"name":"dataconnect"},"message":"E1007 20:02:41.695015    8676 watch.go:40] Failed to load config from \"c:\\\\Adistu\\\\dataconnect\": could not find dataconnect.yaml in `c:\\Adistu\\dataconnect`\n"}}
[debug] [2026-10-07T14:32:51.696Z] E1007 20:02:51.696461    8676 watch.go:40] Failed to load config from "c:\\Adistu\\dataconnect": could not find dataconnect.yaml in `c:\Adistu\dataconnect`
 {"metadata":{"emulator":{"name":"dataconnect"},"message":"E1007 20:02:51.696461    8676 watch.go:40] Failed to load config from \"c:\\\\Adistu\\\\dataconnect\": could not find dataconnect.yaml in `c:\\Adistu\\dataconnect`\n"}}
[debug] [2026-10-07T14:33:01.695Z] E1007 20:03:01.694866    8676 watch.go:40] Failed to load config from "c:\\Adistu\\dataconnect": could not find dataconnect.yaml in `c:\Adistu\dataconnect`
 {"metadata":{"emulator":{"name":"dataconnect"},"message":"E1007 20:03:01.694866    8676 watch.go:40] Failed to load config from \"c:\\\\Adistu\\\\dataconnect\": could not find dataconnect.yaml in `c:\\Adistu\\dataconnect`\n"}}
[debug] [2026-10-07T14:33:11.694Z] E1007 20:03:11.694196    8676 watch.go:40] Failed to load config from "c:\\Adistu\\dataconnect": could not find dataconnect.yaml in `c:\Adistu\dataconnect`
 {"metadata":{"emulator":{"name":"dataconnect"},"message":"E1007 20:03:11.694196    8676 watch.go:40] Failed to load config from \"c:\\\\Adistu\\\\dataconnect\": could not find dataconnect.yaml in `c:\\Adistu\\dataconnect`\n"}}
[debug] [2026-10-07T14:33:21.695Z] E1007 20:03:21.694547    8676 watch.go:116] watchAllDir unable to walk dir `c:\Adistu\dataconnect`: GetFileAttributesEx c:\Adistu\dataconnect: The system cannot find the file specified.
 {"metadata":{"emulator":{"name":"dataconnect"},"message":"E1007 20:03:21.694547    8676 watch.go:116] watchAllDir unable to walk dir `c:\\Adistu\\dataconnect`: GetFileAttributesEx c:\\Adistu\\dataconnect: The system cannot find the file specified.\n"}}
[debug] [2026-10-07T14:33:21.696Z] E1007 20:03:21.695132    8676 watch.go:40] Failed to load config from "c:\\Adistu\\dataconnect": could not find dataconnect.yaml in `c:\Adistu\dataconnect`
 {"metadata":{"emulator":{"name":"dataconnect"},"message":"E1007 20:03:21.695132    8676 watch.go:40] Failed to load config from \"c:\\\\Adistu\\\\dataconnect\": could not find dataconnect.yaml in `c:\\Adistu\\dataconnect`\n"}}
[debug] [2026-10-07T14:33:31.695Z] E1007 20:03:31.695309    8676 watch.go:40] Failed to load config from "c:\\Adistu\\dataconnect": could not find dataconnect.yaml in `c:\Adistu\dataconnect`
 {"metadata":{"emulator":{"name":"dataconnect"},"message":"E1007 20:03:31.695309    8676 watch.go:40] Failed to load config from \"c:\\\\Adistu\\\\dataconnect\": could not find dataconnect.yaml in `c:\\Adistu\\dataconnect`\n"}}
[debug] [2026-10-07T14:33:41.695Z] E1007 20:03:41.694690    8676 watch.go:40] Failed to load config from "c:\\Adistu\\dataconnect": could not find dataconnect.yaml in `c:\Adistu\dataconnect`
 {"metadata":{"emulator":{"name":"dataconnect"},"message":"E1007 20:03:41.694690    8676 watch.go:40] Failed to load config from \"c:\\\\Adistu\\\\dataconnect\": could not find dataconnect.yaml in `c:\\Adistu\\dataconnect`\n"}}
[debug] [2026-10-07T14:33:51.695Z] E1007 20:03:51.694459    8676 watch.go:40] Failed to load config from "c:\\Adistu\\dataconnect": could not find dataconnect.yaml in `c:\Adistu\dataconnect`
 {"metadata":{"emulator":{"name":"dataconnect"},"message":"E1007 20:03:51.694459    8676 watch.go:40] Failed to load config from \"c:\\\\Adistu\\\\dataconnect\": could not find dataconnect.yaml in `c:\\Adistu\\dataconnect`\n"}}
[debug] [2026-10-07T14:34:01.697Z] E1007 20:04:01.697249    8676 watch.go:40] Failed to load config from "c:\\Adistu\\dataconnect": could not find dataconnect.yaml in `c:\Adistu\dataconnect`
 {"metadata":{"emulator":{"name":"dataconnect"},"message":"E1007 20:04:01.697249    8676 watch.go:40] Failed to load config from \"c:\\\\Adistu\\\\dataconnect\": could not find dataconnect.yaml in `c:\\Adistu\\dataconnect`\n"}}
[debug] [2026-10-07T14:34:11.703Z] E1007 20:04:11.694764    8676 watch.go:40] Failed to load config from "c:\\Adistu\\dataconnect": could not find dataconnect.yaml in `c:\Adistu\dataconnect`
 {"metadata":{"emulator":{"name":"dataconnect"},"message":"E1007 20:04:11.694764    8676 watch.go:40] Failed to load config from \"c:\\\\Adistu\\\\dataconnect\": could not find dataconnect.yaml in `c:\\Adistu\\dataconnect`\n"}}
[debug] [2026-10-07T14:34:21.697Z] E1007 20:04:21.696938    8676 watch.go:40] Failed to load config from "c:\\Adistu\\dataconnect": could not find dataconnect.yaml in `c:\Adistu\dataconnect`
E1007 20:04:21.696371    8676 watch.go:116] watchAllDir unable to walk dir `c:\Adistu\dataconnect`: GetFileAttributesEx c:\Adistu\dataconnect: The system cannot find the file specified.
 {"metadata":{"emulator":{"name":"dataconnect"},"message":"E1007 20:04:21.696938    8676 watch.go:40] Failed to load config from \"c:\\\\Adistu\\\\dataconnect\": could not find dataconnect.yaml in `c:\\Adistu\\dataconnect`\nE1007 20:04:21.696371    8676 watch.go:116] watchAllDir unable to walk dir `c:\\Adistu\\dataconnect`: GetFileAttributesEx c:\\Adistu\\dataconnect: The system cannot find the file specified.\n"}}
[debug] [2026-10-07T14:34:31.695Z] E1007 20:04:31.695247    8676 watch.go:40] Failed to load config from "c:\\Adistu\\dataconnect": could not find dataconnect.yaml in `c:\Adistu\dataconnect`
 {"metadata":{"emulator":{"name":"dataconnect"},"message":"E1007 20:04:31.695247    8676 watch.go:40] Failed to load config from \"c:\\\\Adistu\\\\dataconnect\": could not find dataconnect.yaml in `c:\\Adistu\\dataconnect`\n"}}
[debug] [2026-10-07T14:34:41.701Z] E1007 20:04:41.697239    8676 watch.go:40] Failed to load config from "c:\\Adistu\\dataconnect": could not find dataconnect.yaml in `c:\Adistu\dataconnect`
 {"metadata":{"emulator":{"name":"dataconnect"},"message":"E1007 20:04:41.697239    8676 watch.go:40] Failed to load config from \"c:\\\\Adistu\\\\dataconnect\": could not find dataconnect.yaml in `c:\\Adistu\\dataconnect`\n"}}
[debug] [2026-10-07T14:34:51.709Z] E1007 20:04:51.709124    8676 watch.go:40] Failed to load config from "c:\\Adistu\\dataconnect": could not find dataconnect.yaml in `c:\Adistu\dataconnect`
 {"metadata":{"emulator":{"name":"dataconnect"},"message":"E1007 20:04:51.709124    8676 watch.go:40] Failed to load config from \"c:\\\\Adistu\\\\dataconnect\": could not find dataconnect.yaml in `c:\\Adistu\\dataconnect`\n"}}
[debug] [2026-10-07T14:35:01.702Z] E1007 20:05:01.702128    8676 watch.go:40] Failed to load config from "c:\\Adistu\\dataconnect": could not find dataconnect.yaml in `c:\Adistu\dataconnect`
 {"metadata":{"emulator":{"name":"dataconnect"},"message":"E1007 20:05:01.702128    8676 watch.go:40] Failed to load config from \"c:\\\\Adistu\\\\dataconnect\": could not find dataconnect.yaml in `c:\\Adistu\\dataconnect`\n"}}
[debug] [2026-10-07T14:35:11.719Z] E1007 20:05:11.714952    8676 watch.go:40] Failed to load config from "c:\\Adistu\\dataconnect": could not find dataconnect.yaml in `c:\Adistu\dataconnect`
 {"metadata":{"emulator":{"name":"dataconnect"},"message":"E1007 20:05:11.714952    8676 watch.go:40] Failed to load config from \"c:\\\\Adistu\\\\dataconnect\": could not find dataconnect.yaml in `c:\\Adistu\\dataconnect`\n"}}
[debug] [2026-10-07T14:35:21.694Z] E1007 20:05:21.694549    8676 watch.go:116] watchAllDir unable to walk dir `c:\Adistu\dataconnect`: GetFileAttributesEx c:\Adistu\dataconnect: The system cannot find the file specified.
 {"metadata":{"emulator":{"name":"dataconnect"},"message":"E1007 20:05:21.694549    8676 watch.go:116] watchAllDir unable to walk dir `c:\\Adistu\\dataconnect`: GetFileAttributesEx c:\\Adistu\\dataconnect: The system cannot find the file specified.\n"}}
[debug] [2026-10-07T14:35:21.696Z] E1007 20:05:21.695134    8676 watch.go:40] Failed to load config from "c:\\Adistu\\dataconnect": could not find dataconnect.yaml in `c:\Adistu\dataconnect`
 {"metadata":{"emulator":{"name":"dataconnect"},"message":"E1007 20:05:21.695134    8676 watch.go:40] Failed to load config from \"c:\\\\Adistu\\\\dataconnect\": could not find dataconnect.yaml in `c:\\Adistu\\dataconnect`\n"}}
[debug] [2026-10-07T14:35:31.694Z] E1007 20:05:31.693987    8676 watch.go:40] Failed to load config from "c:\\Adistu\\dataconnect": could not find dataconnect.yaml in `c:\Adistu\dataconnect`
 {"metadata":{"emulator":{"name":"dataconnect"},"message":"E1007 20:05:31.693987    8676 watch.go:40] Failed to load config from \"c:\\\\Adistu\\\\dataconnect\": could not find dataconnect.yaml in `c:\\Adistu\\dataconnect`\n"}}
[debug] [2026-10-07T14:35:41.695Z] E1007 20:05:41.695406    8676 watch.go:40] Failed to load config from "c:\\Adistu\\dataconnect": could not find dataconnect.yaml in `c:\Adistu\dataconnect`
 {"metadata":{"emulator":{"name":"dataconnect"},"message":"E1007 20:05:41.695406    8676 watch.go:40] Failed to load config from \"c:\\\\Adistu\\\\dataconnect\": could not find dataconnect.yaml in `c:\\Adistu\\dataconnect`\n"}}
[debug] [2026-10-07T14:35:51.700Z] E1007 20:05:51.700192    8676 watch.go:40] Failed to load config from "c:\\Adistu\\dataconnect": could not find dataconnect.yaml in `c:\Adistu\dataconnect`
 {"metadata":{"emulator":{"name":"dataconnect"},"message":"E1007 20:05:51.700192    8676 watch.go:40] Failed to load config from \"c:\\\\Adistu\\\\dataconnect\": could not find dataconnect.yaml in `c:\\Adistu\\dataconnect`\n"}}
[debug] [2026-10-07T14:36:01.695Z] E1007 20:06:01.694551    8676 watch.go:40] Failed to load config from "c:\\Adistu\\dataconnect": could not find dataconnect.yaml in `c:\Adistu\dataconnect`
 {"metadata":{"emulator":{"name":"dataconnect"},"message":"E1007 20:06:01.694551    8676 watch.go:40] Failed to load config from \"c:\\\\Adistu\\\\dataconnect\": could not find dataconnect.yaml in `c:\\Adistu\\dataconnect`\n"}}
[debug] [2026-10-07T14:36:11.694Z] E1007 20:06:11.694389    8676 watch.go:40] Failed to load config from "c:\\Adistu\\dataconnect": could not find dataconnect.yaml in `c:\Adistu\dataconnect`
 {"metadata":{"emulator":{"name":"dataconnect"},"message":"E1007 20:06:11.694389    8676 watch.go:40] Failed to load config from \"c:\\\\Adistu\\\\dataconnect\": could not find dataconnect.yaml in `c:\\Adistu\\dataconnect`\n"}}
[debug] [2026-10-07T14:36:21.694Z] E1007 20:06:21.694611    8676 watch.go:116] watchAllDir unable to walk dir `c:\Adistu\dataconnect`: GetFileAttributesEx c:\Adistu\dataconnect: The system cannot find the file specified.
 {"metadata":{"emulator":{"name":"dataconnect"},"message":"E1007 20:06:21.694611    8676 watch.go:116] watchAllDir unable to walk dir `c:\\Adistu\\dataconnect`: GetFileAttributesEx c:\\Adistu\\dataconnect: The system cannot find the file specified.\n"}}
[debug] [2026-10-07T14:36:21.696Z] E1007 20:06:21.695133    8676 watch.go:40] Failed to load config from "c:\\Adistu\\dataconnect": could not find dataconnect.yaml in `c:\Adistu\dataconnect`
 {"metadata":{"emulator":{"name":"dataconnect"},"message":"E1007 20:06:21.695133    8676 watch.go:40] Failed to load config from \"c:\\\\Adistu\\\\dataconnect\": could not find dataconnect.yaml in `c:\\Adistu\\dataconnect`\n"}}
[debug] [2026-10-07T14:36:31.703Z] E1007 20:06:31.703425    8676 watch.go:40] Failed to load config from "c:\\Adistu\\dataconnect": could not find dataconnect.yaml in `c:\Adistu\dataconnect`
 {"metadata":{"emulator":{"name":"dataconnect"},"message":"E1007 20:06:31.703425    8676 watch.go:40] Failed to load config from \"c:\\\\Adistu\\\\dataconnect\": could not find dataconnect.yaml in `c:\\Adistu\\dataconnect`\n"}}
[debug] [2026-10-07T14:36:41.694Z] E1007 20:06:41.694210    8676 watch.go:40] Failed to load config from "c:\\Adistu\\dataconnect": could not find dataconnect.yaml in `c:\Adistu\dataconnect`
 {"metadata":{"emulator":{"name":"dataconnect"},"message":"E1007 20:06:41.694210    8676 watch.go:40] Failed to load config from \"c:\\\\Adistu\\\\dataconnect\": could not find dataconnect.yaml in `c:\\Adistu\\dataconnect`\n"}}
[debug] [2026-10-07T14:36:51.695Z] E1007 20:06:51.695546    8676 watch.go:40] Failed to load config from "c:\\Adistu\\dataconnect": could not find dataconnect.yaml in `c:\Adistu\dataconnect`
 {"metadata":{"emulator":{"name":"dataconnect"},"message":"E1007 20:06:51.695546    8676 watch.go:40] Failed to load config from \"c:\\\\Adistu\\\\dataconnect\": could not find dataconnect.yaml in `c:\\Adistu\\dataconnect`\n"}}
[debug] [2026-10-07T14:37:01.695Z] E1007 20:07:01.695524    8676 watch.go:40] Failed to load config from "c:\\Adistu\\dataconnect": could not find dataconnect.yaml in `c:\Adistu\dataconnect`
 {"metadata":{"emulator":{"name":"dataconnect"},"message":"E1007 20:07:01.695524    8676 watch.go:40] Failed to load config from \"c:\\\\Adistu\\\\dataconnect\": could not find dataconnect.yaml in `c:\\Adistu\\dataconnect`\n"}}
[debug] [2026-10-07T14:37:11.702Z] E1007 20:07:11.695605    8676 watch.go:40] Failed to load config from "c:\\Adistu\\dataconnect": could not find dataconnect.yaml in `c:\Adistu\dataconnect`
 {"metadata":{"emulator":{"name":"dataconnect"},"message":"E1007 20:07:11.695605    8676 watch.go:40] Failed to load config from \"c:\\\\Adistu\\\\dataconnect\": could not find dataconnect.yaml in `c:\\Adistu\\dataconnect`\n"}}
[debug] [2026-10-07T14:37:21.713Z] E1007 20:07:21.712107    8676 watch.go:116] watchAllDir unable to walk dir `c:\Adistu\dataconnect`: GetFileAttributesEx c:\Adistu\dataconnect: The system cannot find the file specified.
 {"metadata":{"emulator":{"name":"dataconnect"},"message":"E1007 20:07:21.712107    8676 watch.go:116] watchAllDir unable to walk dir `c:\\Adistu\\dataconnect`: GetFileAttributesEx c:\\Adistu\\dataconnect: The system cannot find the file specified.\n"}}
[debug] [2026-10-07T14:37:21.753Z] E1007 20:07:21.753444    8676 watch.go:40] Failed to load config from "c:\\Adistu\\dataconnect": could not find dataconnect.yaml in `c:\Adistu\dataconnect`
 {"metadata":{"emulator":{"name":"dataconnect"},"message":"E1007 20:07:21.753444    8676 watch.go:40] Failed to load config from \"c:\\\\Adistu\\\\dataconnect\": could not find dataconnect.yaml in `c:\\Adistu\\dataconnect`\n"}}
[debug] [2026-10-07T14:37:31.695Z] E1007 20:07:31.694856    8676 watch.go:40] Failed to load config from "c:\\Adistu\\dataconnect": could not find dataconnect.yaml in `c:\Adistu\dataconnect`
 {"metadata":{"emulator":{"name":"dataconnect"},"message":"E1007 20:07:31.694856    8676 watch.go:40] Failed to load config from \"c:\\\\Adistu\\\\dataconnect\": could not find dataconnect.yaml in `c:\\Adistu\\dataconnect`\n"}}
[debug] [2026-10-07T14:37:41.694Z] E1007 20:07:41.694301    8676 watch.go:40] Failed to load config from "c:\\Adistu\\dataconnect": could not find dataconnect.yaml in `c:\Adistu\dataconnect`
 {"metadata":{"emulator":{"name":"dataconnect"},"message":"E1007 20:07:41.694301    8676 watch.go:40] Failed to load config from \"c:\\\\Adistu\\\\dataconnect\": could not find dataconnect.yaml in `c:\\Adistu\\dataconnect`\n"}}
[debug] [2026-10-07T14:37:51.694Z] E1007 20:07:51.694221    8676 watch.go:40] Failed to load config from "c:\\Adistu\\dataconnect": could not find dataconnect.yaml in `c:\Adistu\dataconnect`
 {"metadata":{"emulator":{"name":"dataconnect"},"message":"E1007 20:07:51.694221    8676 watch.go:40] Failed to load config from \"c:\\\\Adistu\\\\dataconnect\": could not find dataconnect.yaml in `c:\\Adistu\\dataconnect`\n"}}
[debug] [2026-10-07T14:38:01.694Z] E1007 20:08:01.694375    8676 watch.go:40] Failed to load config from "c:\\Adistu\\dataconnect": could not find dataconnect.yaml in `c:\Adistu\dataconnect`
 {"metadata":{"emulator":{"name":"dataconnect"},"message":"E1007 20:08:01.694375    8676 watch.go:40] Failed to load config from \"c:\\\\Adistu\\\\dataconnect\": could not find dataconnect.yaml in `c:\\Adistu\\dataconnect`\n"}}
[debug] [2026-10-07T14:38:11.695Z] E1007 20:08:11.694636    8676 watch.go:40] Failed to load config from "c:\\Adistu\\dataconnect": could not find dataconnect.yaml in `c:\Adistu\dataconnect`
 {"metadata":{"emulator":{"name":"dataconnect"},"message":"E1007 20:08:11.694636    8676 watch.go:40] Failed to load config from \"c:\\\\Adistu\\\\dataconnect\": could not find dataconnect.yaml in `c:\\Adistu\\dataconnect`\n"}}
[debug] [2026-10-07T14:38:21.694Z] E1007 20:08:21.694207    8676 watch.go:116] watchAllDir unable to walk dir `c:\Adistu\dataconnect`: GetFileAttributesEx c:\Adistu\dataconnect: The system cannot find the file specified.
 {"metadata":{"emulator":{"name":"dataconnect"},"message":"E1007 20:08:21.694207    8676 watch.go:116] watchAllDir unable to walk dir `c:\\Adistu\\dataconnect`: GetFileAttributesEx c:\\Adistu\\dataconnect: The system cannot find the file specified.\n"}}
[debug] [2026-10-07T14:38:21.696Z] E1007 20:08:21.694796    8676 watch.go:40] Failed to load config from "c:\\Adistu\\dataconnect": could not find dataconnect.yaml in `c:\Adistu\dataconnect`
 {"metadata":{"emulator":{"name":"dataconnect"},"message":"E1007 20:08:21.694796    8676 watch.go:40] Failed to load config from \"c:\\\\Adistu\\\\dataconnect\": could not find dataconnect.yaml in `c:\\Adistu\\dataconnect`\n"}}
[debug] [2026-10-07T14:38:31.695Z] E1007 20:08:31.695133    8676 watch.go:40] Failed to load config from "c:\\Adistu\\dataconnect": could not find dataconnect.yaml in `c:\Adistu\dataconnect`
 {"metadata":{"emulator":{"name":"dataconnect"},"message":"E1007 20:08:31.695133    8676 watch.go:40] Failed to load config from \"c:\\\\Adistu\\\\dataconnect\": could not find dataconnect.yaml in `c:\\Adistu\\dataconnect`\n"}}
[debug] [2026-10-07T14:38:41.695Z] E1007 20:08:41.694795    8676 watch.go:40] Failed to load config from "c:\\Adistu\\dataconnect": could not find dataconnect.yaml in `c:\Adistu\dataconnect`
 {"metadata":{"emulator":{"name":"dataconnect"},"message":"E1007 20:08:41.694795    8676 watch.go:40] Failed to load config from \"c:\\\\Adistu\\\\dataconnect\": could not find dataconnect.yaml in `c:\\Adistu\\dataconnect`\n"}}
[debug] [2026-10-07T14:38:51.695Z] E1007 20:08:51.694763    8676 watch.go:40] Failed to load config from "c:\\Adistu\\dataconnect": could not find dataconnect.yaml in `c:\Adistu\dataconnect`
 {"metadata":{"emulator":{"name":"dataconnect"},"message":"E1007 20:08:51.694763    8676 watch.go:40] Failed to load config from \"c:\\\\Adistu\\\\dataconnect\": could not find dataconnect.yaml in `c:\\Adistu\\dataconnect`\n"}}
[debug] [2026-10-07T14:39:01.696Z] E1007 20:09:01.696078    8676 watch.go:40] Failed to load config from "c:\\Adistu\\dataconnect": could not find dataconnect.yaml in `c:\Adistu\dataconnect`
 {"metadata":{"emulator":{"name":"dataconnect"},"message":"E1007 20:09:01.696078    8676 watch.go:40] Failed to load config from \"c:\\\\Adistu\\\\dataconnect\": could not find dataconnect.yaml in `c:\\Adistu\\dataconnect`\n"}}
[debug] [2026-10-07T14:39:11.696Z] E1007 20:09:11.695527    8676 watch.go:40] Failed to load config from "c:\\Adistu\\dataconnect": could not find dataconnect.yaml in `c:\Adistu\dataconnect`
 {"metadata":{"emulator":{"name":"dataconnect"},"message":"E1007 20:09:11.695527    8676 watch.go:40] Failed to load config from \"c:\\\\Adistu\\\\dataconnect\": could not find dataconnect.yaml in `c:\\Adistu\\dataconnect`\n"}}
[debug] [2026-10-07T14:39:21.694Z] E1007 20:09:21.694328    8676 watch.go:116] watchAllDir unable to walk dir `c:\Adistu\dataconnect`: GetFileAttributesEx c:\Adistu\dataconnect: The system cannot find the file specified.
 {"metadata":{"emulator":{"name":"dataconnect"},"message":"E1007 20:09:21.694328    8676 watch.go:116] watchAllDir unable to walk dir `c:\\Adistu\\dataconnect`: GetFileAttributesEx c:\\Adistu\\dataconnect: The system cannot find the file specified.\n"}}
[debug] [2026-10-07T14:39:21.696Z] E1007 20:09:21.694903    8676 watch.go:40] Failed to load config from "c:\\Adistu\\dataconnect": could not find dataconnect.yaml in `c:\Adistu\dataconnect`
 {"metadata":{"emulator":{"name":"dataconnect"},"message":"E1007 20:09:21.694903    8676 watch.go:40] Failed to load config from \"c:\\\\Adistu\\\\dataconnect\": could not find dataconnect.yaml in `c:\\Adistu\\dataconnect`\n"}}
[debug] [2026-10-07T14:39:31.695Z] E1007 20:09:31.694621    8676 watch.go:40] Failed to load config from "c:\\Adistu\\dataconnect": could not find dataconnect.yaml in `c:\Adistu\dataconnect`
 {"metadata":{"emulator":{"name":"dataconnect"},"message":"E1007 20:09:31.694621    8676 watch.go:40] Failed to load config from \"c:\\\\Adistu\\\\dataconnect\": could not find dataconnect.yaml in `c:\\Adistu\\dataconnect`\n"}}
[debug] [2026-10-07T14:39:41.694Z] E1007 20:09:41.694303    8676 watch.go:40] Failed to load config from "c:\\Adistu\\dataconnect": could not find dataconnect.yaml in `c:\Adistu\dataconnect`
 {"metadata":{"emulator":{"name":"dataconnect"},"message":"E1007 20:09:41.694303    8676 watch.go:40] Failed to load config from \"c:\\\\Adistu\\\\dataconnect\": could not find dataconnect.yaml in `c:\\Adistu\\dataconnect`\n"}}
[debug] [2026-10-07T14:39:51.695Z] E1007 20:09:51.694640    8676 watch.go:40] Failed to load config from "c:\\Adistu\\dataconnect": could not find dataconnect.yaml in `c:\Adistu\dataconnect`
 {"metadata":{"emulator":{"name":"dataconnect"},"message":"E1007 20:09:51.694640    8676 watch.go:40] Failed to load config from \"c:\\\\Adistu\\\\dataconnect\": could not find dataconnect.yaml in `c:\\Adistu\\dataconnect`\n"}}
[debug] [2026-10-07T14:40:01.694Z] E1007 20:10:01.694289    8676 watch.go:40] Failed to load config from "c:\\Adistu\\dataconnect": could not find dataconnect.yaml in `c:\Adistu\dataconnect`
 {"metadata":{"emulator":{"name":"dataconnect"},"message":"E1007 20:10:01.694289    8676 watch.go:40] Failed to load config from \"c:\\\\Adistu\\\\dataconnect\": could not find dataconnect.yaml in `c:\\Adistu\\dataconnect`\n"}}
[debug] [2026-10-07T14:40:11.694Z] E1007 20:10:11.694157    8676 watch.go:40] Failed to load config from "c:\\Adistu\\dataconnect": could not find dataconnect.yaml in `c:\Adistu\dataconnect`
 {"metadata":{"emulator":{"name":"dataconnect"},"message":"E1007 20:10:11.694157    8676 watch.go:40] Failed to load config from \"c:\\\\Adistu\\\\dataconnect\": could not find dataconnect.yaml in `c:\\Adistu\\dataconnect`\n"}}
[debug] [2026-10-07T14:40:21.694Z] E1007 20:10:21.693798    8676 watch.go:116] watchAllDir unable to walk dir `c:\Adistu\dataconnect`: GetFileAttributesEx c:\Adistu\dataconnect: The system cannot find the file specified.
 {"metadata":{"emulator":{"name":"dataconnect"},"message":"E1007 20:10:21.693798    8676 watch.go:116] watchAllDir unable to walk dir `c:\\Adistu\\dataconnect`: GetFileAttributesEx c:\\Adistu\\dataconnect: The system cannot find the file specified.\n"}}
[debug] [2026-10-07T14:40:21.697Z] E1007 20:10:21.694523    8676 watch.go:40] Failed to load config from "c:\\Adistu\\dataconnect": could not find dataconnect.yaml in `c:\Adistu\dataconnect`
 {"metadata":{"emulator":{"name":"dataconnect"},"message":"E1007 20:10:21.694523    8676 watch.go:40] Failed to load config from \"c:\\\\Adistu\\\\dataconnect\": could not find dataconnect.yaml in `c:\\Adistu\\dataconnect`\n"}}
[debug] [2026-10-07T14:40:31.695Z] E1007 20:10:31.694822    8676 watch.go:40] Failed to load config from "c:\\Adistu\\dataconnect": could not find dataconnect.yaml in `c:\Adistu\dataconnect`
 {"metadata":{"emulator":{"name":"dataconnect"},"message":"E1007 20:10:31.694822    8676 watch.go:40] Failed to load config from \"c:\\\\Adistu\\\\dataconnect\": could not find dataconnect.yaml in `c:\\Adistu\\dataconnect`\n"}}
[debug] [2026-10-07T14:40:41.719Z] E1007 20:10:41.717586    8676 watch.go:40] Failed to load config from "c:\\Adistu\\dataconnect": could not find dataconnect.yaml in `c:\Adistu\dataconnect`
 {"metadata":{"emulator":{"name":"dataconnect"},"message":"E1007 20:10:41.717586    8676 watch.go:40] Failed to load config from \"c:\\\\Adistu\\\\dataconnect\": could not find dataconnect.yaml in `c:\\Adistu\\dataconnect`\n"}}
[debug] [2026-10-07T14:40:51.694Z] E1007 20:10:51.694822    8676 watch.go:40] Failed to load config from "c:\\Adistu\\dataconnect": could not find dataconnect.yaml in `c:\Adistu\dataconnect`
 {"metadata":{"emulator":{"name":"dataconnect"},"message":"E1007 20:10:51.694822    8676 watch.go:40] Failed to load config from \"c:\\\\Adistu\\\\dataconnect\": could not find dataconnect.yaml in `c:\\Adistu\\dataconnect`\n"}}
[debug] [2026-10-07T14:41:01.697Z] E1007 20:11:01.697215    8676 watch.go:40] Failed to load config from "c:\\Adistu\\dataconnect": could not find dataconnect.yaml in `c:\Adistu\dataconnect`
 {"metadata":{"emulator":{"name":"dataconnect"},"message":"E1007 20:11:01.697215    8676 watch.go:40] Failed to load config from \"c:\\\\Adistu\\\\dataconnect\": could not find dataconnect.yaml in `c:\\Adistu\\dataconnect`\n"}}
[debug] [2026-10-07T14:41:11.696Z] E1007 20:11:11.696280    8676 watch.go:40] Failed to load config from "c:\\Adistu\\dataconnect": could not find dataconnect.yaml in `c:\Adistu\dataconnect`
 {"metadata":{"emulator":{"name":"dataconnect"},"message":"E1007 20:11:11.696280    8676 watch.go:40] Failed to load config from \"c:\\\\Adistu\\\\dataconnect\": could not find dataconnect.yaml in `c:\\Adistu\\dataconnect`\n"}}
[debug] [2026-10-07T14:41:21.695Z] E1007 20:11:21.695103    8676 watch.go:116] watchAllDir unable to walk dir `c:\Adistu\dataconnect`: GetFileAttributesEx c:\Adistu\dataconnect: The system cannot find the file specified.
 {"metadata":{"emulator":{"name":"dataconnect"},"message":"E1007 20:11:21.695103    8676 watch.go:116] watchAllDir unable to walk dir `c:\\Adistu\\dataconnect`: GetFileAttributesEx c:\\Adistu\\dataconnect: The system cannot find the file specified.\n"}}
[debug] [2026-10-07T14:41:21.702Z] E1007 20:11:21.695103    8676 watch.go:40] Failed to load config from "c:\\Adistu\\dataconnect": could not find dataconnect.yaml in `c:\Adistu\dataconnect`
 {"metadata":{"emulator":{"name":"dataconnect"},"message":"E1007 20:11:21.695103    8676 watch.go:40] Failed to load config from \"c:\\\\Adistu\\\\dataconnect\": could not find dataconnect.yaml in `c:\\Adistu\\dataconnect`\n"}}
[debug] [2026-10-07T14:41:31.695Z] E1007 20:11:31.694666    8676 watch.go:40] Failed to load config from "c:\\Adistu\\dataconnect": could not find dataconnect.yaml in `c:\Adistu\dataconnect`
 {"metadata":{"emulator":{"name":"dataconnect"},"message":"E1007 20:11:31.694666    8676 watch.go:40] Failed to load config from \"c:\\\\Adistu\\\\dataconnect\": could not find dataconnect.yaml in `c:\\Adistu\\dataconnect`\n"}}
[debug] [2026-10-07T14:41:41.694Z] E1007 20:11:41.694240    8676 watch.go:40] Failed to load config from "c:\\Adistu\\dataconnect": could not find dataconnect.yaml in `c:\Adistu\dataconnect`
 {"metadata":{"emulator":{"name":"dataconnect"},"message":"E1007 20:11:41.694240    8676 watch.go:40] Failed to load config from \"c:\\\\Adistu\\\\dataconnect\": could not find dataconnect.yaml in `c:\\Adistu\\dataconnect`\n"}}
[debug] [2026-10-07T14:41:51.705Z] E1007 20:11:51.705026    8676 watch.go:40] Failed to load config from "c:\\Adistu\\dataconnect": could not find dataconnect.yaml in `c:\Adistu\dataconnect`
 {"metadata":{"emulator":{"name":"dataconnect"},"message":"E1007 20:11:51.705026    8676 watch.go:40] Failed to load config from \"c:\\\\Adistu\\\\dataconnect\": could not find dataconnect.yaml in `c:\\Adistu\\dataconnect`\n"}}
[debug] [2026-10-07T14:42:01.709Z] E1007 20:12:01.707225    8676 watch.go:40] Failed to load config from "c:\\Adistu\\dataconnect": could not find dataconnect.yaml in `c:\Adistu\dataconnect`
 {"metadata":{"emulator":{"name":"dataconnect"},"message":"E1007 20:12:01.707225    8676 watch.go:40] Failed to load config from \"c:\\\\Adistu\\\\dataconnect\": could not find dataconnect.yaml in `c:\\Adistu\\dataconnect`\n"}}
[debug] [2026-10-07T14:42:11.702Z] E1007 20:12:11.700884    8676 watch.go:40] Failed to load config from "c:\\Adistu\\dataconnect": could not find dataconnect.yaml in `c:\Adistu\dataconnect`
 {"metadata":{"emulator":{"name":"dataconnect"},"message":"E1007 20:12:11.700884    8676 watch.go:40] Failed to load config from \"c:\\\\Adistu\\\\dataconnect\": could not find dataconnect.yaml in `c:\\Adistu\\dataconnect`\n"}}
[debug] [2026-10-07T14:42:21.695Z] E1007 20:12:21.694086    8676 watch.go:116] watchAllDir unable to walk dir `c:\Adistu\dataconnect`: GetFileAttributesEx c:\Adistu\dataconnect: The system cannot find the file specified.
 {"metadata":{"emulator":{"name":"dataconnect"},"message":"E1007 20:12:21.694086    8676 watch.go:116] watchAllDir unable to walk dir `c:\\Adistu\\dataconnect`: GetFileAttributesEx c:\\Adistu\\dataconnect: The system cannot find the file specified.\n"}}
[debug] [2026-10-07T14:42:21.697Z] E1007 20:12:21.695293    8676 watch.go:40] Failed to load config from "c:\\Adistu\\dataconnect": could not find dataconnect.yaml in `c:\Adistu\dataconnect`
 {"metadata":{"emulator":{"name":"dataconnect"},"message":"E1007 20:12:21.695293    8676 watch.go:40] Failed to load config from \"c:\\\\Adistu\\\\dataconnect\": could not find dataconnect.yaml in `c:\\Adistu\\dataconnect`\n"}}
[debug] [2026-10-07T14:42:31.695Z] E1007 20:12:31.695326    8676 watch.go:40] Failed to load config from "c:\\Adistu\\dataconnect": could not find dataconnect.yaml in `c:\Adistu\dataconnect`
 {"metadata":{"emulator":{"name":"dataconnect"},"message":"E1007 20:12:31.695326    8676 watch.go:40] Failed to load config from \"c:\\\\Adistu\\\\dataconnect\": could not find dataconnect.yaml in `c:\\Adistu\\dataconnect`\n"}}
[debug] [2026-10-07T14:42:41.694Z] E1007 20:12:41.694771    8676 watch.go:40] Failed to load config from "c:\\Adistu\\dataconnect": could not find dataconnect.yaml in `c:\Adistu\dataconnect`
 {"metadata":{"emulator":{"name":"dataconnect"},"message":"E1007 20:12:41.694771    8676 watch.go:40] Failed to load config from \"c:\\\\Adistu\\\\dataconnect\": could not find dataconnect.yaml in `c:\\Adistu\\dataconnect`\n"}}
[debug] [2026-10-07T14:42:51.699Z] E1007 20:12:51.699296    8676 watch.go:40] Failed to load config from "c:\\Adistu\\dataconnect": could not find dataconnect.yaml in `c:\Adistu\dataconnect`
 {"metadata":{"emulator":{"name":"dataconnect"},"message":"E1007 20:12:51.699296    8676 watch.go:40] Failed to load config from \"c:\\\\Adistu\\\\dataconnect\": could not find dataconnect.yaml in `c:\\Adistu\\dataconnect`\n"}}
[debug] [2026-10-07T14:43:01.695Z] E1007 20:13:01.695137    8676 watch.go:40] Failed to load config from "c:\\Adistu\\dataconnect": could not find dataconnect.yaml in `c:\Adistu\dataconnect`
 {"metadata":{"emulator":{"name":"dataconnect"},"message":"E1007 20:13:01.695137    8676 watch.go:40] Failed to load config from \"c:\\\\Adistu\\\\dataconnect\": could not find dataconnect.yaml in `c:\\Adistu\\dataconnect`\n"}}
[debug] [2026-10-07T14:43:11.695Z] E1007 20:13:11.694362    8676 watch.go:40] Failed to load config from "c:\\Adistu\\dataconnect": could not find dataconnect.yaml in `c:\Adistu\dataconnect`
 {"metadata":{"emulator":{"name":"dataconnect"},"message":"E1007 20:13:11.694362    8676 watch.go:40] Failed to load config from \"c:\\\\Adistu\\\\dataconnect\": could not find dataconnect.yaml in `c:\\Adistu\\dataconnect`\n"}}
[debug] [2026-10-07T14:43:21.695Z] E1007 20:13:21.694984    8676 watch.go:116] watchAllDir unable to walk dir `c:\Adistu\dataconnect`: GetFileAttributesEx c:\Adistu\dataconnect: The system cannot find the file specified.
 {"metadata":{"emulator":{"name":"dataconnect"},"message":"E1007 20:13:21.694984    8676 watch.go:116] watchAllDir unable to walk dir `c:\\Adistu\\dataconnect`: GetFileAttributesEx c:\\Adistu\\dataconnect: The system cannot find the file specified.\n"}}
[debug] [2026-10-07T14:43:21.697Z] E1007 20:13:21.695499    8676 watch.go:40] Failed to load config from "c:\\Adistu\\dataconnect": could not find dataconnect.yaml in `c:\Adistu\dataconnect`
 {"metadata":{"emulator":{"name":"dataconnect"},"message":"E1007 20:13:21.695499    8676 watch.go:40] Failed to load config from \"c:\\\\Adistu\\\\dataconnect\": could not find dataconnect.yaml in `c:\\Adistu\\dataconnect`\n"}}
[debug] [2026-10-07T14:43:31.696Z] E1007 20:13:31.695513    8676 watch.go:40] Failed to load config from "c:\\Adistu\\dataconnect": could not find dataconnect.yaml in `c:\Adistu\dataconnect`
 {"metadata":{"emulator":{"name":"dataconnect"},"message":"E1007 20:13:31.695513    8676 watch.go:40] Failed to load config from \"c:\\\\Adistu\\\\dataconnect\": could not find dataconnect.yaml in `c:\\Adistu\\dataconnect`\n"}}
[debug] [2026-10-07T14:43:41.695Z] E1007 20:13:41.694870    8676 watch.go:40] Failed to load config from "c:\\Adistu\\dataconnect": could not find dataconnect.yaml in `c:\Adistu\dataconnect`
 {"metadata":{"emulator":{"name":"dataconnect"},"message":"E1007 20:13:41.694870    8676 watch.go:40] Failed to load config from \"c:\\\\Adistu\\\\dataconnect\": could not find dataconnect.yaml in `c:\\Adistu\\dataconnect`\n"}}
[debug] [2026-10-07T14:43:51.697Z] E1007 20:13:51.697685    8676 watch.go:40] Failed to load config from "c:\\Adistu\\dataconnect": could not find dataconnect.yaml in `c:\Adistu\dataconnect`
 {"metadata":{"emulator":{"name":"dataconnect"},"message":"E1007 20:13:51.697685    8676 watch.go:40] Failed to load config from \"c:\\\\Adistu\\\\dataconnect\": could not find dataconnect.yaml in `c:\\Adistu\\dataconnect`\n"}}
[debug] [2026-10-07T14:44:01.695Z] E1007 20:14:01.694498    8676 watch.go:40] Failed to load config from "c:\\Adistu\\dataconnect": could not find dataconnect.yaml in `c:\Adistu\dataconnect`
 {"metadata":{"emulator":{"name":"dataconnect"},"message":"E1007 20:14:01.694498    8676 watch.go:40] Failed to load config from \"c:\\\\Adistu\\\\dataconnect\": could not find dataconnect.yaml in `c:\\Adistu\\dataconnect`\n"}}
[debug] [2026-10-07T14:44:11.694Z] E1007 20:14:11.694267    8676 watch.go:40] Failed to load config from "c:\\Adistu\\dataconnect": could not find dataconnect.yaml in `c:\Adistu\dataconnect`
 {"metadata":{"emulator":{"name":"dataconnect"},"message":"E1007 20:14:11.694267    8676 watch.go:40] Failed to load config from \"c:\\\\Adistu\\\\dataconnect\": could not find dataconnect.yaml in `c:\\Adistu\\dataconnect`\n"}}
[debug] [2026-10-07T14:44:21.701Z] E1007 20:14:21.700621    8676 watch.go:116] watchAllDir unable to walk dir `c:\Adistu\dataconnect`: GetFileAttributesEx c:\Adistu\dataconnect: The system cannot find the file specified.
 {"metadata":{"emulator":{"name":"dataconnect"},"message":"E1007 20:14:21.700621    8676 watch.go:116] watchAllDir unable to walk dir `c:\\Adistu\\dataconnect`: GetFileAttributesEx c:\\Adistu\\dataconnect: The system cannot find the file specified.\n"}}
[debug] [2026-10-07T14:44:21.706Z] E1007 20:14:21.701179    8676 watch.go:40] Failed to load config from "c:\\Adistu\\dataconnect": could not find dataconnect.yaml in `c:\Adistu\dataconnect`
 {"metadata":{"emulator":{"name":"dataconnect"},"message":"E1007 20:14:21.701179    8676 watch.go:40] Failed to load config from \"c:\\\\Adistu\\\\dataconnect\": could not find dataconnect.yaml in `c:\\Adistu\\dataconnect`\n"}}
[debug] [2026-10-07T14:44:31.695Z] E1007 20:14:31.695348    8676 watch.go:40] Failed to load config from "c:\\Adistu\\dataconnect": could not find dataconnect.yaml in `c:\Adistu\dataconnect`
 {"metadata":{"emulator":{"name":"dataconnect"},"message":"E1007 20:14:31.695348    8676 watch.go:40] Failed to load config from \"c:\\\\Adistu\\\\dataconnect\": could not find dataconnect.yaml in `c:\\Adistu\\dataconnect`\n"}}
[debug] [2026-10-07T14:44:41.694Z] E1007 20:14:41.694380    8676 watch.go:40] Failed to load config from "c:\\Adistu\\dataconnect": could not find dataconnect.yaml in `c:\Adistu\dataconnect`
 {"metadata":{"emulator":{"name":"dataconnect"},"message":"E1007 20:14:41.694380    8676 watch.go:40] Failed to load config from \"c:\\\\Adistu\\\\dataconnect\": could not find dataconnect.yaml in `c:\\Adistu\\dataconnect`\n"}}
[debug] [2026-10-07T14:44:51.694Z] E1007 20:14:51.694215    8676 watch.go:40] Failed to load config from "c:\\Adistu\\dataconnect": could not find dataconnect.yaml in `c:\Adistu\dataconnect`
 {"metadata":{"emulator":{"name":"dataconnect"},"message":"E1007 20:14:51.694215    8676 watch.go:40] Failed to load config from \"c:\\\\Adistu\\\\dataconnect\": could not find dataconnect.yaml in `c:\\Adistu\\dataconnect`\n"}}
[debug] [2026-10-07T14:45:01.695Z] E1007 20:15:01.694923    8676 watch.go:40] Failed to load config from "c:\\Adistu\\dataconnect": could not find dataconnect.yaml in `c:\Adistu\dataconnect`
 {"metadata":{"emulator":{"name":"dataconnect"},"message":"E1007 20:15:01.694923    8676 watch.go:40] Failed to load config from \"c:\\\\Adistu\\\\dataconnect\": could not find dataconnect.yaml in `c:\\Adistu\\dataconnect`\n"}}
[debug] [2026-10-07T14:45:11.695Z] E1007 20:15:11.694313    8676 watch.go:40] Failed to load config from "c:\\Adistu\\dataconnect": could not find dataconnect.yaml in `c:\Adistu\dataconnect`
 {"metadata":{"emulator":{"name":"dataconnect"},"message":"E1007 20:15:11.694313    8676 watch.go:40] Failed to load config from \"c:\\\\Adistu\\\\dataconnect\": could not find dataconnect.yaml in `c:\\Adistu\\dataconnect`\n"}}
[debug] [2026-10-07T14:45:21.694Z] E1007 20:15:21.694226    8676 watch.go:116] watchAllDir unable to walk dir `c:\Adistu\dataconnect`: GetFileAttributesEx c:\Adistu\dataconnect: The system cannot find the file specified.
 {"metadata":{"emulator":{"name":"dataconnect"},"message":"E1007 20:15:21.694226    8676 watch.go:116] watchAllDir unable to walk dir `c:\\Adistu\\dataconnect`: GetFileAttributesEx c:\\Adistu\\dataconnect: The system cannot find the file specified.\n"}}
[debug] [2026-10-07T14:45:21.696Z] E1007 20:15:21.694812    8676 watch.go:40] Failed to load config from "c:\\Adistu\\dataconnect": could not find dataconnect.yaml in `c:\Adistu\dataconnect`
 {"metadata":{"emulator":{"name":"dataconnect"},"message":"E1007 20:15:21.694812    8676 watch.go:40] Failed to load config from \"c:\\\\Adistu\\\\dataconnect\": could not find dataconnect.yaml in `c:\\Adistu\\dataconnect`\n"}}
[debug] [2026-10-07T14:45:31.696Z] E1007 20:15:31.695547    8676 watch.go:40] Failed to load config from "c:\\Adistu\\dataconnect": could not find dataconnect.yaml in `c:\Adistu\dataconnect`
 {"metadata":{"emulator":{"name":"dataconnect"},"message":"E1007 20:15:31.695547    8676 watch.go:40] Failed to load config from \"c:\\\\Adistu\\\\dataconnect\": could not find dataconnect.yaml in `c:\\Adistu\\dataconnect`\n"}}
[debug] [2026-10-07T14:45:41.695Z] E1007 20:15:41.694836    8676 watch.go:40] Failed to load config from "c:\\Adistu\\dataconnect": could not find dataconnect.yaml in `c:\Adistu\dataconnect`
 {"metadata":{"emulator":{"name":"dataconnect"},"message":"E1007 20:15:41.694836    8676 watch.go:40] Failed to load config from \"c:\\\\Adistu\\\\dataconnect\": could not find dataconnect.yaml in `c:\\Adistu\\dataconnect`\n"}}
[debug] [2026-10-07T14:45:51.697Z] E1007 20:15:51.694363    8676 watch.go:40] Failed to load config from "c:\\Adistu\\dataconnect": could not find dataconnect.yaml in `c:\Adistu\dataconnect`
 {"metadata":{"emulator":{"name":"dataconnect"},"message":"E1007 20:15:51.694363    8676 watch.go:40] Failed to load config from \"c:\\\\Adistu\\\\dataconnect\": could not find dataconnect.yaml in `c:\\Adistu\\dataconnect`\n"}}
[debug] [2026-10-07T14:46:01.695Z] E1007 20:16:01.695533    8676 watch.go:40] Failed to load config from "c:\\Adistu\\dataconnect": could not find dataconnect.yaml in `c:\Adistu\dataconnect`
 {"metadata":{"emulator":{"name":"dataconnect"},"message":"E1007 20:16:01.695533    8676 watch.go:40] Failed to load config from \"c:\\\\Adistu\\\\dataconnect\": could not find dataconnect.yaml in `c:\\Adistu\\dataconnect`\n"}}
[debug] [2026-10-07T14:46:11.696Z] E1007 20:16:11.694148    8676 watch.go:40] Failed to load config from "c:\\Adistu\\dataconnect": could not find dataconnect.yaml in `c:\Adistu\dataconnect`
 {"metadata":{"emulator":{"name":"dataconnect"},"message":"E1007 20:16:11.694148    8676 watch.go:40] Failed to load config from \"c:\\\\Adistu\\\\dataconnect\": could not find dataconnect.yaml in `c:\\Adistu\\dataconnect`\n"}}
[debug] [2026-10-07T14:46:21.694Z] E1007 20:16:21.693883    8676 watch.go:116] watchAllDir unable to walk dir `c:\Adistu\dataconnect`: GetFileAttributesEx c:\Adistu\dataconnect: The system cannot find the file specified.
 {"metadata":{"emulator":{"name":"dataconnect"},"message":"E1007 20:16:21.693883    8676 watch.go:116] watchAllDir unable to walk dir `c:\\Adistu\\dataconnect`: GetFileAttributesEx c:\\Adistu\\dataconnect: The system cannot find the file specified.\n"}}
[debug] [2026-10-07T14:46:21.696Z] E1007 20:16:21.694525    8676 watch.go:40] Failed to load config from "c:\\Adistu\\dataconnect": could not find dataconnect.yaml in `c:\Adistu\dataconnect`
 {"metadata":{"emulator":{"name":"dataconnect"},"message":"E1007 20:16:21.694525    8676 watch.go:40] Failed to load config from \"c:\\\\Adistu\\\\dataconnect\": could not find dataconnect.yaml in `c:\\Adistu\\dataconnect`\n"}}
[debug] [2026-10-07T14:46:31.695Z] E1007 20:16:31.695540    8676 watch.go:40] Failed to load config from "c:\\Adistu\\dataconnect": could not find dataconnect.yaml in `c:\Adistu\dataconnect`
 {"metadata":{"emulator":{"name":"dataconnect"},"message":"E1007 20:16:31.695540    8676 watch.go:40] Failed to load config from \"c:\\\\Adistu\\\\dataconnect\": could not find dataconnect.yaml in `c:\\Adistu\\dataconnect`\n"}}
[debug] [2026-10-07T14:46:41.695Z] E1007 20:16:41.694712    8676 watch.go:40] Failed to load config from "c:\\Adistu\\dataconnect": could not find dataconnect.yaml in `c:\Adistu\dataconnect`
 {"metadata":{"emulator":{"name":"dataconnect"},"message":"E1007 20:16:41.694712    8676 watch.go:40] Failed to load config from \"c:\\\\Adistu\\\\dataconnect\": could not find dataconnect.yaml in `c:\\Adistu\\dataconnect`\n"}}
[debug] [2026-10-07T14:46:51.695Z] E1007 20:16:51.695008    8676 watch.go:40] Failed to load config from "c:\\Adistu\\dataconnect": could not find dataconnect.yaml in `c:\Adistu\dataconnect`
 {"metadata":{"emulator":{"name":"dataconnect"},"message":"E1007 20:16:51.695008    8676 watch.go:40] Failed to load config from \"c:\\\\Adistu\\\\dataconnect\": could not find dataconnect.yaml in `c:\\Adistu\\dataconnect`\n"}}
[debug] [2026-10-07T14:47:01.695Z] E1007 20:17:01.695060    8676 watch.go:40] Failed to load config from "c:\\Adistu\\dataconnect": could not find dataconnect.yaml in `c:\Adistu\dataconnect`
 {"metadata":{"emulator":{"name":"dataconnect"},"message":"E1007 20:17:01.695060    8676 watch.go:40] Failed to load config from \"c:\\\\Adistu\\\\dataconnect\": could not find dataconnect.yaml in `c:\\Adistu\\dataconnect`\n"}}
[debug] [2026-10-07T14:47:11.694Z] E1007 20:17:11.694495    8676 watch.go:40] Failed to load config from "c:\\Adistu\\dataconnect": could not find dataconnect.yaml in `c:\Adistu\dataconnect`
 {"metadata":{"emulator":{"name":"dataconnect"},"message":"E1007 20:17:11.694495    8676 watch.go:40] Failed to load config from \"c:\\\\Adistu\\\\dataconnect\": could not find dataconnect.yaml in `c:\\Adistu\\dataconnect`\n"}}
[debug] [2026-10-07T14:47:21.694Z] E1007 20:17:21.693960    8676 watch.go:116] watchAllDir unable to walk dir `c:\Adistu\dataconnect`: GetFileAttributesEx c:\Adistu\dataconnect: The system cannot find the file specified.
 {"metadata":{"emulator":{"name":"dataconnect"},"message":"E1007 20:17:21.693960    8676 watch.go:116] watchAllDir unable to walk dir `c:\\Adistu\\dataconnect`: GetFileAttributesEx c:\\Adistu\\dataconnect: The system cannot find the file specified.\n"}}
[debug] [2026-10-07T14:47:21.696Z] E1007 20:17:21.693960    8676 watch.go:40] Failed to load config from "c:\\Adistu\\dataconnect": could not find dataconnect.yaml in `c:\Adistu\dataconnect`
 {"metadata":{"emulator":{"name":"dataconnect"},"message":"E1007 20:17:21.693960    8676 watch.go:40] Failed to load config from \"c:\\\\Adistu\\\\dataconnect\": could not find dataconnect.yaml in `c:\\Adistu\\dataconnect`\n"}}
[debug] [2026-10-07T14:47:31.695Z] E1007 20:17:31.695536    8676 watch.go:40] Failed to load config from "c:\\Adistu\\dataconnect": could not find dataconnect.yaml in `c:\Adistu\dataconnect`
 {"metadata":{"emulator":{"name":"dataconnect"},"message":"E1007 20:17:31.695536    8676 watch.go:40] Failed to load config from \"c:\\\\Adistu\\\\dataconnect\": could not find dataconnect.yaml in `c:\\Adistu\\dataconnect`\n"}}
[debug] [2026-10-07T14:47:41.694Z] E1007 20:17:41.694441    8676 watch.go:40] Failed to load config from "c:\\Adistu\\dataconnect": could not find dataconnect.yaml in `c:\Adistu\dataconnect`
 {"metadata":{"emulator":{"name":"dataconnect"},"message":"E1007 20:17:41.694441    8676 watch.go:40] Failed to load config from \"c:\\\\Adistu\\\\dataconnect\": could not find dataconnect.yaml in `c:\\Adistu\\dataconnect`\n"}}
[debug] [2026-10-07T14:47:51.694Z] E1007 20:17:51.694709    8676 watch.go:40] Failed to load config from "c:\\Adistu\\dataconnect": could not find dataconnect.yaml in `c:\Adistu\dataconnect`
 {"metadata":{"emulator":{"name":"dataconnect"},"message":"E1007 20:17:51.694709    8676 watch.go:40] Failed to load config from \"c:\\\\Adistu\\\\dataconnect\": could not find dataconnect.yaml in `c:\\Adistu\\dataconnect`\n"}}
[debug] [2026-10-07T14:48:01.696Z] E1007 20:18:01.696485    8676 watch.go:40] Failed to load config from "c:\\Adistu\\dataconnect": could not find dataconnect.yaml in `c:\Adistu\dataconnect`
 {"metadata":{"emulator":{"name":"dataconnect"},"message":"E1007 20:18:01.696485    8676 watch.go:40] Failed to load config from \"c:\\\\Adistu\\\\dataconnect\": could not find dataconnect.yaml in `c:\\Adistu\\dataconnect`\n"}}
[debug] [2026-10-07T14:48:11.695Z] E1007 20:18:11.695186    8676 watch.go:40] Failed to load config from "c:\\Adistu\\dataconnect": could not find dataconnect.yaml in `c:\Adistu\dataconnect`
 {"metadata":{"emulator":{"name":"dataconnect"},"message":"E1007 20:18:11.695186    8676 watch.go:40] Failed to load config from \"c:\\\\Adistu\\\\dataconnect\": could not find dataconnect.yaml in `c:\\Adistu\\dataconnect`\n"}}
[debug] [2026-10-07T14:48:21.695Z] E1007 20:18:21.694786    8676 watch.go:116] watchAllDir unable to walk dir `c:\Adistu\dataconnect`: GetFileAttributesEx c:\Adistu\dataconnect: The system cannot find the file specified.
 {"metadata":{"emulator":{"name":"dataconnect"},"message":"E1007 20:18:21.694786    8676 watch.go:116] watchAllDir unable to walk dir `c:\\Adistu\\dataconnect`: GetFileAttributesEx c:\\Adistu\\dataconnect: The system cannot find the file specified.\n"}}
[debug] [2026-10-07T14:48:21.697Z] E1007 20:18:21.695205    8676 watch.go:40] Failed to load config from "c:\\Adistu\\dataconnect": could not find dataconnect.yaml in `c:\Adistu\dataconnect`
 {"metadata":{"emulator":{"name":"dataconnect"},"message":"E1007 20:18:21.695205    8676 watch.go:40] Failed to load config from \"c:\\\\Adistu\\\\dataconnect\": could not find dataconnect.yaml in `c:\\Adistu\\dataconnect`\n"}}
[debug] [2026-10-07T14:48:31.708Z] E1007 20:18:31.705396    8676 watch.go:40] Failed to load config from "c:\\Adistu\\dataconnect": could not find dataconnect.yaml in `c:\Adistu\dataconnect`
 {"metadata":{"emulator":{"name":"dataconnect"},"message":"E1007 20:18:31.705396    8676 watch.go:40] Failed to load config from \"c:\\\\Adistu\\\\dataconnect\": could not find dataconnect.yaml in `c:\\Adistu\\dataconnect`\n"}}
[debug] [2026-10-07T14:48:41.750Z] E1007 20:18:41.737935    8676 watch.go:40] Failed to load config from "c:\\Adistu\\dataconnect": could not find dataconnect.yaml in `c:\Adistu\dataconnect`
 {"metadata":{"emulator":{"name":"dataconnect"},"message":"E1007 20:18:41.737935    8676 watch.go:40] Failed to load config from \"c:\\\\Adistu\\\\dataconnect\": could not find dataconnect.yaml in `c:\\Adistu\\dataconnect`\n"}}
[debug] [2026-10-07T14:48:51.695Z] E1007 20:18:51.695046    8676 watch.go:40] Failed to load config from "c:\\Adistu\\dataconnect": could not find dataconnect.yaml in `c:\Adistu\dataconnect`
 {"metadata":{"emulator":{"name":"dataconnect"},"message":"E1007 20:18:51.695046    8676 watch.go:40] Failed to load config from \"c:\\\\Adistu\\\\dataconnect\": could not find dataconnect.yaml in `c:\\Adistu\\dataconnect`\n"}}
[debug] [2026-10-07T14:49:01.726Z] E1007 20:19:01.713381    8676 watch.go:40] Failed to load config from "c:\\Adistu\\dataconnect": could not find dataconnect.yaml in `c:\Adistu\dataconnect`
 {"metadata":{"emulator":{"name":"dataconnect"},"message":"E1007 20:19:01.713381    8676 watch.go:40] Failed to load config from \"c:\\\\Adistu\\\\dataconnect\": could not find dataconnect.yaml in `c:\\Adistu\\dataconnect`\n"}}
[debug] [2026-10-07T14:49:11.697Z] E1007 20:19:11.697261    8676 watch.go:40] Failed to load config from "c:\\Adistu\\dataconnect": could not find dataconnect.yaml in `c:\Adistu\dataconnect`
 {"metadata":{"emulator":{"name":"dataconnect"},"message":"E1007 20:19:11.697261    8676 watch.go:40] Failed to load config from \"c:\\\\Adistu\\\\dataconnect\": could not find dataconnect.yaml in `c:\\Adistu\\dataconnect`\n"}}
[debug] [2026-10-07T14:49:21.700Z] E1007 20:19:21.697389    8676 watch.go:116] watchAllDir unable to walk dir `c:\Adistu\dataconnect`: GetFileAttributesEx c:\Adistu\dataconnect: The system cannot find the file specified.
 {"metadata":{"emulator":{"name":"dataconnect"},"message":"E1007 20:19:21.697389    8676 watch.go:116] watchAllDir unable to walk dir `c:\\Adistu\\dataconnect`: GetFileAttributesEx c:\\Adistu\\dataconnect: The system cannot find the file specified.\n"}}
[debug] [2026-10-07T14:49:21.706Z] E1007 20:19:21.697389    8676 watch.go:40] Failed to load config from "c:\\Adistu\\dataconnect": could not find dataconnect.yaml in `c:\Adistu\dataconnect`
 {"metadata":{"emulator":{"name":"dataconnect"},"message":"E1007 20:19:21.697389    8676 watch.go:40] Failed to load config from \"c:\\\\Adistu\\\\dataconnect\": could not find dataconnect.yaml in `c:\\Adistu\\dataconnect`\n"}}
[debug] [2026-10-07T14:49:31.700Z] E1007 20:19:31.700032    8676 watch.go:40] Failed to load config from "c:\\Adistu\\dataconnect": could not find dataconnect.yaml in `c:\Adistu\dataconnect`
 {"metadata":{"emulator":{"name":"dataconnect"},"message":"E1007 20:19:31.700032    8676 watch.go:40] Failed to load config from \"c:\\\\Adistu\\\\dataconnect\": could not find dataconnect.yaml in `c:\\Adistu\\dataconnect`\n"}}
[debug] [2026-10-07T14:49:41.694Z] E1007 20:19:41.694118    8676 watch.go:40] Failed to load config from "c:\\Adistu\\dataconnect": could not find dataconnect.yaml in `c:\Adistu\dataconnect`
 {"metadata":{"emulator":{"name":"dataconnect"},"message":"E1007 20:19:41.694118    8676 watch.go:40] Failed to load config from \"c:\\\\Adistu\\\\dataconnect\": could not find dataconnect.yaml in `c:\\Adistu\\dataconnect`\n"}}
[debug] [2026-10-07T14:49:51.702Z] E1007 20:19:51.702155    8676 watch.go:40] Failed to load config from "c:\\Adistu\\dataconnect": could not find dataconnect.yaml in `c:\Adistu\dataconnect`
 {"metadata":{"emulator":{"name":"dataconnect"},"message":"E1007 20:19:51.702155    8676 watch.go:40] Failed to load config from \"c:\\\\Adistu\\\\dataconnect\": could not find dataconnect.yaml in `c:\\Adistu\\dataconnect`\n"}}
[debug] [2026-10-07T14:50:01.698Z] E1007 20:20:01.697460    8676 watch.go:40] Failed to load config from "c:\\Adistu\\dataconnect": could not find dataconnect.yaml in `c:\Adistu\dataconnect`
 {"metadata":{"emulator":{"name":"dataconnect"},"message":"E1007 20:20:01.697460    8676 watch.go:40] Failed to load config from \"c:\\\\Adistu\\\\dataconnect\": could not find dataconnect.yaml in `c:\\Adistu\\dataconnect`\n"}}
[debug] [2026-10-07T14:50:11.695Z] E1007 20:20:11.695282    8676 watch.go:40] Failed to load config from "c:\\Adistu\\dataconnect": could not find dataconnect.yaml in `c:\Adistu\dataconnect`
 {"metadata":{"emulator":{"name":"dataconnect"},"message":"E1007 20:20:11.695282    8676 watch.go:40] Failed to load config from \"c:\\\\Adistu\\\\dataconnect\": could not find dataconnect.yaml in `c:\\Adistu\\dataconnect`\n"}}
[debug] [2026-10-07T14:50:21.694Z] E1007 20:20:21.694207    8676 watch.go:116] watchAllDir unable to walk dir `c:\Adistu\dataconnect`: GetFileAttributesEx c:\Adistu\dataconnect: The system cannot find the file specified.
 {"metadata":{"emulator":{"name":"dataconnect"},"message":"E1007 20:20:21.694207    8676 watch.go:116] watchAllDir unable to walk dir `c:\\Adistu\\dataconnect`: GetFileAttributesEx c:\\Adistu\\dataconnect: The system cannot find the file specified.\n"}}
[debug] [2026-10-07T14:50:21.696Z] E1007 20:20:21.694764    8676 watch.go:40] Failed to load config from "c:\\Adistu\\dataconnect": could not find dataconnect.yaml in `c:\Adistu\dataconnect`
 {"metadata":{"emulator":{"name":"dataconnect"},"message":"E1007 20:20:21.694764    8676 watch.go:40] Failed to load config from \"c:\\\\Adistu\\\\dataconnect\": could not find dataconnect.yaml in `c:\\Adistu\\dataconnect`\n"}}
[debug] [2026-10-07T14:50:31.695Z] E1007 20:20:31.695055    8676 watch.go:40] Failed to load config from "c:\\Adistu\\dataconnect": could not find dataconnect.yaml in `c:\Adistu\dataconnect`
 {"metadata":{"emulator":{"name":"dataconnect"},"message":"E1007 20:20:31.695055    8676 watch.go:40] Failed to load config from \"c:\\\\Adistu\\\\dataconnect\": could not find dataconnect.yaml in `c:\\Adistu\\dataconnect`\n"}}
[debug] [2026-10-07T14:50:41.696Z] E1007 20:20:41.693976    8676 watch.go:40] Failed to load config from "c:\\Adistu\\dataconnect": could not find dataconnect.yaml in `c:\Adistu\dataconnect`
 {"metadata":{"emulator":{"name":"dataconnect"},"message":"E1007 20:20:41.693976    8676 watch.go:40] Failed to load config from \"c:\\\\Adistu\\\\dataconnect\": could not find dataconnect.yaml in `c:\\Adistu\\dataconnect`\n"}}
[debug] [2026-10-07T14:50:51.693Z] E1007 20:20:51.694708    8676 watch.go:40] Failed to load config from "c:\\Adistu\\dataconnect": could not find dataconnect.yaml in `c:\Adistu\dataconnect`
 {"metadata":{"emulator":{"name":"dataconnect"},"message":"E1007 20:20:51.694708    8676 watch.go:40] Failed to load config from \"c:\\\\Adistu\\\\dataconnect\": could not find dataconnect.yaml in `c:\\Adistu\\dataconnect`\n"}}
[debug] [2026-10-07T14:51:01.692Z] E1007 20:21:01.694624    8676 watch.go:40] Failed to load config from "c:\\Adistu\\dataconnect": could not find dataconnect.yaml in `c:\Adistu\dataconnect`
 {"metadata":{"emulator":{"name":"dataconnect"},"message":"E1007 20:21:01.694624    8676 watch.go:40] Failed to load config from \"c:\\\\Adistu\\\\dataconnect\": could not find dataconnect.yaml in `c:\\Adistu\\dataconnect`\n"}}
[debug] [2026-10-07T14:51:11.693Z] E1007 20:21:11.694724    8676 watch.go:40] Failed to load config from "c:\\Adistu\\dataconnect": could not find dataconnect.yaml in `c:\Adistu\dataconnect`
 {"metadata":{"emulator":{"name":"dataconnect"},"message":"E1007 20:21:11.694724    8676 watch.go:40] Failed to load config from \"c:\\\\Adistu\\\\dataconnect\": could not find dataconnect.yaml in `c:\\Adistu\\dataconnect`\n"}}
[debug] [2026-10-07T14:51:21.734Z] E1007 20:21:21.694653    8676 watch.go:116] watchAllDir unable to walk dir `c:\Adistu\dataconnect`: GetFileAttributesEx c:\Adistu\dataconnect: The system cannot find the file specified.
E1007 20:21:21.695238    8676 watch.go:40] Failed to load config from "c:\\Adistu\\dataconnect": could not find dataconnect.yaml in `c:\Adistu\dataconnect`
 {"metadata":{"emulator":{"name":"dataconnect"},"message":"E1007 20:21:21.694653    8676 watch.go:116] watchAllDir unable to walk dir `c:\\Adistu\\dataconnect`: GetFileAttributesEx c:\\Adistu\\dataconnect: The system cannot find the file specified.\nE1007 20:21:21.695238    8676 watch.go:40] Failed to load config from \"c:\\\\Adistu\\\\dataconnect\": could not find dataconnect.yaml in `c:\\Adistu\\dataconnect`\n"}}
[debug] [2026-10-07T14:51:31.700Z] E1007 20:21:31.701998    8676 watch.go:40] Failed to load config from "c:\\Adistu\\dataconnect": could not find dataconnect.yaml in `c:\Adistu\dataconnect`
 {"metadata":{"emulator":{"name":"dataconnect"},"message":"E1007 20:21:31.701998    8676 watch.go:40] Failed to load config from \"c:\\\\Adistu\\\\dataconnect\": could not find dataconnect.yaml in `c:\\Adistu\\dataconnect`\n"}}
[debug] [2026-10-07T14:51:41.693Z] E1007 20:21:41.694695    8676 watch.go:40] Failed to load config from "c:\\Adistu\\dataconnect": could not find dataconnect.yaml in `c:\Adistu\dataconnect`
 {"metadata":{"emulator":{"name":"dataconnect"},"message":"E1007 20:21:41.694695    8676 watch.go:40] Failed to load config from \"c:\\\\Adistu\\\\dataconnect\": could not find dataconnect.yaml in `c:\\Adistu\\dataconnect`\n"}}
[debug] [2026-10-07T14:51:51.694Z] E1007 20:21:51.694709    8676 watch.go:40] Failed to load config from "c:\\Adistu\\dataconnect": could not find dataconnect.yaml in `c:\Adistu\dataconnect`
 {"metadata":{"emulator":{"name":"dataconnect"},"message":"E1007 20:21:51.694709    8676 watch.go:40] Failed to load config from \"c:\\\\Adistu\\\\dataconnect\": could not find dataconnect.yaml in `c:\\Adistu\\dataconnect`\n"}}
[debug] [2026-10-07T14:52:01.701Z] E1007 20:22:01.695320    8676 watch.go:40] Failed to load config from "c:\\Adistu\\dataconnect": could not find dataconnect.yaml in `c:\Adistu\dataconnect`
 {"metadata":{"emulator":{"name":"dataconnect"},"message":"E1007 20:22:01.695320    8676 watch.go:40] Failed to load config from \"c:\\\\Adistu\\\\dataconnect\": could not find dataconnect.yaml in `c:\\Adistu\\dataconnect`\n"}}
[debug] [2026-10-07T14:52:11.694Z] E1007 20:22:11.695729    8676 watch.go:40] Failed to load config from "c:\\Adistu\\dataconnect": could not find dataconnect.yaml in `c:\Adistu\dataconnect`
 {"metadata":{"emulator":{"name":"dataconnect"},"message":"E1007 20:22:11.695729    8676 watch.go:40] Failed to load config from \"c:\\\\Adistu\\\\dataconnect\": could not find dataconnect.yaml in `c:\\Adistu\\dataconnect`\n"}}
[debug] [2026-10-07T14:52:21.693Z] E1007 20:22:21.694328    8676 watch.go:116] watchAllDir unable to walk dir `c:\Adistu\dataconnect`: GetFileAttributesEx c:\Adistu\dataconnect: The system cannot find the file specified.
 {"metadata":{"emulator":{"name":"dataconnect"},"message":"E1007 20:22:21.694328    8676 watch.go:116] watchAllDir unable to walk dir `c:\\Adistu\\dataconnect`: GetFileAttributesEx c:\\Adistu\\dataconnect: The system cannot find the file specified.\n"}}
[debug] [2026-10-07T14:52:21.695Z] E1007 20:22:21.694915    8676 watch.go:40] Failed to load config from "c:\\Adistu\\dataconnect": could not find dataconnect.yaml in `c:\Adistu\dataconnect`
 {"metadata":{"emulator":{"name":"dataconnect"},"message":"E1007 20:22:21.694915    8676 watch.go:40] Failed to load config from \"c:\\\\Adistu\\\\dataconnect\": could not find dataconnect.yaml in `c:\\Adistu\\dataconnect`\n"}}
[debug] [2026-10-07T14:52:31.694Z] E1007 20:22:31.694258    8676 watch.go:40] Failed to load config from "c:\\Adistu\\dataconnect": could not find dataconnect.yaml in `c:\Adistu\dataconnect`
 {"metadata":{"emulator":{"name":"dataconnect"},"message":"E1007 20:22:31.694258    8676 watch.go:40] Failed to load config from \"c:\\\\Adistu\\\\dataconnect\": could not find dataconnect.yaml in `c:\\Adistu\\dataconnect`\n"}}
[debug] [2026-10-07T14:52:41.694Z] E1007 20:22:41.694586    8676 watch.go:40] Failed to load config from "c:\\Adistu\\dataconnect": could not find dataconnect.yaml in `c:\Adistu\dataconnect`
 {"metadata":{"emulator":{"name":"dataconnect"},"message":"E1007 20:22:41.694586    8676 watch.go:40] Failed to load config from \"c:\\\\Adistu\\\\dataconnect\": could not find dataconnect.yaml in `c:\\Adistu\\dataconnect`\n"}}
[debug] [2026-10-07T14:52:51.694Z] E1007 20:22:51.694483    8676 watch.go:40] Failed to load config from "c:\\Adistu\\dataconnect": could not find dataconnect.yaml in `c:\Adistu\dataconnect`
 {"metadata":{"emulator":{"name":"dataconnect"},"message":"E1007 20:22:51.694483    8676 watch.go:40] Failed to load config from \"c:\\\\Adistu\\\\dataconnect\": could not find dataconnect.yaml in `c:\\Adistu\\dataconnect`\n"}}
[debug] [2026-10-07T14:53:01.694Z] E1007 20:23:01.694561    8676 watch.go:40] Failed to load config from "c:\\Adistu\\dataconnect": could not find dataconnect.yaml in `c:\Adistu\dataconnect`
 {"metadata":{"emulator":{"name":"dataconnect"},"message":"E1007 20:23:01.694561    8676 watch.go:40] Failed to load config from \"c:\\\\Adistu\\\\dataconnect\": could not find dataconnect.yaml in `c:\\Adistu\\dataconnect`\n"}}
[debug] [2026-10-07T14:53:11.695Z] E1007 20:23:11.694840    8676 watch.go:40] Failed to load config from "c:\\Adistu\\dataconnect": could not find dataconnect.yaml in `c:\Adistu\dataconnect`
 {"metadata":{"emulator":{"name":"dataconnect"},"message":"E1007 20:23:11.694840    8676 watch.go:40] Failed to load config from \"c:\\\\Adistu\\\\dataconnect\": could not find dataconnect.yaml in `c:\\Adistu\\dataconnect`\n"}}
[debug] [2026-10-07T14:53:21.695Z] E1007 20:23:21.694808    8676 watch.go:116] watchAllDir unable to walk dir `c:\Adistu\dataconnect`: GetFileAttributesEx c:\Adistu\dataconnect: The system cannot find the file specified.
 {"metadata":{"emulator":{"name":"dataconnect"},"message":"E1007 20:23:21.694808    8676 watch.go:116] watchAllDir unable to walk dir `c:\\Adistu\\dataconnect`: GetFileAttributesEx c:\\Adistu\\dataconnect: The system cannot find the file specified.\n"}}
[debug] [2026-10-07T14:53:21.696Z] E1007 20:23:21.695384    8676 watch.go:40] Failed to load config from "c:\\Adistu\\dataconnect": could not find dataconnect.yaml in `c:\Adistu\dataconnect`
 {"metadata":{"emulator":{"name":"dataconnect"},"message":"E1007 20:23:21.695384    8676 watch.go:40] Failed to load config from \"c:\\\\Adistu\\\\dataconnect\": could not find dataconnect.yaml in `c:\\Adistu\\dataconnect`\n"}}
[debug] [2026-10-07T14:53:31.709Z] E1007 20:23:31.704868    8676 watch.go:40] Failed to load config from "c:\\Adistu\\dataconnect": could not find dataconnect.yaml in `c:\Adistu\dataconnect`
 {"metadata":{"emulator":{"name":"dataconnect"},"message":"E1007 20:23:31.704868    8676 watch.go:40] Failed to load config from \"c:\\\\Adistu\\\\dataconnect\": could not find dataconnect.yaml in `c:\\Adistu\\dataconnect`\n"}}
[debug] [2026-10-07T14:53:41.694Z] E1007 20:23:41.694412    8676 watch.go:40] Failed to load config from "c:\\Adistu\\dataconnect": could not find dataconnect.yaml in `c:\Adistu\dataconnect`
 {"metadata":{"emulator":{"name":"dataconnect"},"message":"E1007 20:23:41.694412    8676 watch.go:40] Failed to load config from \"c:\\\\Adistu\\\\dataconnect\": could not find dataconnect.yaml in `c:\\Adistu\\dataconnect`\n"}}
[debug] [2026-10-07T14:53:51.694Z] E1007 20:23:51.694234    8676 watch.go:40] Failed to load config from "c:\\Adistu\\dataconnect": could not find dataconnect.yaml in `c:\Adistu\dataconnect`
 {"metadata":{"emulator":{"name":"dataconnect"},"message":"E1007 20:23:51.694234    8676 watch.go:40] Failed to load config from \"c:\\\\Adistu\\\\dataconnect\": could not find dataconnect.yaml in `c:\\Adistu\\dataconnect`\n"}}
[debug] [2026-10-07T14:54:01.695Z] E1007 20:24:01.695334    8676 watch.go:40] Failed to load config from "c:\\Adistu\\dataconnect": could not find dataconnect.yaml in `c:\Adistu\dataconnect`
 {"metadata":{"emulator":{"name":"dataconnect"},"message":"E1007 20:24:01.695334    8676 watch.go:40] Failed to load config from \"c:\\\\Adistu\\\\dataconnect\": could not find dataconnect.yaml in `c:\\Adistu\\dataconnect`\n"}}
[debug] [2026-10-07T14:54:11.695Z] E1007 20:24:11.695561    8676 watch.go:40] Failed to load config from "c:\\Adistu\\dataconnect": could not find dataconnect.yaml in `c:\Adistu\dataconnect`
 {"metadata":{"emulator":{"name":"dataconnect"},"message":"E1007 20:24:11.695561    8676 watch.go:40] Failed to load config from \"c:\\\\Adistu\\\\dataconnect\": could not find dataconnect.yaml in `c:\\Adistu\\dataconnect`\n"}}
[debug] [2026-10-07T14:54:23.680Z] E1007 20:24:21.695269    8676 watch.go:116] watchAllDir unable to walk dir `c:\Adistu\dataconnect`: GetFileAttributesEx c:\Adistu\dataconnect: The system cannot find the file specified.
E1007 20:24:21.697640    8676 watch.go:40] Failed to load config from "c:\\Adistu\\dataconnect": could not find dataconnect.yaml in `c:\Adistu\dataconnect`
 {"metadata":{"emulator":{"name":"dataconnect"},"message":"E1007 20:24:21.695269    8676 watch.go:116] watchAllDir unable to walk dir `c:\\Adistu\\dataconnect`: GetFileAttributesEx c:\\Adistu\\dataconnect: The system cannot find the file specified.\nE1007 20:24:21.697640    8676 watch.go:40] Failed to load config from \"c:\\\\Adistu\\\\dataconnect\": could not find dataconnect.yaml in `c:\\Adistu\\dataconnect`\n"}}
[debug] [2026-10-07T14:54:31.696Z] E1007 20:24:31.695511    8676 watch.go:40] Failed to load config from "c:\\Adistu\\dataconnect": could not find dataconnect.yaml in `c:\Adistu\dataconnect`
 {"metadata":{"emulator":{"name":"dataconnect"},"message":"E1007 20:24:31.695511    8676 watch.go:40] Failed to load config from \"c:\\\\Adistu\\\\dataconnect\": could not find dataconnect.yaml in `c:\\Adistu\\dataconnect`\n"}}
[debug] [2026-10-07T14:54:41.695Z] E1007 20:24:41.695237    8676 watch.go:40] Failed to load config from "c:\\Adistu\\dataconnect": could not find dataconnect.yaml in `c:\Adistu\dataconnect`
 {"metadata":{"emulator":{"name":"dataconnect"},"message":"E1007 20:24:41.695237    8676 watch.go:40] Failed to load config from \"c:\\\\Adistu\\\\dataconnect\": could not find dataconnect.yaml in `c:\\Adistu\\dataconnect`\n"}}
[debug] [2026-10-07T14:54:51.700Z] E1007 20:24:51.694274    8676 watch.go:40] Failed to load config from "c:\\Adistu\\dataconnect": could not find dataconnect.yaml in `c:\Adistu\dataconnect`
 {"metadata":{"emulator":{"name":"dataconnect"},"message":"E1007 20:24:51.694274    8676 watch.go:40] Failed to load config from \"c:\\\\Adistu\\\\dataconnect\": could not find dataconnect.yaml in `c:\\Adistu\\dataconnect`\n"}}
[debug] [2026-10-07T14:55:01.695Z] E1007 20:25:01.694803    8676 watch.go:40] Failed to load config from "c:\\Adistu\\dataconnect": could not find dataconnect.yaml in `c:\Adistu\dataconnect`
 {"metadata":{"emulator":{"name":"dataconnect"},"message":"E1007 20:25:01.694803    8676 watch.go:40] Failed to load config from \"c:\\\\Adistu\\\\dataconnect\": could not find dataconnect.yaml in `c:\\Adistu\\dataconnect`\n"}}
[debug] [2026-10-07T14:55:11.695Z] E1007 20:25:11.695062    8676 watch.go:40] Failed to load config from "c:\\Adistu\\dataconnect": could not find dataconnect.yaml in `c:\Adistu\dataconnect`
 {"metadata":{"emulator":{"name":"dataconnect"},"message":"E1007 20:25:11.695062    8676 watch.go:40] Failed to load config from \"c:\\\\Adistu\\\\dataconnect\": could not find dataconnect.yaml in `c:\\Adistu\\dataconnect`\n"}}
[debug] [2026-10-07T14:55:21.695Z] E1007 20:25:21.694701    8676 watch.go:116] watchAllDir unable to walk dir `c:\Adistu\dataconnect`: GetFileAttributesEx c:\Adistu\dataconnect: The system cannot find the file specified.
 {"metadata":{"emulator":{"name":"dataconnect"},"message":"E1007 20:25:21.694701    8676 watch.go:116] watchAllDir unable to walk dir `c:\\Adistu\\dataconnect`: GetFileAttributesEx c:\\Adistu\\dataconnect: The system cannot find the file specified.\n"}}
[debug] [2026-10-07T14:55:21.697Z] E1007 20:25:21.694701    8676 watch.go:40] Failed to load config from "c:\\Adistu\\dataconnect": could not find dataconnect.yaml in `c:\Adistu\dataconnect`
 {"metadata":{"emulator":{"name":"dataconnect"},"message":"E1007 20:25:21.694701    8676 watch.go:40] Failed to load config from \"c:\\\\Adistu\\\\dataconnect\": could not find dataconnect.yaml in `c:\\Adistu\\dataconnect`\n"}}
[debug] [2026-10-07T14:55:31.746Z] E1007 20:25:31.745242    8676 watch.go:40] Failed to load config from "c:\\Adistu\\dataconnect": could not find dataconnect.yaml in `c:\Adistu\dataconnect`
 {"metadata":{"emulator":{"name":"dataconnect"},"message":"E1007 20:25:31.745242    8676 watch.go:40] Failed to load config from \"c:\\\\Adistu\\\\dataconnect\": could not find dataconnect.yaml in `c:\\Adistu\\dataconnect`\n"}}
[debug] [2026-10-07T14:55:41.694Z] E1007 20:25:41.694375    8676 watch.go:40] Failed to load config from "c:\\Adistu\\dataconnect": could not find dataconnect.yaml in `c:\Adistu\dataconnect`
 {"metadata":{"emulator":{"name":"dataconnect"},"message":"E1007 20:25:41.694375    8676 watch.go:40] Failed to load config from \"c:\\\\Adistu\\\\dataconnect\": could not find dataconnect.yaml in `c:\\Adistu\\dataconnect`\n"}}
[debug] [2026-10-07T14:55:51.696Z] E1007 20:25:51.696179    8676 watch.go:40] Failed to load config from "c:\\Adistu\\dataconnect": could not find dataconnect.yaml in `c:\Adistu\dataconnect`
 {"metadata":{"emulator":{"name":"dataconnect"},"message":"E1007 20:25:51.696179    8676 watch.go:40] Failed to load config from \"c:\\\\Adistu\\\\dataconnect\": could not find dataconnect.yaml in `c:\\Adistu\\dataconnect`\n"}}
[debug] [2026-10-07T14:56:01.696Z] E1007 20:26:01.696359    8676 watch.go:40] Failed to load config from "c:\\Adistu\\dataconnect": could not find dataconnect.yaml in `c:\Adistu\dataconnect`
 {"metadata":{"emulator":{"name":"dataconnect"},"message":"E1007 20:26:01.696359    8676 watch.go:40] Failed to load config from \"c:\\\\Adistu\\\\dataconnect\": could not find dataconnect.yaml in `c:\\Adistu\\dataconnect`\n"}}
[debug] [2026-10-07T14:56:11.697Z] E1007 20:26:11.697250    8676 watch.go:40] Failed to load config from "c:\\Adistu\\dataconnect": could not find dataconnect.yaml in `c:\Adistu\dataconnect`
 {"metadata":{"emulator":{"name":"dataconnect"},"message":"E1007 20:26:11.697250    8676 watch.go:40] Failed to load config from \"c:\\\\Adistu\\\\dataconnect\": could not find dataconnect.yaml in `c:\\Adistu\\dataconnect`\n"}}
[debug] [2026-10-07T14:56:21.698Z] E1007 20:26:21.694638    8676 watch.go:116] watchAllDir unable to walk dir `c:\Adistu\dataconnect`: GetFileAttributesEx c:\Adistu\dataconnect: The system cannot find the file specified.
 {"metadata":{"emulator":{"name":"dataconnect"},"message":"E1007 20:26:21.694638    8676 watch.go:116] watchAllDir unable to walk dir `c:\\Adistu\\dataconnect`: GetFileAttributesEx c:\\Adistu\\dataconnect: The system cannot find the file specified.\n"}}
[debug] [2026-10-07T14:56:21.702Z] E1007 20:26:21.694638    8676 watch.go:40] Failed to load config from "c:\\Adistu\\dataconnect": could not find dataconnect.yaml in `c:\Adistu\dataconnect`
 {"metadata":{"emulator":{"name":"dataconnect"},"message":"E1007 20:26:21.694638    8676 watch.go:40] Failed to load config from \"c:\\\\Adistu\\\\dataconnect\": could not find dataconnect.yaml in `c:\\Adistu\\dataconnect`\n"}}
[debug] [2026-10-07T14:56:31.696Z] E1007 20:26:31.696100    8676 watch.go:40] Failed to load config from "c:\\Adistu\\dataconnect": could not find dataconnect.yaml in `c:\Adistu\dataconnect`
 {"metadata":{"emulator":{"name":"dataconnect"},"message":"E1007 20:26:31.696100    8676 watch.go:40] Failed to load config from \"c:\\\\Adistu\\\\dataconnect\": could not find dataconnect.yaml in `c:\\Adistu\\dataconnect`\n"}}
[debug] [2026-10-07T14:56:41.696Z] E1007 20:26:41.695965    8676 watch.go:40] Failed to load config from "c:\\Adistu\\dataconnect": could not find dataconnect.yaml in `c:\Adistu\dataconnect`
 {"metadata":{"emulator":{"name":"dataconnect"},"message":"E1007 20:26:41.695965    8676 watch.go:40] Failed to load config from \"c:\\\\Adistu\\\\dataconnect\": could not find dataconnect.yaml in `c:\\Adistu\\dataconnect`\n"}}
[debug] [2026-10-07T14:56:51.694Z] E1007 20:26:51.694337    8676 watch.go:40] Failed to load config from "c:\\Adistu\\dataconnect": could not find dataconnect.yaml in `c:\Adistu\dataconnect`
 {"metadata":{"emulator":{"name":"dataconnect"},"message":"E1007 20:26:51.694337    8676 watch.go:40] Failed to load config from \"c:\\\\Adistu\\\\dataconnect\": could not find dataconnect.yaml in `c:\\Adistu\\dataconnect`\n"}}
[debug] [2026-10-07T14:57:01.697Z] E1007 20:27:01.697126    8676 watch.go:40] Failed to load config from "c:\\Adistu\\dataconnect": could not find dataconnect.yaml in `c:\Adistu\dataconnect`
 {"metadata":{"emulator":{"name":"dataconnect"},"message":"E1007 20:27:01.697126    8676 watch.go:40] Failed to load config from \"c:\\\\Adistu\\\\dataconnect\": could not find dataconnect.yaml in `c:\\Adistu\\dataconnect`\n"}}
[debug] [2026-10-07T14:57:11.694Z] E1007 20:27:11.694385    8676 watch.go:40] Failed to load config from "c:\\Adistu\\dataconnect": could not find dataconnect.yaml in `c:\Adistu\dataconnect`
 {"metadata":{"emulator":{"name":"dataconnect"},"message":"E1007 20:27:11.694385    8676 watch.go:40] Failed to load config from \"c:\\\\Adistu\\\\dataconnect\": could not find dataconnect.yaml in `c:\\Adistu\\dataconnect`\n"}}
[debug] [2026-10-07T14:57:21.695Z] E1007 20:27:21.694752    8676 watch.go:116] watchAllDir unable to walk dir `c:\Adistu\dataconnect`: GetFileAttributesEx c:\Adistu\dataconnect: The system cannot find the file specified.
 {"metadata":{"emulator":{"name":"dataconnect"},"message":"E1007 20:27:21.694752    8676 watch.go:116] watchAllDir unable to walk dir `c:\\Adistu\\dataconnect`: GetFileAttributesEx c:\\Adistu\\dataconnect: The system cannot find the file specified.\n"}}
[debug] [2026-10-07T14:57:21.697Z] E1007 20:27:21.694752    8676 watch.go:40] Failed to load config from "c:\\Adistu\\dataconnect": could not find dataconnect.yaml in `c:\Adistu\dataconnect`
 {"metadata":{"emulator":{"name":"dataconnect"},"message":"E1007 20:27:21.694752    8676 watch.go:40] Failed to load config from \"c:\\\\Adistu\\\\dataconnect\": could not find dataconnect.yaml in `c:\\Adistu\\dataconnect`\n"}}
[debug] [2026-10-07T14:57:31.694Z] E1007 20:27:31.694417    8676 watch.go:40] Failed to load config from "c:\\Adistu\\dataconnect": could not find dataconnect.yaml in `c:\Adistu\dataconnect`
 {"metadata":{"emulator":{"name":"dataconnect"},"message":"E1007 20:27:31.694417    8676 watch.go:40] Failed to load config from \"c:\\\\Adistu\\\\dataconnect\": could not find dataconnect.yaml in `c:\\Adistu\\dataconnect`\n"}}
[debug] [2026-10-07T14:57:41.720Z] E1007 20:27:41.715641    8676 watch.go:40] Failed to load config from "c:\\Adistu\\dataconnect": could not find dataconnect.yaml in `c:\Adistu\dataconnect`
 {"metadata":{"emulator":{"name":"dataconnect"},"message":"E1007 20:27:41.715641    8676 watch.go:40] Failed to load config from \"c:\\\\Adistu\\\\dataconnect\": could not find dataconnect.yaml in `c:\\Adistu\\dataconnect`\n"}}
[debug] [2026-10-07T14:57:51.694Z] E1007 20:27:51.694650    8676 watch.go:40] Failed to load config from "c:\\Adistu\\dataconnect": could not find dataconnect.yaml in `c:\Adistu\dataconnect`
 {"metadata":{"emulator":{"name":"dataconnect"},"message":"E1007 20:27:51.694650    8676 watch.go:40] Failed to load config from \"c:\\\\Adistu\\\\dataconnect\": could not find dataconnect.yaml in `c:\\Adistu\\dataconnect`\n"}}
[debug] [2026-10-07T14:58:01.695Z] E1007 20:28:01.694704    8676 watch.go:40] Failed to load config from "c:\\Adistu\\dataconnect": could not find dataconnect.yaml in `c:\Adistu\dataconnect`
 {"metadata":{"emulator":{"name":"dataconnect"},"message":"E1007 20:28:01.694704    8676 watch.go:40] Failed to load config from \"c:\\\\Adistu\\\\dataconnect\": could not find dataconnect.yaml in `c:\\Adistu\\dataconnect`\n"}}
[debug] [2026-10-07T14:58:11.700Z] E1007 20:28:11.699395    8676 watch.go:40] Failed to load config from "c:\\Adistu\\dataconnect": could not find dataconnect.yaml in `c:\Adistu\dataconnect`
 {"metadata":{"emulator":{"name":"dataconnect"},"message":"E1007 20:28:11.699395    8676 watch.go:40] Failed to load config from \"c:\\\\Adistu\\\\dataconnect\": could not find dataconnect.yaml in `c:\\Adistu\\dataconnect`\n"}}
[debug] [2026-10-07T14:58:21.707Z] E1007 20:28:21.706906    8676 watch.go:40] Failed to load config from "c:\\Adistu\\dataconnect": could not find dataconnect.yaml in `c:\Adistu\dataconnect`
 {"metadata":{"emulator":{"name":"dataconnect"},"message":"E1007 20:28:21.706906    8676 watch.go:40] Failed to load config from \"c:\\\\Adistu\\\\dataconnect\": could not find dataconnect.yaml in `c:\\Adistu\\dataconnect`\n"}}
[debug] [2026-10-07T14:58:21.713Z] E1007 20:28:21.698905    8676 watch.go:116] watchAllDir unable to walk dir `c:\Adistu\dataconnect`: GetFileAttributesEx c:\Adistu\dataconnect: The system cannot find the file specified.
 {"metadata":{"emulator":{"name":"dataconnect"},"message":"E1007 20:28:21.698905    8676 watch.go:116] watchAllDir unable to walk dir `c:\\Adistu\\dataconnect`: GetFileAttributesEx c:\\Adistu\\dataconnect: The system cannot find the file specified.\n"}}
[debug] [2026-10-07T14:58:31.702Z] E1007 20:28:31.702261    8676 watch.go:40] Failed to load config from "c:\\Adistu\\dataconnect": could not find dataconnect.yaml in `c:\Adistu\dataconnect`
 {"metadata":{"emulator":{"name":"dataconnect"},"message":"E1007 20:28:31.702261    8676 watch.go:40] Failed to load config from \"c:\\\\Adistu\\\\dataconnect\": could not find dataconnect.yaml in `c:\\Adistu\\dataconnect`\n"}}
[debug] [2026-10-07T14:58:41.694Z] E1007 20:28:41.694271    8676 watch.go:40] Failed to load config from "c:\\Adistu\\dataconnect": could not find dataconnect.yaml in `c:\Adistu\dataconnect`
 {"metadata":{"emulator":{"name":"dataconnect"},"message":"E1007 20:28:41.694271    8676 watch.go:40] Failed to load config from \"c:\\\\Adistu\\\\dataconnect\": could not find dataconnect.yaml in `c:\\Adistu\\dataconnect`\n"}}
[debug] [2026-10-07T14:58:51.694Z] E1007 20:28:51.694375    8676 watch.go:40] Failed to load config from "c:\\Adistu\\dataconnect": could not find dataconnect.yaml in `c:\Adistu\dataconnect`
 {"metadata":{"emulator":{"name":"dataconnect"},"message":"E1007 20:28:51.694375    8676 watch.go:40] Failed to load config from \"c:\\\\Adistu\\\\dataconnect\": could not find dataconnect.yaml in `c:\\Adistu\\dataconnect`\n"}}
[debug] [2026-10-07T14:59:01.701Z] E1007 20:29:01.701547    8676 watch.go:40] Failed to load config from "c:\\Adistu\\dataconnect": could not find dataconnect.yaml in `c:\Adistu\dataconnect`
 {"metadata":{"emulator":{"name":"dataconnect"},"message":"E1007 20:29:01.701547    8676 watch.go:40] Failed to load config from \"c:\\\\Adistu\\\\dataconnect\": could not find dataconnect.yaml in `c:\\Adistu\\dataconnect`\n"}}
[debug] [2026-10-07T14:59:11.694Z] E1007 20:29:11.694678    8676 watch.go:40] Failed to load config from "c:\\Adistu\\dataconnect": could not find dataconnect.yaml in `c:\Adistu\dataconnect`
 {"metadata":{"emulator":{"name":"dataconnect"},"message":"E1007 20:29:11.694678    8676 watch.go:40] Failed to load config from \"c:\\\\Adistu\\\\dataconnect\": could not find dataconnect.yaml in `c:\\Adistu\\dataconnect`\n"}}
[debug] [2026-10-07T14:59:21.695Z] E1007 20:29:21.694324    8676 watch.go:116] watchAllDir unable to walk dir `c:\Adistu\dataconnect`: GetFileAttributesEx c:\Adistu\dataconnect: The system cannot find the file specified.
 {"metadata":{"emulator":{"name":"dataconnect"},"message":"E1007 20:29:21.694324    8676 watch.go:116] watchAllDir unable to walk dir `c:\\Adistu\\dataconnect`: GetFileAttributesEx c:\\Adistu\\dataconnect: The system cannot find the file specified.\n"}}
[debug] [2026-10-07T14:59:21.697Z] E1007 20:29:21.696224    8676 watch.go:40] Failed to load config from "c:\\Adistu\\dataconnect": could not find dataconnect.yaml in `c:\Adistu\dataconnect`
 {"metadata":{"emulator":{"name":"dataconnect"},"message":"E1007 20:29:21.696224    8676 watch.go:40] Failed to load config from \"c:\\\\Adistu\\\\dataconnect\": could not find dataconnect.yaml in `c:\\Adistu\\dataconnect`\n"}}
[debug] [2026-10-07T14:59:31.706Z] E1007 20:29:31.695100    8676 watch.go:40] Failed to load config from "c:\\Adistu\\dataconnect": could not find dataconnect.yaml in `c:\Adistu\dataconnect`
 {"metadata":{"emulator":{"name":"dataconnect"},"message":"E1007 20:29:31.695100    8676 watch.go:40] Failed to load config from \"c:\\\\Adistu\\\\dataconnect\": could not find dataconnect.yaml in `c:\\Adistu\\dataconnect`\n"}}
[debug] [2026-10-07T14:59:41.695Z] E1007 20:29:41.695696    8676 watch.go:40] Failed to load config from "c:\\Adistu\\dataconnect": could not find dataconnect.yaml in `c:\Adistu\dataconnect`
 {"metadata":{"emulator":{"name":"dataconnect"},"message":"E1007 20:29:41.695696    8676 watch.go:40] Failed to load config from \"c:\\\\Adistu\\\\dataconnect\": could not find dataconnect.yaml in `c:\\Adistu\\dataconnect`\n"}}
[debug] [2026-10-07T14:59:51.694Z] E1007 20:29:51.694344    8676 watch.go:40] Failed to load config from "c:\\Adistu\\dataconnect": could not find dataconnect.yaml in `c:\Adistu\dataconnect`
 {"metadata":{"emulator":{"name":"dataconnect"},"message":"E1007 20:29:51.694344    8676 watch.go:40] Failed to load config from \"c:\\\\Adistu\\\\dataconnect\": could not find dataconnect.yaml in `c:\\Adistu\\dataconnect`\n"}}
[debug] [2026-10-07T15:00:01.694Z] E1007 20:30:01.694265    8676 watch.go:40] Failed to load config from "c:\\Adistu\\dataconnect": could not find dataconnect.yaml in `c:\Adistu\dataconnect`
 {"metadata":{"emulator":{"name":"dataconnect"},"message":"E1007 20:30:01.694265    8676 watch.go:40] Failed to load config from \"c:\\\\Adistu\\\\dataconnect\": could not find dataconnect.yaml in `c:\\Adistu\\dataconnect`\n"}}
[debug] [2026-10-07T15:00:11.694Z] E1007 20:30:11.694123    8676 watch.go:40] Failed to load config from "c:\\Adistu\\dataconnect": could not find dataconnect.yaml in `c:\Adistu\dataconnect`
 {"metadata":{"emulator":{"name":"dataconnect"},"message":"E1007 20:30:11.694123    8676 watch.go:40] Failed to load config from \"c:\\\\Adistu\\\\dataconnect\": could not find dataconnect.yaml in `c:\\Adistu\\dataconnect`\n"}}
[debug] [2026-10-07T15:00:21.697Z] E1007 20:30:21.696446    8676 watch.go:116] watchAllDir unable to walk dir `c:\Adistu\dataconnect`: GetFileAttributesEx c:\Adistu\dataconnect: The system cannot find the file specified.
 {"metadata":{"emulator":{"name":"dataconnect"},"message":"E1007 20:30:21.696446    8676 watch.go:116] watchAllDir unable to walk dir `c:\\Adistu\\dataconnect`: GetFileAttributesEx c:\\Adistu\\dataconnect: The system cannot find the file specified.\n"}}
[debug] [2026-10-07T15:00:21.711Z] E1007 20:30:21.696446    8676 watch.go:40] Failed to load config from "c:\\Adistu\\dataconnect": could not find dataconnect.yaml in `c:\Adistu\dataconnect`
 {"metadata":{"emulator":{"name":"dataconnect"},"message":"E1007 20:30:21.696446    8676 watch.go:40] Failed to load config from \"c:\\\\Adistu\\\\dataconnect\": could not find dataconnect.yaml in `c:\\Adistu\\dataconnect`\n"}}
[debug] [2026-10-07T15:00:31.711Z] E1007 20:30:31.705044    8676 watch.go:40] Failed to load config from "c:\\Adistu\\dataconnect": could not find dataconnect.yaml in `c:\Adistu\dataconnect`
 {"metadata":{"emulator":{"name":"dataconnect"},"message":"E1007 20:30:31.705044    8676 watch.go:40] Failed to load config from \"c:\\\\Adistu\\\\dataconnect\": could not find dataconnect.yaml in `c:\\Adistu\\dataconnect`\n"}}
[debug] [2026-10-07T15:00:41.877Z] E1007 20:30:41.810101    8676 watch.go:40] Failed to load config from "c:\\Adistu\\dataconnect": could not find dataconnect.yaml in `c:\Adistu\dataconnect`
 {"metadata":{"emulator":{"name":"dataconnect"},"message":"E1007 20:30:41.810101    8676 watch.go:40] Failed to load config from \"c:\\\\Adistu\\\\dataconnect\": could not find dataconnect.yaml in `c:\\Adistu\\dataconnect`\n"}}
[debug] [2026-10-07T15:00:51.695Z] E1007 20:30:51.694610    8676 watch.go:40] Failed to load config from "c:\\Adistu\\dataconnect": could not find dataconnect.yaml in `c:\Adistu\dataconnect`
 {"metadata":{"emulator":{"name":"dataconnect"},"message":"E1007 20:30:51.694610    8676 watch.go:40] Failed to load config from \"c:\\\\Adistu\\\\dataconnect\": could not find dataconnect.yaml in `c:\\Adistu\\dataconnect`\n"}}
[debug] [2026-10-07T15:01:01.712Z] E1007 20:31:01.694221    8676 watch.go:40] Failed to load config from "c:\\Adistu\\dataconnect": could not find dataconnect.yaml in `c:\Adistu\dataconnect`
 {"metadata":{"emulator":{"name":"dataconnect"},"message":"E1007 20:31:01.694221    8676 watch.go:40] Failed to load config from \"c:\\\\Adistu\\\\dataconnect\": could not find dataconnect.yaml in `c:\\Adistu\\dataconnect`\n"}}
[debug] [2026-10-07T15:01:11.760Z] E1007 20:31:11.759288    8676 watch.go:40] Failed to load config from "c:\\Adistu\\dataconnect": could not find dataconnect.yaml in `c:\Adistu\dataconnect`
 {"metadata":{"emulator":{"name":"dataconnect"},"message":"E1007 20:31:11.759288    8676 watch.go:40] Failed to load config from \"c:\\\\Adistu\\\\dataconnect\": could not find dataconnect.yaml in `c:\\Adistu\\dataconnect`\n"}}
[debug] [2026-10-07T15:01:21.695Z] E1007 20:31:21.694823    8676 watch.go:116] watchAllDir unable to walk dir `c:\Adistu\dataconnect`: GetFileAttributesEx c:\Adistu\dataconnect: The system cannot find the file specified.
 {"metadata":{"emulator":{"name":"dataconnect"},"message":"E1007 20:31:21.694823    8676 watch.go:116] watchAllDir unable to walk dir `c:\\Adistu\\dataconnect`: GetFileAttributesEx c:\\Adistu\\dataconnect: The system cannot find the file specified.\n"}}
[debug] [2026-10-07T15:01:21.697Z] E1007 20:31:21.695823    8676 watch.go:40] Failed to load config from "c:\\Adistu\\dataconnect": could not find dataconnect.yaml in `c:\Adistu\dataconnect`
 {"metadata":{"emulator":{"name":"dataconnect"},"message":"E1007 20:31:21.695823    8676 watch.go:40] Failed to load config from \"c:\\\\Adistu\\\\dataconnect\": could not find dataconnect.yaml in `c:\\Adistu\\dataconnect`\n"}}
[debug] [2026-10-07T15:01:31.695Z] E1007 20:31:31.695302    8676 watch.go:40] Failed to load config from "c:\\Adistu\\dataconnect": could not find dataconnect.yaml in `c:\Adistu\dataconnect`
 {"metadata":{"emulator":{"name":"dataconnect"},"message":"E1007 20:31:31.695302    8676 watch.go:40] Failed to load config from \"c:\\\\Adistu\\\\dataconnect\": could not find dataconnect.yaml in `c:\\Adistu\\dataconnect`\n"}}
[debug] [2026-10-07T15:01:41.696Z] E1007 20:31:41.695473    8676 watch.go:40] Failed to load config from "c:\\Adistu\\dataconnect": could not find dataconnect.yaml in `c:\Adistu\dataconnect`
 {"metadata":{"emulator":{"name":"dataconnect"},"message":"E1007 20:31:41.695473    8676 watch.go:40] Failed to load config from \"c:\\\\Adistu\\\\dataconnect\": could not find dataconnect.yaml in `c:\\Adistu\\dataconnect`\n"}}
[debug] [2026-10-07T15:01:51.747Z] E1007 20:31:51.740354    8676 watch.go:40] Failed to load config from "c:\\Adistu\\dataconnect": could not find dataconnect.yaml in `c:\Adistu\dataconnect`
 {"metadata":{"emulator":{"name":"dataconnect"},"message":"E1007 20:31:51.740354    8676 watch.go:40] Failed to load config from \"c:\\\\Adistu\\\\dataconnect\": could not find dataconnect.yaml in `c:\\Adistu\\dataconnect`\n"}}
[debug] [2026-10-07T15:02:01.694Z] E1007 20:32:01.697498    8676 watch.go:40] Failed to load config from "c:\\Adistu\\dataconnect": could not find dataconnect.yaml in `c:\Adistu\dataconnect`
 {"metadata":{"emulator":{"name":"dataconnect"},"message":"E1007 20:32:01.697498    8676 watch.go:40] Failed to load config from \"c:\\\\Adistu\\\\dataconnect\": could not find dataconnect.yaml in `c:\\Adistu\\dataconnect`\n"}}
[debug] [2026-10-07T15:02:11.690Z] E1007 20:32:11.694311    8676 watch.go:40] Failed to load config from "c:\\Adistu\\dataconnect": could not find dataconnect.yaml in `c:\Adistu\dataconnect`
 {"metadata":{"emulator":{"name":"dataconnect"},"message":"E1007 20:32:11.694311    8676 watch.go:40] Failed to load config from \"c:\\\\Adistu\\\\dataconnect\": could not find dataconnect.yaml in `c:\\Adistu\\dataconnect`\n"}}
[debug] [2026-10-07T15:02:21.692Z] E1007 20:32:21.695847    8676 watch.go:40] Failed to load config from "c:\\Adistu\\dataconnect": could not find dataconnect.yaml in `c:\Adistu\dataconnect`
 {"metadata":{"emulator":{"name":"dataconnect"},"message":"E1007 20:32:21.695847    8676 watch.go:40] Failed to load config from \"c:\\\\Adistu\\\\dataconnect\": could not find dataconnect.yaml in `c:\\Adistu\\dataconnect`\n"}}
[debug] [2026-10-07T15:02:21.698Z] E1007 20:32:21.695287    8676 watch.go:116] watchAllDir unable to walk dir `c:\Adistu\dataconnect`: GetFileAttributesEx c:\Adistu\dataconnect: The system cannot find the file specified.
 {"metadata":{"emulator":{"name":"dataconnect"},"message":"E1007 20:32:21.695287    8676 watch.go:116] watchAllDir unable to walk dir `c:\\Adistu\\dataconnect`: GetFileAttributesEx c:\\Adistu\\dataconnect: The system cannot find the file specified.\n"}}
[debug] [2026-10-07T15:02:31.692Z] E1007 20:32:31.695641    8676 watch.go:40] Failed to load config from "c:\\Adistu\\dataconnect": could not find dataconnect.yaml in `c:\Adistu\dataconnect`
 {"metadata":{"emulator":{"name":"dataconnect"},"message":"E1007 20:32:31.695641    8676 watch.go:40] Failed to load config from \"c:\\\\Adistu\\\\dataconnect\": could not find dataconnect.yaml in `c:\\Adistu\\dataconnect`\n"}}
[debug] [2026-10-07T15:02:41.692Z] E1007 20:32:41.696245    8676 watch.go:40] Failed to load config from "c:\\Adistu\\dataconnect": could not find dataconnect.yaml in `c:\Adistu\dataconnect`
 {"metadata":{"emulator":{"name":"dataconnect"},"message":"E1007 20:32:41.696245    8676 watch.go:40] Failed to load config from \"c:\\\\Adistu\\\\dataconnect\": could not find dataconnect.yaml in `c:\\Adistu\\dataconnect`\n"}}
[debug] [2026-10-07T15:02:51.695Z] E1007 20:32:51.694809    8676 watch.go:40] Failed to load config from "c:\\Adistu\\dataconnect": could not find dataconnect.yaml in `c:\Adistu\dataconnect`
 {"metadata":{"emulator":{"name":"dataconnect"},"message":"E1007 20:32:51.694809    8676 watch.go:40] Failed to load config from \"c:\\\\Adistu\\\\dataconnect\": could not find dataconnect.yaml in `c:\\Adistu\\dataconnect`\n"}}
[debug] [2026-10-07T15:03:01.695Z] E1007 20:33:01.695003    8676 watch.go:40] Failed to load config from "c:\\Adistu\\dataconnect": could not find dataconnect.yaml in `c:\Adistu\dataconnect`
 {"metadata":{"emulator":{"name":"dataconnect"},"message":"E1007 20:33:01.695003    8676 watch.go:40] Failed to load config from \"c:\\\\Adistu\\\\dataconnect\": could not find dataconnect.yaml in `c:\\Adistu\\dataconnect`\n"}}
[debug] [2026-10-07T15:03:11.694Z] E1007 20:33:11.694332    8676 watch.go:40] Failed to load config from "c:\\Adistu\\dataconnect": could not find dataconnect.yaml in `c:\Adistu\dataconnect`
 {"metadata":{"emulator":{"name":"dataconnect"},"message":"E1007 20:33:11.694332    8676 watch.go:40] Failed to load config from \"c:\\\\Adistu\\\\dataconnect\": could not find dataconnect.yaml in `c:\\Adistu\\dataconnect`\n"}}
[debug] [2026-10-07T15:03:21.694Z] E1007 20:33:21.694639    8676 watch.go:116] watchAllDir unable to walk dir `c:\Adistu\dataconnect`: GetFileAttributesEx c:\Adistu\dataconnect: The system cannot find the file specified.
 {"metadata":{"emulator":{"name":"dataconnect"},"message":"E1007 20:33:21.694639    8676 watch.go:116] watchAllDir unable to walk dir `c:\\Adistu\\dataconnect`: GetFileAttributesEx c:\\Adistu\\dataconnect: The system cannot find the file specified.\n"}}
[debug] [2026-10-07T15:03:21.697Z] E1007 20:33:21.695224    8676 watch.go:40] Failed to load config from "c:\\Adistu\\dataconnect": could not find dataconnect.yaml in `c:\Adistu\dataconnect`
 {"metadata":{"emulator":{"name":"dataconnect"},"message":"E1007 20:33:21.695224    8676 watch.go:40] Failed to load config from \"c:\\\\Adistu\\\\dataconnect\": could not find dataconnect.yaml in `c:\\Adistu\\dataconnect`\n"}}
[debug] [2026-10-07T15:03:31.695Z] E1007 20:33:31.694745    8676 watch.go:40] Failed to load config from "c:\\Adistu\\dataconnect": could not find dataconnect.yaml in `c:\Adistu\dataconnect`
 {"metadata":{"emulator":{"name":"dataconnect"},"message":"E1007 20:33:31.694745    8676 watch.go:40] Failed to load config from \"c:\\\\Adistu\\\\dataconnect\": could not find dataconnect.yaml in `c:\\Adistu\\dataconnect`\n"}}
[debug] [2026-10-07T15:03:41.696Z] E1007 20:33:41.694260    8676 watch.go:40] Failed to load config from "c:\\Adistu\\dataconnect": could not find dataconnect.yaml in `c:\Adistu\dataconnect`
 {"metadata":{"emulator":{"name":"dataconnect"},"message":"E1007 20:33:41.694260    8676 watch.go:40] Failed to load config from \"c:\\\\Adistu\\\\dataconnect\": could not find dataconnect.yaml in `c:\\Adistu\\dataconnect`\n"}}
[debug] [2026-10-07T15:03:51.707Z] E1007 20:33:51.703811    8676 watch.go:40] Failed to load config from "c:\\Adistu\\dataconnect": could not find dataconnect.yaml in `c:\Adistu\dataconnect`
 {"metadata":{"emulator":{"name":"dataconnect"},"message":"E1007 20:33:51.703811    8676 watch.go:40] Failed to load config from \"c:\\\\Adistu\\\\dataconnect\": could not find dataconnect.yaml in `c:\\Adistu\\dataconnect`\n"}}
[debug] [2026-10-07T15:04:01.689Z] E1007 20:34:01.698512    8676 watch.go:40] Failed to load config from "c:\\Adistu\\dataconnect": could not find dataconnect.yaml in `c:\Adistu\dataconnect`
 {"metadata":{"emulator":{"name":"dataconnect"},"message":"E1007 20:34:01.698512    8676 watch.go:40] Failed to load config from \"c:\\\\Adistu\\\\dataconnect\": could not find dataconnect.yaml in `c:\\Adistu\\dataconnect`\n"}}
[debug] [2026-10-07T15:04:11.691Z] E1007 20:34:11.699705    8676 watch.go:40] Failed to load config from "c:\\Adistu\\dataconnect": could not find dataconnect.yaml in `c:\Adistu\dataconnect`
 {"metadata":{"emulator":{"name":"dataconnect"},"message":"E1007 20:34:11.699705    8676 watch.go:40] Failed to load config from \"c:\\\\Adistu\\\\dataconnect\": could not find dataconnect.yaml in `c:\\Adistu\\dataconnect`\n"}}
[debug] [2026-10-07T15:04:22.111Z] E1007 20:34:21.694003    8676 watch.go:40] Failed to load config from "c:\\Adistu\\dataconnect": could not find dataconnect.yaml in `c:\Adistu\dataconnect`
E1007 20:34:21.694003    8676 watch.go:116] watchAllDir unable to walk dir `c:\Adistu\dataconnect`: GetFileAttributesEx c:\Adistu\dataconnect: The system cannot find the file specified.
 {"metadata":{"emulator":{"name":"dataconnect"},"message":"E1007 20:34:21.694003    8676 watch.go:40] Failed to load config from \"c:\\\\Adistu\\\\dataconnect\": could not find dataconnect.yaml in `c:\\Adistu\\dataconnect`\nE1007 20:34:21.694003    8676 watch.go:116] watchAllDir unable to walk dir `c:\\Adistu\\dataconnect`: GetFileAttributesEx c:\\Adistu\\dataconnect: The system cannot find the file specified.\n"}}
[debug] [2026-10-07T15:04:31.688Z] E1007 20:34:31.696626    8676 watch.go:40] Failed to load config from "c:\\Adistu\\dataconnect": could not find dataconnect.yaml in `c:\Adistu\dataconnect`
 {"metadata":{"emulator":{"name":"dataconnect"},"message":"E1007 20:34:31.696626    8676 watch.go:40] Failed to load config from \"c:\\\\Adistu\\\\dataconnect\": could not find dataconnect.yaml in `c:\\Adistu\\dataconnect`\n"}}
[debug] [2026-10-07T15:04:41.686Z] E1007 20:34:41.694451    8676 watch.go:40] Failed to load config from "c:\\Adistu\\dataconnect": could not find dataconnect.yaml in `c:\Adistu\dataconnect`
 {"metadata":{"emulator":{"name":"dataconnect"},"message":"E1007 20:34:41.694451    8676 watch.go:40] Failed to load config from \"c:\\\\Adistu\\\\dataconnect\": could not find dataconnect.yaml in `c:\\Adistu\\dataconnect`\n"}}
[debug] [2026-10-07T15:04:51.694Z] E1007 20:34:51.694175    8676 watch.go:40] Failed to load config from "c:\\Adistu\\dataconnect": could not find dataconnect.yaml in `c:\Adistu\dataconnect`
 {"metadata":{"emulator":{"name":"dataconnect"},"message":"E1007 20:34:51.694175    8676 watch.go:40] Failed to load config from \"c:\\\\Adistu\\\\dataconnect\": could not find dataconnect.yaml in `c:\\Adistu\\dataconnect`\n"}}
[debug] [2026-10-07T15:05:01.694Z] E1007 20:35:01.694074    8676 watch.go:40] Failed to load config from "c:\\Adistu\\dataconnect": could not find dataconnect.yaml in `c:\Adistu\dataconnect`
 {"metadata":{"emulator":{"name":"dataconnect"},"message":"E1007 20:35:01.694074    8676 watch.go:40] Failed to load config from \"c:\\\\Adistu\\\\dataconnect\": could not find dataconnect.yaml in `c:\\Adistu\\dataconnect`\n"}}
[debug] [2026-10-07T15:05:11.695Z] E1007 20:35:11.694963    8676 watch.go:40] Failed to load config from "c:\\Adistu\\dataconnect": could not find dataconnect.yaml in `c:\Adistu\dataconnect`
 {"metadata":{"emulator":{"name":"dataconnect"},"message":"E1007 20:35:11.694963    8676 watch.go:40] Failed to load config from \"c:\\\\Adistu\\\\dataconnect\": could not find dataconnect.yaml in `c:\\Adistu\\dataconnect`\n"}}
[debug] [2026-10-07T15:05:21.766Z] E1007 20:35:21.756490    8676 watch.go:40] Failed to load config from "c:\\Adistu\\dataconnect": could not find dataconnect.yaml in `c:\Adistu\dataconnect`
 {"metadata":{"emulator":{"name":"dataconnect"},"message":"E1007 20:35:21.756490    8676 watch.go:40] Failed to load config from \"c:\\\\Adistu\\\\dataconnect\": could not find dataconnect.yaml in `c:\\Adistu\\dataconnect`\n"}}
[debug] [2026-10-07T15:05:21.783Z] E1007 20:35:21.773551    8676 watch.go:116] watchAllDir unable to walk dir `c:\Adistu\dataconnect`: GetFileAttributesEx c:\Adistu\dataconnect: The system cannot find the file specified.
 {"metadata":{"emulator":{"name":"dataconnect"},"message":"E1007 20:35:21.773551    8676 watch.go:116] watchAllDir unable to walk dir `c:\\Adistu\\dataconnect`: GetFileAttributesEx c:\\Adistu\\dataconnect: The system cannot find the file specified.\n"}}
[debug] [2026-10-07T15:05:31.695Z] E1007 20:35:31.695490    8676 watch.go:40] Failed to load config from "c:\\Adistu\\dataconnect": could not find dataconnect.yaml in `c:\Adistu\dataconnect`
 {"metadata":{"emulator":{"name":"dataconnect"},"message":"E1007 20:35:31.695490    8676 watch.go:40] Failed to load config from \"c:\\\\Adistu\\\\dataconnect\": could not find dataconnect.yaml in `c:\\Adistu\\dataconnect`\n"}}
[debug] [2026-10-07T15:05:41.694Z] E1007 20:35:41.694035    8676 watch.go:40] Failed to load config from "c:\\Adistu\\dataconnect": could not find dataconnect.yaml in `c:\Adistu\dataconnect`
 {"metadata":{"emulator":{"name":"dataconnect"},"message":"E1007 20:35:41.694035    8676 watch.go:40] Failed to load config from \"c:\\\\Adistu\\\\dataconnect\": could not find dataconnect.yaml in `c:\\Adistu\\dataconnect`\n"}}
[debug] [2026-10-07T15:05:51.694Z] E1007 20:35:51.694243    8676 watch.go:40] Failed to load config from "c:\\Adistu\\dataconnect": could not find dataconnect.yaml in `c:\Adistu\dataconnect`
 {"metadata":{"emulator":{"name":"dataconnect"},"message":"E1007 20:35:51.694243    8676 watch.go:40] Failed to load config from \"c:\\\\Adistu\\\\dataconnect\": could not find dataconnect.yaml in `c:\\Adistu\\dataconnect`\n"}}
[debug] [2026-10-07T15:06:01.696Z] E1007 20:36:01.696139    8676 watch.go:40] Failed to load config from "c:\\Adistu\\dataconnect": could not find dataconnect.yaml in `c:\Adistu\dataconnect`
 {"metadata":{"emulator":{"name":"dataconnect"},"message":"E1007 20:36:01.696139    8676 watch.go:40] Failed to load config from \"c:\\\\Adistu\\\\dataconnect\": could not find dataconnect.yaml in `c:\\Adistu\\dataconnect`\n"}}
[debug] [2026-10-07T15:06:11.694Z] E1007 20:36:11.694570    8676 watch.go:40] Failed to load config from "c:\\Adistu\\dataconnect": could not find dataconnect.yaml in `c:\Adistu\dataconnect`
 {"metadata":{"emulator":{"name":"dataconnect"},"message":"E1007 20:36:11.694570    8676 watch.go:40] Failed to load config from \"c:\\\\Adistu\\\\dataconnect\": could not find dataconnect.yaml in `c:\\Adistu\\dataconnect`\n"}}
[debug] [2026-10-07T15:06:21.694Z] E1007 20:36:21.694462    8676 watch.go:116] watchAllDir unable to walk dir `c:\Adistu\dataconnect`: GetFileAttributesEx c:\Adistu\dataconnect: The system cannot find the file specified.
 {"metadata":{"emulator":{"name":"dataconnect"},"message":"E1007 20:36:21.694462    8676 watch.go:116] watchAllDir unable to walk dir `c:\\Adistu\\dataconnect`: GetFileAttributesEx c:\\Adistu\\dataconnect: The system cannot find the file specified.\n"}}
[debug] [2026-10-07T15:06:21.697Z] E1007 20:36:21.695022    8676 watch.go:40] Failed to load config from "c:\\Adistu\\dataconnect": could not find dataconnect.yaml in `c:\Adistu\dataconnect`
 {"metadata":{"emulator":{"name":"dataconnect"},"message":"E1007 20:36:21.695022    8676 watch.go:40] Failed to load config from \"c:\\\\Adistu\\\\dataconnect\": could not find dataconnect.yaml in `c:\\Adistu\\dataconnect`\n"}}
[debug] [2026-10-07T15:06:31.694Z] E1007 20:36:31.694343    8676 watch.go:40] Failed to load config from "c:\\Adistu\\dataconnect": could not find dataconnect.yaml in `c:\Adistu\dataconnect`
 {"metadata":{"emulator":{"name":"dataconnect"},"message":"E1007 20:36:31.694343    8676 watch.go:40] Failed to load config from \"c:\\\\Adistu\\\\dataconnect\": could not find dataconnect.yaml in `c:\\Adistu\\dataconnect`\n"}}
[debug] [2026-10-07T15:06:41.695Z] E1007 20:36:41.695048    8676 watch.go:40] Failed to load config from "c:\\Adistu\\dataconnect": could not find dataconnect.yaml in `c:\Adistu\dataconnect`
 {"metadata":{"emulator":{"name":"dataconnect"},"message":"E1007 20:36:41.695048    8676 watch.go:40] Failed to load config from \"c:\\\\Adistu\\\\dataconnect\": could not find dataconnect.yaml in `c:\\Adistu\\dataconnect`\n"}}
[debug] [2026-10-07T15:06:51.696Z] E1007 20:36:51.695681    8676 watch.go:40] Failed to load config from "c:\\Adistu\\dataconnect": could not find dataconnect.yaml in `c:\Adistu\dataconnect`
 {"metadata":{"emulator":{"name":"dataconnect"},"message":"E1007 20:36:51.695681    8676 watch.go:40] Failed to load config from \"c:\\\\Adistu\\\\dataconnect\": could not find dataconnect.yaml in `c:\\Adistu\\dataconnect`\n"}}
[debug] [2026-10-07T15:07:01.694Z] E1007 20:37:01.694327    8676 watch.go:40] Failed to load config from "c:\\Adistu\\dataconnect": could not find dataconnect.yaml in `c:\Adistu\dataconnect`
 {"metadata":{"emulator":{"name":"dataconnect"},"message":"E1007 20:37:01.694327    8676 watch.go:40] Failed to load config from \"c:\\\\Adistu\\\\dataconnect\": could not find dataconnect.yaml in `c:\\Adistu\\dataconnect`\n"}}
[debug] [2026-10-07T15:07:11.695Z] E1007 20:37:11.694492    8676 watch.go:40] Failed to load config from "c:\\Adistu\\dataconnect": could not find dataconnect.yaml in `c:\Adistu\dataconnect`
 {"metadata":{"emulator":{"name":"dataconnect"},"message":"E1007 20:37:11.694492    8676 watch.go:40] Failed to load config from \"c:\\\\Adistu\\\\dataconnect\": could not find dataconnect.yaml in `c:\\Adistu\\dataconnect`\n"}}
[debug] [2026-10-07T15:07:21.694Z] E1007 20:37:21.694254    8676 watch.go:116] watchAllDir unable to walk dir `c:\Adistu\dataconnect`: GetFileAttributesEx c:\Adistu\dataconnect: The system cannot find the file specified.
E1007 20:37:21.694762    8676 watch.go:40] Failed to load config from "c:\\Adistu\\dataconnect": could not find dataconnect.yaml in `c:\Adistu\dataconnect`
 {"metadata":{"emulator":{"name":"dataconnect"},"message":"E1007 20:37:21.694254    8676 watch.go:116] watchAllDir unable to walk dir `c:\\Adistu\\dataconnect`: GetFileAttributesEx c:\\Adistu\\dataconnect: The system cannot find the file specified.\nE1007 20:37:21.694762    8676 watch.go:40] Failed to load config from \"c:\\\\Adistu\\\\dataconnect\": could not find dataconnect.yaml in `c:\\Adistu\\dataconnect`\n"}}
[debug] [2026-10-07T15:07:31.695Z] E1007 20:37:31.695434    8676 watch.go:40] Failed to load config from "c:\\Adistu\\dataconnect": could not find dataconnect.yaml in `c:\Adistu\dataconnect`
 {"metadata":{"emulator":{"name":"dataconnect"},"message":"E1007 20:37:31.695434    8676 watch.go:40] Failed to load config from \"c:\\\\Adistu\\\\dataconnect\": could not find dataconnect.yaml in `c:\\Adistu\\dataconnect`\n"}}
[debug] [2026-10-07T15:07:41.694Z] E1007 20:37:41.694254    8676 watch.go:40] Failed to load config from "c:\\Adistu\\dataconnect": could not find dataconnect.yaml in `c:\Adistu\dataconnect`
 {"metadata":{"emulator":{"name":"dataconnect"},"message":"E1007 20:37:41.694254    8676 watch.go:40] Failed to load config from \"c:\\\\Adistu\\\\dataconnect\": could not find dataconnect.yaml in `c:\\Adistu\\dataconnect`\n"}}
[debug] [2026-10-07T15:07:51.694Z] E1007 20:37:51.694265    8676 watch.go:40] Failed to load config from "c:\\Adistu\\dataconnect": could not find dataconnect.yaml in `c:\Adistu\dataconnect`
 {"metadata":{"emulator":{"name":"dataconnect"},"message":"E1007 20:37:51.694265    8676 watch.go:40] Failed to load config from \"c:\\\\Adistu\\\\dataconnect\": could not find dataconnect.yaml in `c:\\Adistu\\dataconnect`\n"}}
[debug] [2026-10-07T15:08:01.695Z] E1007 20:38:01.694759    8676 watch.go:40] Failed to load config from "c:\\Adistu\\dataconnect": could not find dataconnect.yaml in `c:\Adistu\dataconnect`
 {"metadata":{"emulator":{"name":"dataconnect"},"message":"E1007 20:38:01.694759    8676 watch.go:40] Failed to load config from \"c:\\\\Adistu\\\\dataconnect\": could not find dataconnect.yaml in `c:\\Adistu\\dataconnect`\n"}}
[debug] [2026-10-07T15:08:11.695Z] E1007 20:38:11.694422    8676 watch.go:40] Failed to load config from "c:\\Adistu\\dataconnect": could not find dataconnect.yaml in `c:\Adistu\dataconnect`
 {"metadata":{"emulator":{"name":"dataconnect"},"message":"E1007 20:38:11.694422    8676 watch.go:40] Failed to load config from \"c:\\\\Adistu\\\\dataconnect\": could not find dataconnect.yaml in `c:\\Adistu\\dataconnect`\n"}}
[debug] [2026-10-07T15:08:21.695Z] E1007 20:38:21.694978    8676 watch.go:40] Failed to load config from "c:\\Adistu\\dataconnect": could not find dataconnect.yaml in `c:\Adistu\dataconnect`
 {"metadata":{"emulator":{"name":"dataconnect"},"message":"E1007 20:38:21.694978    8676 watch.go:40] Failed to load config from \"c:\\\\Adistu\\\\dataconnect\": could not find dataconnect.yaml in `c:\\Adistu\\dataconnect`\n"}}
[debug] [2026-10-07T15:08:21.701Z] E1007 20:38:21.694413    8676 watch.go:116] watchAllDir unable to walk dir `c:\Adistu\dataconnect`: GetFileAttributesEx c:\Adistu\dataconnect: The system cannot find the file specified.
 {"metadata":{"emulator":{"name":"dataconnect"},"message":"E1007 20:38:21.694413    8676 watch.go:116] watchAllDir unable to walk dir `c:\\Adistu\\dataconnect`: GetFileAttributesEx c:\\Adistu\\dataconnect: The system cannot find the file specified.\n"}}
[debug] [2026-10-07T15:08:31.695Z] E1007 20:38:31.694825    8676 watch.go:40] Failed to load config from "c:\\Adistu\\dataconnect": could not find dataconnect.yaml in `c:\Adistu\dataconnect`
 {"metadata":{"emulator":{"name":"dataconnect"},"message":"E1007 20:38:31.694825    8676 watch.go:40] Failed to load config from \"c:\\\\Adistu\\\\dataconnect\": could not find dataconnect.yaml in `c:\\Adistu\\dataconnect`\n"}}
[debug] [2026-10-07T15:08:41.695Z] E1007 20:38:41.694557    8676 watch.go:40] Failed to load config from "c:\\Adistu\\dataconnect": could not find dataconnect.yaml in `c:\Adistu\dataconnect`
 {"metadata":{"emulator":{"name":"dataconnect"},"message":"E1007 20:38:41.694557    8676 watch.go:40] Failed to load config from \"c:\\\\Adistu\\\\dataconnect\": could not find dataconnect.yaml in `c:\\Adistu\\dataconnect`\n"}}
[debug] [2026-10-07T15:08:51.695Z] E1007 20:38:51.694673    8676 watch.go:40] Failed to load config from "c:\\Adistu\\dataconnect": could not find dataconnect.yaml in `c:\Adistu\dataconnect`
 {"metadata":{"emulator":{"name":"dataconnect"},"message":"E1007 20:38:51.694673    8676 watch.go:40] Failed to load config from \"c:\\\\Adistu\\\\dataconnect\": could not find dataconnect.yaml in `c:\\Adistu\\dataconnect`\n"}}
[debug] [2026-10-07T15:09:01.704Z] E1007 20:39:01.703540    8676 watch.go:40] Failed to load config from "c:\\Adistu\\dataconnect": could not find dataconnect.yaml in `c:\Adistu\dataconnect`
 {"metadata":{"emulator":{"name":"dataconnect"},"message":"E1007 20:39:01.703540    8676 watch.go:40] Failed to load config from \"c:\\\\Adistu\\\\dataconnect\": could not find dataconnect.yaml in `c:\\Adistu\\dataconnect`\n"}}
[debug] [2026-10-07T15:09:11.694Z] E1007 20:39:11.694235    8676 watch.go:40] Failed to load config from "c:\\Adistu\\dataconnect": could not find dataconnect.yaml in `c:\Adistu\dataconnect`
 {"metadata":{"emulator":{"name":"dataconnect"},"message":"E1007 20:39:11.694235    8676 watch.go:40] Failed to load config from \"c:\\\\Adistu\\\\dataconnect\": could not find dataconnect.yaml in `c:\\Adistu\\dataconnect`\n"}}
[debug] [2026-10-07T15:09:21.695Z] E1007 20:39:21.694660    8676 watch.go:116] watchAllDir unable to walk dir `c:\Adistu\dataconnect`: GetFileAttributesEx c:\Adistu\dataconnect: The system cannot find the file specified.
 {"metadata":{"emulator":{"name":"dataconnect"},"message":"E1007 20:39:21.694660    8676 watch.go:116] watchAllDir unable to walk dir `c:\\Adistu\\dataconnect`: GetFileAttributesEx c:\\Adistu\\dataconnect: The system cannot find the file specified.\n"}}
[debug] [2026-10-07T15:09:21.697Z] E1007 20:39:21.695262    8676 watch.go:40] Failed to load config from "c:\\Adistu\\dataconnect": could not find dataconnect.yaml in `c:\Adistu\dataconnect`
 {"metadata":{"emulator":{"name":"dataconnect"},"message":"E1007 20:39:21.695262    8676 watch.go:40] Failed to load config from \"c:\\\\Adistu\\\\dataconnect\": could not find dataconnect.yaml in `c:\\Adistu\\dataconnect`\n"}}
[debug] [2026-10-07T15:09:31.695Z] E1007 20:39:31.694691    8676 watch.go:40] Failed to load config from "c:\\Adistu\\dataconnect": could not find dataconnect.yaml in `c:\Adistu\dataconnect`
 {"metadata":{"emulator":{"name":"dataconnect"},"message":"E1007 20:39:31.694691    8676 watch.go:40] Failed to load config from \"c:\\\\Adistu\\\\dataconnect\": could not find dataconnect.yaml in `c:\\Adistu\\dataconnect`\n"}}
[debug] [2026-10-07T15:09:41.694Z] E1007 20:39:41.694553    8676 watch.go:40] Failed to load config from "c:\\Adistu\\dataconnect": could not find dataconnect.yaml in `c:\Adistu\dataconnect`
 {"metadata":{"emulator":{"name":"dataconnect"},"message":"E1007 20:39:41.694553    8676 watch.go:40] Failed to load config from \"c:\\\\Adistu\\\\dataconnect\": could not find dataconnect.yaml in `c:\\Adistu\\dataconnect`\n"}}
[debug] [2026-10-07T15:09:51.695Z] E1007 20:39:51.694890    8676 watch.go:40] Failed to load config from "c:\\Adistu\\dataconnect": could not find dataconnect.yaml in `c:\Adistu\dataconnect`
 {"metadata":{"emulator":{"name":"dataconnect"},"message":"E1007 20:39:51.694890    8676 watch.go:40] Failed to load config from \"c:\\\\Adistu\\\\dataconnect\": could not find dataconnect.yaml in `c:\\Adistu\\dataconnect`\n"}}
[debug] [2026-10-07T15:10:01.695Z] E1007 20:40:01.695129    8676 watch.go:40] Failed to load config from "c:\\Adistu\\dataconnect": could not find dataconnect.yaml in `c:\Adistu\dataconnect`
 {"metadata":{"emulator":{"name":"dataconnect"},"message":"E1007 20:40:01.695129    8676 watch.go:40] Failed to load config from \"c:\\\\Adistu\\\\dataconnect\": could not find dataconnect.yaml in `c:\\Adistu\\dataconnect`\n"}}
[debug] [2026-10-07T15:10:11.695Z] E1007 20:40:11.695200    8676 watch.go:40] Failed to load config from "c:\\Adistu\\dataconnect": could not find dataconnect.yaml in `c:\Adistu\dataconnect`
 {"metadata":{"emulator":{"name":"dataconnect"},"message":"E1007 20:40:11.695200    8676 watch.go:40] Failed to load config from \"c:\\\\Adistu\\\\dataconnect\": could not find dataconnect.yaml in `c:\\Adistu\\dataconnect`\n"}}
[debug] [2026-10-07T15:10:21.703Z] E1007 20:40:21.694207    8676 watch.go:116] watchAllDir unable to walk dir `c:\Adistu\dataconnect`: GetFileAttributesEx c:\Adistu\dataconnect: The system cannot find the file specified.
 {"metadata":{"emulator":{"name":"dataconnect"},"message":"E1007 20:40:21.694207    8676 watch.go:116] watchAllDir unable to walk dir `c:\\Adistu\\dataconnect`: GetFileAttributesEx c:\\Adistu\\dataconnect: The system cannot find the file specified.\n"}}
[debug] [2026-10-07T15:10:21.706Z] E1007 20:40:21.694207    8676 watch.go:40] Failed to load config from "c:\\Adistu\\dataconnect": could not find dataconnect.yaml in `c:\Adistu\dataconnect`
 {"metadata":{"emulator":{"name":"dataconnect"},"message":"E1007 20:40:21.694207    8676 watch.go:40] Failed to load config from \"c:\\\\Adistu\\\\dataconnect\": could not find dataconnect.yaml in `c:\\Adistu\\dataconnect`\n"}}
[debug] [2026-10-07T15:10:31.699Z] E1007 20:40:31.699338    8676 watch.go:40] Failed to load config from "c:\\Adistu\\dataconnect": could not find dataconnect.yaml in `c:\Adistu\dataconnect`
 {"metadata":{"emulator":{"name":"dataconnect"},"message":"E1007 20:40:31.699338    8676 watch.go:40] Failed to load config from \"c:\\\\Adistu\\\\dataconnect\": could not find dataconnect.yaml in `c:\\Adistu\\dataconnect`\n"}}
[debug] [2026-10-07T15:10:41.695Z] E1007 20:40:41.694627    8676 watch.go:40] Failed to load config from "c:\\Adistu\\dataconnect": could not find dataconnect.yaml in `c:\Adistu\dataconnect`
 {"metadata":{"emulator":{"name":"dataconnect"},"message":"E1007 20:40:41.694627    8676 watch.go:40] Failed to load config from \"c:\\\\Adistu\\\\dataconnect\": could not find dataconnect.yaml in `c:\\Adistu\\dataconnect`\n"}}
[debug] [2026-10-07T15:10:51.695Z] E1007 20:40:51.694952    8676 watch.go:40] Failed to load config from "c:\\Adistu\\dataconnect": could not find dataconnect.yaml in `c:\Adistu\dataconnect`
 {"metadata":{"emulator":{"name":"dataconnect"},"message":"E1007 20:40:51.694952    8676 watch.go:40] Failed to load config from \"c:\\\\Adistu\\\\dataconnect\": could not find dataconnect.yaml in `c:\\Adistu\\dataconnect`\n"}}
[debug] [2026-10-07T15:11:01.695Z] E1007 20:41:01.694974    8676 watch.go:40] Failed to load config from "c:\\Adistu\\dataconnect": could not find dataconnect.yaml in `c:\Adistu\dataconnect`
 {"metadata":{"emulator":{"name":"dataconnect"},"message":"E1007 20:41:01.694974    8676 watch.go:40] Failed to load config from \"c:\\\\Adistu\\\\dataconnect\": could not find dataconnect.yaml in `c:\\Adistu\\dataconnect`\n"}}
[debug] [2026-10-07T15:11:11.696Z] E1007 20:41:11.695319    8676 watch.go:40] Failed to load config from "c:\\Adistu\\dataconnect": could not find dataconnect.yaml in `c:\Adistu\dataconnect`
 {"metadata":{"emulator":{"name":"dataconnect"},"message":"E1007 20:41:11.695319    8676 watch.go:40] Failed to load config from \"c:\\\\Adistu\\\\dataconnect\": could not find dataconnect.yaml in `c:\\Adistu\\dataconnect`\n"}}
[debug] [2026-10-07T15:11:21.695Z] E1007 20:41:21.694385    8676 watch.go:116] watchAllDir unable to walk dir `c:\Adistu\dataconnect`: GetFileAttributesEx c:\Adistu\dataconnect: The system cannot find the file specified.
E1007 20:41:21.694931    8676 watch.go:40] Failed to load config from "c:\\Adistu\\dataconnect": could not find dataconnect.yaml in `c:\Adistu\dataconnect`
 {"metadata":{"emulator":{"name":"dataconnect"},"message":"E1007 20:41:21.694385    8676 watch.go:116] watchAllDir unable to walk dir `c:\\Adistu\\dataconnect`: GetFileAttributesEx c:\\Adistu\\dataconnect: The system cannot find the file specified.\nE1007 20:41:21.694931    8676 watch.go:40] Failed to load config from \"c:\\\\Adistu\\\\dataconnect\": could not find dataconnect.yaml in `c:\\Adistu\\dataconnect`\n"}}
[debug] [2026-10-07T15:11:31.695Z] E1007 20:41:31.695168    8676 watch.go:40] Failed to load config from "c:\\Adistu\\dataconnect": could not find dataconnect.yaml in `c:\Adistu\dataconnect`
 {"metadata":{"emulator":{"name":"dataconnect"},"message":"E1007 20:41:31.695168    8676 watch.go:40] Failed to load config from \"c:\\\\Adistu\\\\dataconnect\": could not find dataconnect.yaml in `c:\\Adistu\\dataconnect`\n"}}
[debug] [2026-10-07T15:11:41.694Z] E1007 20:41:41.694156    8676 watch.go:40] Failed to load config from "c:\\Adistu\\dataconnect": could not find dataconnect.yaml in `c:\Adistu\dataconnect`
 {"metadata":{"emulator":{"name":"dataconnect"},"message":"E1007 20:41:41.694156    8676 watch.go:40] Failed to load config from \"c:\\\\Adistu\\\\dataconnect\": could not find dataconnect.yaml in `c:\\Adistu\\dataconnect`\n"}}
[debug] [2026-10-07T15:11:51.694Z] E1007 20:41:51.694374    8676 watch.go:40] Failed to load config from "c:\\Adistu\\dataconnect": could not find dataconnect.yaml in `c:\Adistu\dataconnect`
 {"metadata":{"emulator":{"name":"dataconnect"},"message":"E1007 20:41:51.694374    8676 watch.go:40] Failed to load config from \"c:\\\\Adistu\\\\dataconnect\": could not find dataconnect.yaml in `c:\\Adistu\\dataconnect`\n"}}
[debug] [2026-10-07T15:12:01.691Z] E1007 20:42:01.694136    8676 watch.go:40] Failed to load config from "c:\\Adistu\\dataconnect": could not find dataconnect.yaml in `c:\Adistu\dataconnect`
 {"metadata":{"emulator":{"name":"dataconnect"},"message":"E1007 20:42:01.694136    8676 watch.go:40] Failed to load config from \"c:\\\\Adistu\\\\dataconnect\": could not find dataconnect.yaml in `c:\\Adistu\\dataconnect`\n"}}
[debug] [2026-10-07T15:12:11.691Z] E1007 20:42:11.694880    8676 watch.go:40] Failed to load config from "c:\\Adistu\\dataconnect": could not find dataconnect.yaml in `c:\Adistu\dataconnect`
 {"metadata":{"emulator":{"name":"dataconnect"},"message":"E1007 20:42:11.694880    8676 watch.go:40] Failed to load config from \"c:\\\\Adistu\\\\dataconnect\": could not find dataconnect.yaml in `c:\\Adistu\\dataconnect`\n"}}
[debug] [2026-10-07T15:12:21.691Z] E1007 20:42:21.694484    8676 watch.go:116] watchAllDir unable to walk dir `c:\Adistu\dataconnect`: GetFileAttributesEx c:\Adistu\dataconnect: The system cannot find the file specified.
 {"metadata":{"emulator":{"name":"dataconnect"},"message":"E1007 20:42:21.694484    8676 watch.go:116] watchAllDir unable to walk dir `c:\\Adistu\\dataconnect`: GetFileAttributesEx c:\\Adistu\\dataconnect: The system cannot find the file specified.\n"}}
[debug] [2026-10-07T15:12:21.693Z] E1007 20:42:21.695049    8676 watch.go:40] Failed to load config from "c:\\Adistu\\dataconnect": could not find dataconnect.yaml in `c:\Adistu\dataconnect`
 {"metadata":{"emulator":{"name":"dataconnect"},"message":"E1007 20:42:21.695049    8676 watch.go:40] Failed to load config from \"c:\\\\Adistu\\\\dataconnect\": could not find dataconnect.yaml in `c:\\Adistu\\dataconnect`\n"}}
[debug] [2026-10-07T15:12:31.691Z] E1007 20:42:31.694523    8676 watch.go:40] Failed to load config from "c:\\Adistu\\dataconnect": could not find dataconnect.yaml in `c:\Adistu\dataconnect`
 {"metadata":{"emulator":{"name":"dataconnect"},"message":"E1007 20:42:31.694523    8676 watch.go:40] Failed to load config from \"c:\\\\Adistu\\\\dataconnect\": could not find dataconnect.yaml in `c:\\Adistu\\dataconnect`\n"}}
[debug] [2026-10-07T15:12:41.691Z] E1007 20:42:41.695141    8676 watch.go:40] Failed to load config from "c:\\Adistu\\dataconnect": could not find dataconnect.yaml in `c:\Adistu\dataconnect`
 {"metadata":{"emulator":{"name":"dataconnect"},"message":"E1007 20:42:41.695141    8676 watch.go:40] Failed to load config from \"c:\\\\Adistu\\\\dataconnect\": could not find dataconnect.yaml in `c:\\Adistu\\dataconnect`\n"}}
[debug] [2026-10-07T15:12:51.691Z] E1007 20:42:51.694318    8676 watch.go:40] Failed to load config from "c:\\Adistu\\dataconnect": could not find dataconnect.yaml in `c:\Adistu\dataconnect`
 {"metadata":{"emulator":{"name":"dataconnect"},"message":"E1007 20:42:51.694318    8676 watch.go:40] Failed to load config from \"c:\\\\Adistu\\\\dataconnect\": could not find dataconnect.yaml in `c:\\Adistu\\dataconnect`\n"}}
[debug] [2026-10-07T15:13:01.694Z] E1007 20:43:01.694322    8676 watch.go:40] Failed to load config from "c:\\Adistu\\dataconnect": could not find dataconnect.yaml in `c:\Adistu\dataconnect`
 {"metadata":{"emulator":{"name":"dataconnect"},"message":"E1007 20:43:01.694322    8676 watch.go:40] Failed to load config from \"c:\\\\Adistu\\\\dataconnect\": could not find dataconnect.yaml in `c:\\Adistu\\dataconnect`\n"}}
[debug] [2026-10-07T15:13:11.694Z] E1007 20:43:11.694138    8676 watch.go:40] Failed to load config from "c:\\Adistu\\dataconnect": could not find dataconnect.yaml in `c:\Adistu\dataconnect`
 {"metadata":{"emulator":{"name":"dataconnect"},"message":"E1007 20:43:11.694138    8676 watch.go:40] Failed to load config from \"c:\\\\Adistu\\\\dataconnect\": could not find dataconnect.yaml in `c:\\Adistu\\dataconnect`\n"}}
[debug] [2026-10-07T15:13:21.694Z] E1007 20:43:21.694544    8676 watch.go:116] watchAllDir unable to walk dir `c:\Adistu\dataconnect`: GetFileAttributesEx c:\Adistu\dataconnect: The system cannot find the file specified.
 {"metadata":{"emulator":{"name":"dataconnect"},"message":"E1007 20:43:21.694544    8676 watch.go:116] watchAllDir unable to walk dir `c:\\Adistu\\dataconnect`: GetFileAttributesEx c:\\Adistu\\dataconnect: The system cannot find the file specified.\n"}}
[debug] [2026-10-07T15:13:21.696Z] E1007 20:43:21.695104    8676 watch.go:40] Failed to load config from "c:\\Adistu\\dataconnect": could not find dataconnect.yaml in `c:\Adistu\dataconnect`
 {"metadata":{"emulator":{"name":"dataconnect"},"message":"E1007 20:43:21.695104    8676 watch.go:40] Failed to load config from \"c:\\\\Adistu\\\\dataconnect\": could not find dataconnect.yaml in `c:\\Adistu\\dataconnect`\n"}}
[debug] [2026-10-07T15:13:31.695Z] E1007 20:43:31.694776    8676 watch.go:40] Failed to load config from "c:\\Adistu\\dataconnect": could not find dataconnect.yaml in `c:\Adistu\dataconnect`
 {"metadata":{"emulator":{"name":"dataconnect"},"message":"E1007 20:43:31.694776    8676 watch.go:40] Failed to load config from \"c:\\\\Adistu\\\\dataconnect\": could not find dataconnect.yaml in `c:\\Adistu\\dataconnect`\n"}}
[debug] [2026-10-07T15:13:41.695Z] E1007 20:43:41.694991    8676 watch.go:40] Failed to load config from "c:\\Adistu\\dataconnect": could not find dataconnect.yaml in `c:\Adistu\dataconnect`
 {"metadata":{"emulator":{"name":"dataconnect"},"message":"E1007 20:43:41.694991    8676 watch.go:40] Failed to load config from \"c:\\\\Adistu\\\\dataconnect\": could not find dataconnect.yaml in `c:\\Adistu\\dataconnect`\n"}}
[debug] [2026-10-07T15:13:51.694Z] E1007 20:43:51.694251    8676 watch.go:40] Failed to load config from "c:\\Adistu\\dataconnect": could not find dataconnect.yaml in `c:\Adistu\dataconnect`
 {"metadata":{"emulator":{"name":"dataconnect"},"message":"E1007 20:43:51.694251    8676 watch.go:40] Failed to load config from \"c:\\\\Adistu\\\\dataconnect\": could not find dataconnect.yaml in `c:\\Adistu\\dataconnect`\n"}}
[debug] [2026-10-07T15:14:01.695Z] E1007 20:44:01.694462    8676 watch.go:40] Failed to load config from "c:\\Adistu\\dataconnect": could not find dataconnect.yaml in `c:\Adistu\dataconnect`
 {"metadata":{"emulator":{"name":"dataconnect"},"message":"E1007 20:44:01.694462    8676 watch.go:40] Failed to load config from \"c:\\\\Adistu\\\\dataconnect\": could not find dataconnect.yaml in `c:\\Adistu\\dataconnect`\n"}}
[debug] [2026-10-07T15:14:11.695Z] E1007 20:44:11.694782    8676 watch.go:40] Failed to load config from "c:\\Adistu\\dataconnect": could not find dataconnect.yaml in `c:\Adistu\dataconnect`
 {"metadata":{"emulator":{"name":"dataconnect"},"message":"E1007 20:44:11.694782    8676 watch.go:40] Failed to load config from \"c:\\\\Adistu\\\\dataconnect\": could not find dataconnect.yaml in `c:\\Adistu\\dataconnect`\n"}}
[debug] [2026-10-07T15:14:21.694Z] E1007 20:44:21.694475    8676 watch.go:116] watchAllDir unable to walk dir `c:\Adistu\dataconnect`: GetFileAttributesEx c:\Adistu\dataconnect: The system cannot find the file specified.
 {"metadata":{"emulator":{"name":"dataconnect"},"message":"E1007 20:44:21.694475    8676 watch.go:116] watchAllDir unable to walk dir `c:\\Adistu\\dataconnect`: GetFileAttributesEx c:\\Adistu\\dataconnect: The system cannot find the file specified.\n"}}
[debug] [2026-10-07T15:14:21.696Z] E1007 20:44:21.695074    8676 watch.go:40] Failed to load config from "c:\\Adistu\\dataconnect": could not find dataconnect.yaml in `c:\Adistu\dataconnect`
 {"metadata":{"emulator":{"name":"dataconnect"},"message":"E1007 20:44:21.695074    8676 watch.go:40] Failed to load config from \"c:\\\\Adistu\\\\dataconnect\": could not find dataconnect.yaml in `c:\\Adistu\\dataconnect`\n"}}
[debug] [2026-10-07T15:14:31.695Z] E1007 20:44:31.694910    8676 watch.go:40] Failed to load config from "c:\\Adistu\\dataconnect": could not find dataconnect.yaml in `c:\Adistu\dataconnect`
 {"metadata":{"emulator":{"name":"dataconnect"},"message":"E1007 20:44:31.694910    8676 watch.go:40] Failed to load config from \"c:\\\\Adistu\\\\dataconnect\": could not find dataconnect.yaml in `c:\\Adistu\\dataconnect`\n"}}
[debug] [2026-10-07T15:14:41.695Z] E1007 20:44:41.694824    8676 watch.go:40] Failed to load config from "c:\\Adistu\\dataconnect": could not find dataconnect.yaml in `c:\Adistu\dataconnect`
 {"metadata":{"emulator":{"name":"dataconnect"},"message":"E1007 20:44:41.694824    8676 watch.go:40] Failed to load config from \"c:\\\\Adistu\\\\dataconnect\": could not find dataconnect.yaml in `c:\\Adistu\\dataconnect`\n"}}
[debug] [2026-10-07T15:14:51.695Z] E1007 20:44:51.694650    8676 watch.go:40] Failed to load config from "c:\\Adistu\\dataconnect": could not find dataconnect.yaml in `c:\Adistu\dataconnect`
 {"metadata":{"emulator":{"name":"dataconnect"},"message":"E1007 20:44:51.694650    8676 watch.go:40] Failed to load config from \"c:\\\\Adistu\\\\dataconnect\": could not find dataconnect.yaml in `c:\\Adistu\\dataconnect`\n"}}
[debug] [2026-10-07T15:15:01.694Z] E1007 20:45:01.694535    8676 watch.go:40] Failed to load config from "c:\\Adistu\\dataconnect": could not find dataconnect.yaml in `c:\Adistu\dataconnect`
 {"metadata":{"emulator":{"name":"dataconnect"},"message":"E1007 20:45:01.694535    8676 watch.go:40] Failed to load config from \"c:\\\\Adistu\\\\dataconnect\": could not find dataconnect.yaml in `c:\\Adistu\\dataconnect`\n"}}
[debug] [2026-10-07T15:15:11.695Z] E1007 20:45:11.695824    8676 watch.go:40] Failed to load config from "c:\\Adistu\\dataconnect": could not find dataconnect.yaml in `c:\Adistu\dataconnect`
 {"metadata":{"emulator":{"name":"dataconnect"},"message":"E1007 20:45:11.695824    8676 watch.go:40] Failed to load config from \"c:\\\\Adistu\\\\dataconnect\": could not find dataconnect.yaml in `c:\\Adistu\\dataconnect`\n"}}
[debug] [2026-10-07T15:15:21.695Z] E1007 20:45:21.695017    8676 watch.go:116] watchAllDir unable to walk dir `c:\Adistu\dataconnect`: GetFileAttributesEx c:\Adistu\dataconnect: The system cannot find the file specified.
 {"metadata":{"emulator":{"name":"dataconnect"},"message":"E1007 20:45:21.695017    8676 watch.go:116] watchAllDir unable to walk dir `c:\\Adistu\\dataconnect`: GetFileAttributesEx c:\\Adistu\\dataconnect: The system cannot find the file specified.\n"}}
[debug] [2026-10-07T15:15:21.697Z] E1007 20:45:21.695017    8676 watch.go:40] Failed to load config from "c:\\Adistu\\dataconnect": could not find dataconnect.yaml in `c:\Adistu\dataconnect`
 {"metadata":{"emulator":{"name":"dataconnect"},"message":"E1007 20:45:21.695017    8676 watch.go:40] Failed to load config from \"c:\\\\Adistu\\\\dataconnect\": could not find dataconnect.yaml in `c:\\Adistu\\dataconnect`\n"}}
[debug] [2026-10-07T15:15:31.696Z] E1007 20:45:31.696117    8676 watch.go:40] Failed to load config from "c:\\Adistu\\dataconnect": could not find dataconnect.yaml in `c:\Adistu\dataconnect`
 {"metadata":{"emulator":{"name":"dataconnect"},"message":"E1007 20:45:31.696117    8676 watch.go:40] Failed to load config from \"c:\\\\Adistu\\\\dataconnect\": could not find dataconnect.yaml in `c:\\Adistu\\dataconnect`\n"}}
[debug] [2026-10-07T15:15:41.696Z] E1007 20:45:41.694544    8676 watch.go:40] Failed to load config from "c:\\Adistu\\dataconnect": could not find dataconnect.yaml in `c:\Adistu\dataconnect`
 {"metadata":{"emulator":{"name":"dataconnect"},"message":"E1007 20:45:41.694544    8676 watch.go:40] Failed to load config from \"c:\\\\Adistu\\\\dataconnect\": could not find dataconnect.yaml in `c:\\Adistu\\dataconnect`\n"}}
[debug] [2026-10-07T15:15:51.694Z] E1007 20:45:51.694699    8676 watch.go:40] Failed to load config from "c:\\Adistu\\dataconnect": could not find dataconnect.yaml in `c:\Adistu\dataconnect`
 {"metadata":{"emulator":{"name":"dataconnect"},"message":"E1007 20:45:51.694699    8676 watch.go:40] Failed to load config from \"c:\\\\Adistu\\\\dataconnect\": could not find dataconnect.yaml in `c:\\Adistu\\dataconnect`\n"}}
[debug] [2026-10-07T15:16:01.694Z] E1007 20:46:01.694074    8676 watch.go:40] Failed to load config from "c:\\Adistu\\dataconnect": could not find dataconnect.yaml in `c:\Adistu\dataconnect`
 {"metadata":{"emulator":{"name":"dataconnect"},"message":"E1007 20:46:01.694074    8676 watch.go:40] Failed to load config from \"c:\\\\Adistu\\\\dataconnect\": could not find dataconnect.yaml in `c:\\Adistu\\dataconnect`\n"}}
[debug] [2026-10-07T15:16:11.694Z] E1007 20:46:11.694562    8676 watch.go:40] Failed to load config from "c:\\Adistu\\dataconnect": could not find dataconnect.yaml in `c:\Adistu\dataconnect`
 {"metadata":{"emulator":{"name":"dataconnect"},"message":"E1007 20:46:11.694562    8676 watch.go:40] Failed to load config from \"c:\\\\Adistu\\\\dataconnect\": could not find dataconnect.yaml in `c:\\Adistu\\dataconnect`\n"}}
[debug] [2026-10-07T15:16:21.693Z] E1007 20:46:21.694389    8676 watch.go:116] watchAllDir unable to walk dir `c:\Adistu\dataconnect`: GetFileAttributesEx c:\Adistu\dataconnect: The system cannot find the file specified.
 {"metadata":{"emulator":{"name":"dataconnect"},"message":"E1007 20:46:21.694389    8676 watch.go:116] watchAllDir unable to walk dir `c:\\Adistu\\dataconnect`: GetFileAttributesEx c:\\Adistu\\dataconnect: The system cannot find the file specified.\n"}}
[debug] [2026-10-07T15:16:21.695Z] E1007 20:46:21.694947    8676 watch.go:40] Failed to load config from "c:\\Adistu\\dataconnect": could not find dataconnect.yaml in `c:\Adistu\dataconnect`
 {"metadata":{"emulator":{"name":"dataconnect"},"message":"E1007 20:46:21.694947    8676 watch.go:40] Failed to load config from \"c:\\\\Adistu\\\\dataconnect\": could not find dataconnect.yaml in `c:\\Adistu\\dataconnect`\n"}}
[debug] [2026-10-07T15:16:31.695Z] E1007 20:46:31.694236    8676 watch.go:40] Failed to load config from "c:\\Adistu\\dataconnect": could not find dataconnect.yaml in `c:\Adistu\dataconnect`
 {"metadata":{"emulator":{"name":"dataconnect"},"message":"E1007 20:46:31.694236    8676 watch.go:40] Failed to load config from \"c:\\\\Adistu\\\\dataconnect\": could not find dataconnect.yaml in `c:\\Adistu\\dataconnect`\n"}}
[debug] [2026-10-07T15:16:41.699Z] E1007 20:46:41.697733    8676 watch.go:40] Failed to load config from "c:\\Adistu\\dataconnect": could not find dataconnect.yaml in `c:\Adistu\dataconnect`
 {"metadata":{"emulator":{"name":"dataconnect"},"message":"E1007 20:46:41.697733    8676 watch.go:40] Failed to load config from \"c:\\\\Adistu\\\\dataconnect\": could not find dataconnect.yaml in `c:\\Adistu\\dataconnect`\n"}}
[debug] [2026-10-07T15:16:51.693Z] E1007 20:46:51.694633    8676 watch.go:40] Failed to load config from "c:\\Adistu\\dataconnect": could not find dataconnect.yaml in `c:\Adistu\dataconnect`
 {"metadata":{"emulator":{"name":"dataconnect"},"message":"E1007 20:46:51.694633    8676 watch.go:40] Failed to load config from \"c:\\\\Adistu\\\\dataconnect\": could not find dataconnect.yaml in `c:\\Adistu\\dataconnect`\n"}}
[debug] [2026-10-07T15:17:01.693Z] E1007 20:47:01.694998    8676 watch.go:40] Failed to load config from "c:\\Adistu\\dataconnect": could not find dataconnect.yaml in `c:\Adistu\dataconnect`
 {"metadata":{"emulator":{"name":"dataconnect"},"message":"E1007 20:47:01.694998    8676 watch.go:40] Failed to load config from \"c:\\\\Adistu\\\\dataconnect\": could not find dataconnect.yaml in `c:\\Adistu\\dataconnect`\n"}}
[debug] [2026-10-07T15:17:11.694Z] E1007 20:47:11.693883    8676 watch.go:40] Failed to load config from "c:\\Adistu\\dataconnect": could not find dataconnect.yaml in `c:\Adistu\dataconnect`
 {"metadata":{"emulator":{"name":"dataconnect"},"message":"E1007 20:47:11.693883    8676 watch.go:40] Failed to load config from \"c:\\\\Adistu\\\\dataconnect\": could not find dataconnect.yaml in `c:\\Adistu\\dataconnect`\n"}}
[debug] [2026-10-07T15:17:21.694Z] E1007 20:47:21.693877    8676 watch.go:116] watchAllDir unable to walk dir `c:\Adistu\dataconnect`: GetFileAttributesEx c:\Adistu\dataconnect: The system cannot find the file specified.
 {"metadata":{"emulator":{"name":"dataconnect"},"message":"E1007 20:47:21.693877    8676 watch.go:116] watchAllDir unable to walk dir `c:\\Adistu\\dataconnect`: GetFileAttributesEx c:\\Adistu\\dataconnect: The system cannot find the file specified.\n"}}
[debug] [2026-10-07T15:17:21.699Z] E1007 20:47:21.694527    8676 watch.go:40] Failed to load config from "c:\\Adistu\\dataconnect": could not find dataconnect.yaml in `c:\Adistu\dataconnect`
 {"metadata":{"emulator":{"name":"dataconnect"},"message":"E1007 20:47:21.694527    8676 watch.go:40] Failed to load config from \"c:\\\\Adistu\\\\dataconnect\": could not find dataconnect.yaml in `c:\\Adistu\\dataconnect`\n"}}
[debug] [2026-10-07T15:17:31.695Z] E1007 20:47:31.695681    8676 watch.go:40] Failed to load config from "c:\\Adistu\\dataconnect": could not find dataconnect.yaml in `c:\Adistu\dataconnect`
 {"metadata":{"emulator":{"name":"dataconnect"},"message":"E1007 20:47:31.695681    8676 watch.go:40] Failed to load config from \"c:\\\\Adistu\\\\dataconnect\": could not find dataconnect.yaml in `c:\\Adistu\\dataconnect`\n"}}
[debug] [2026-10-07T15:17:41.694Z] E1007 20:47:41.694788    8676 watch.go:40] Failed to load config from "c:\\Adistu\\dataconnect": could not find dataconnect.yaml in `c:\Adistu\dataconnect`
 {"metadata":{"emulator":{"name":"dataconnect"},"message":"E1007 20:47:41.694788    8676 watch.go:40] Failed to load config from \"c:\\\\Adistu\\\\dataconnect\": could not find dataconnect.yaml in `c:\\Adistu\\dataconnect`\n"}}
[debug] [2026-10-07T15:17:51.694Z] E1007 20:47:51.694853    8676 watch.go:40] Failed to load config from "c:\\Adistu\\dataconnect": could not find dataconnect.yaml in `c:\Adistu\dataconnect`
 {"metadata":{"emulator":{"name":"dataconnect"},"message":"E1007 20:47:51.694853    8676 watch.go:40] Failed to load config from \"c:\\\\Adistu\\\\dataconnect\": could not find dataconnect.yaml in `c:\\Adistu\\dataconnect`\n"}}
[debug] [2026-10-07T15:18:01.694Z] E1007 20:48:01.695183    8676 watch.go:40] Failed to load config from "c:\\Adistu\\dataconnect": could not find dataconnect.yaml in `c:\Adistu\dataconnect`
 {"metadata":{"emulator":{"name":"dataconnect"},"message":"E1007 20:48:01.695183    8676 watch.go:40] Failed to load config from \"c:\\\\Adistu\\\\dataconnect\": could not find dataconnect.yaml in `c:\\Adistu\\dataconnect`\n"}}
[debug] [2026-10-07T15:18:11.692Z] E1007 20:48:11.695066    8676 watch.go:40] Failed to load config from "c:\\Adistu\\dataconnect": could not find dataconnect.yaml in `c:\Adistu\dataconnect`
 {"metadata":{"emulator":{"name":"dataconnect"},"message":"E1007 20:48:11.695066    8676 watch.go:40] Failed to load config from \"c:\\\\Adistu\\\\dataconnect\": could not find dataconnect.yaml in `c:\\Adistu\\dataconnect`\n"}}
[debug] [2026-10-07T15:18:21.691Z] E1007 20:48:21.694038    8676 watch.go:116] watchAllDir unable to walk dir `c:\Adistu\dataconnect`: GetFileAttributesEx c:\Adistu\dataconnect: The system cannot find the file specified.
 {"metadata":{"emulator":{"name":"dataconnect"},"message":"E1007 20:48:21.694038    8676 watch.go:116] watchAllDir unable to walk dir `c:\\Adistu\\dataconnect`: GetFileAttributesEx c:\\Adistu\\dataconnect: The system cannot find the file specified.\n"}}
[debug] [2026-10-07T15:18:21.693Z] E1007 20:48:21.694548    8676 watch.go:40] Failed to load config from "c:\\Adistu\\dataconnect": could not find dataconnect.yaml in `c:\Adistu\dataconnect`
 {"metadata":{"emulator":{"name":"dataconnect"},"message":"E1007 20:48:21.694548    8676 watch.go:40] Failed to load config from \"c:\\\\Adistu\\\\dataconnect\": could not find dataconnect.yaml in `c:\\Adistu\\dataconnect`\n"}}
[debug] [2026-10-07T15:18:31.692Z] E1007 20:48:31.694888    8676 watch.go:40] Failed to load config from "c:\\Adistu\\dataconnect": could not find dataconnect.yaml in `c:\Adistu\dataconnect`
 {"metadata":{"emulator":{"name":"dataconnect"},"message":"E1007 20:48:31.694888    8676 watch.go:40] Failed to load config from \"c:\\\\Adistu\\\\dataconnect\": could not find dataconnect.yaml in `c:\\Adistu\\dataconnect`\n"}}
[debug] [2026-10-07T15:18:41.691Z] E1007 20:48:41.694560    8676 watch.go:40] Failed to load config from "c:\\Adistu\\dataconnect": could not find dataconnect.yaml in `c:\Adistu\dataconnect`
 {"metadata":{"emulator":{"name":"dataconnect"},"message":"E1007 20:48:41.694560    8676 watch.go:40] Failed to load config from \"c:\\\\Adistu\\\\dataconnect\": could not find dataconnect.yaml in `c:\\Adistu\\dataconnect`\n"}}
[debug] [2026-10-07T15:18:51.691Z] E1007 20:48:51.694238    8676 watch.go:40] Failed to load config from "c:\\Adistu\\dataconnect": could not find dataconnect.yaml in `c:\Adistu\dataconnect`
 {"metadata":{"emulator":{"name":"dataconnect"},"message":"E1007 20:48:51.694238    8676 watch.go:40] Failed to load config from \"c:\\\\Adistu\\\\dataconnect\": could not find dataconnect.yaml in `c:\\Adistu\\dataconnect`\n"}}
[debug] [2026-10-07T15:19:01.691Z] E1007 20:49:01.694272    8676 watch.go:40] Failed to load config from "c:\\Adistu\\dataconnect": could not find dataconnect.yaml in `c:\Adistu\dataconnect`
 {"metadata":{"emulator":{"name":"dataconnect"},"message":"E1007 20:49:01.694272    8676 watch.go:40] Failed to load config from \"c:\\\\Adistu\\\\dataconnect\": could not find dataconnect.yaml in `c:\\Adistu\\dataconnect`\n"}}
[debug] [2026-10-07T15:19:11.695Z] E1007 20:49:11.695014    8676 watch.go:40] Failed to load config from "c:\\Adistu\\dataconnect": could not find dataconnect.yaml in `c:\Adistu\dataconnect`
 {"metadata":{"emulator":{"name":"dataconnect"},"message":"E1007 20:49:11.695014    8676 watch.go:40] Failed to load config from \"c:\\\\Adistu\\\\dataconnect\": could not find dataconnect.yaml in `c:\\Adistu\\dataconnect`\n"}}
[debug] [2026-10-07T15:19:21.694Z] E1007 20:49:21.693939    8676 watch.go:40] Failed to load config from "c:\\Adistu\\dataconnect": could not find dataconnect.yaml in `c:\Adistu\dataconnect`
 {"metadata":{"emulator":{"name":"dataconnect"},"message":"E1007 20:49:21.693939    8676 watch.go:40] Failed to load config from \"c:\\\\Adistu\\\\dataconnect\": could not find dataconnect.yaml in `c:\\Adistu\\dataconnect`\n"}}
[debug] [2026-10-07T15:19:21.702Z] E1007 20:49:21.701799    8676 watch.go:116] watchAllDir unable to walk dir `c:\Adistu\dataconnect`: GetFileAttributesEx c:\Adistu\dataconnect: The system cannot find the file specified.
 {"metadata":{"emulator":{"name":"dataconnect"},"message":"E1007 20:49:21.701799    8676 watch.go:116] watchAllDir unable to walk dir `c:\\Adistu\\dataconnect`: GetFileAttributesEx c:\\Adistu\\dataconnect: The system cannot find the file specified.\n"}}
[debug] [2026-10-07T15:19:31.696Z] E1007 20:49:31.695942    8676 watch.go:40] Failed to load config from "c:\\Adistu\\dataconnect": could not find dataconnect.yaml in `c:\Adistu\dataconnect`
 {"metadata":{"emulator":{"name":"dataconnect"},"message":"E1007 20:49:31.695942    8676 watch.go:40] Failed to load config from \"c:\\\\Adistu\\\\dataconnect\": could not find dataconnect.yaml in `c:\\Adistu\\dataconnect`\n"}}
[debug] [2026-10-07T15:19:41.694Z] E1007 20:49:41.694681    8676 watch.go:40] Failed to load config from "c:\\Adistu\\dataconnect": could not find dataconnect.yaml in `c:\Adistu\dataconnect`
 {"metadata":{"emulator":{"name":"dataconnect"},"message":"E1007 20:49:41.694681    8676 watch.go:40] Failed to load config from \"c:\\\\Adistu\\\\dataconnect\": could not find dataconnect.yaml in `c:\\Adistu\\dataconnect`\n"}}
[debug] [2026-10-07T15:19:51.694Z] E1007 20:49:51.694403    8676 watch.go:40] Failed to load config from "c:\\Adistu\\dataconnect": could not find dataconnect.yaml in `c:\Adistu\dataconnect`
 {"metadata":{"emulator":{"name":"dataconnect"},"message":"E1007 20:49:51.694403    8676 watch.go:40] Failed to load config from \"c:\\\\Adistu\\\\dataconnect\": could not find dataconnect.yaml in `c:\\Adistu\\dataconnect`\n"}}
[debug] [2026-10-07T15:20:01.694Z] E1007 20:50:01.694094    8676 watch.go:40] Failed to load config from "c:\\Adistu\\dataconnect": could not find dataconnect.yaml in `c:\Adistu\dataconnect`
 {"metadata":{"emulator":{"name":"dataconnect"},"message":"E1007 20:50:01.694094    8676 watch.go:40] Failed to load config from \"c:\\\\Adistu\\\\dataconnect\": could not find dataconnect.yaml in `c:\\Adistu\\dataconnect`\n"}}
[debug] [2026-10-07T15:20:11.694Z] E1007 20:50:11.694905    8676 watch.go:40] Failed to load config from "c:\\Adistu\\dataconnect": could not find dataconnect.yaml in `c:\Adistu\dataconnect`
 {"metadata":{"emulator":{"name":"dataconnect"},"message":"E1007 20:50:11.694905    8676 watch.go:40] Failed to load config from \"c:\\\\Adistu\\\\dataconnect\": could not find dataconnect.yaml in `c:\\Adistu\\dataconnect`\n"}}
[debug] [2026-10-07T15:20:21.694Z] E1007 20:50:21.694248    8676 watch.go:116] watchAllDir unable to walk dir `c:\Adistu\dataconnect`: GetFileAttributesEx c:\Adistu\dataconnect: The system cannot find the file specified.
 {"metadata":{"emulator":{"name":"dataconnect"},"message":"E1007 20:50:21.694248    8676 watch.go:116] watchAllDir unable to walk dir `c:\\Adistu\\dataconnect`: GetFileAttributesEx c:\\Adistu\\dataconnect: The system cannot find the file specified.\n"}}
[debug] [2026-10-07T15:20:21.696Z] E1007 20:50:21.694806    8676 watch.go:40] Failed to load config from "c:\\Adistu\\dataconnect": could not find dataconnect.yaml in `c:\Adistu\dataconnect`
 {"metadata":{"emulator":{"name":"dataconnect"},"message":"E1007 20:50:21.694806    8676 watch.go:40] Failed to load config from \"c:\\\\Adistu\\\\dataconnect\": could not find dataconnect.yaml in `c:\\Adistu\\dataconnect`\n"}}
[debug] [2026-10-07T15:20:31.694Z] E1007 20:50:31.694217    8676 watch.go:40] Failed to load config from "c:\\Adistu\\dataconnect": could not find dataconnect.yaml in `c:\Adistu\dataconnect`
 {"metadata":{"emulator":{"name":"dataconnect"},"message":"E1007 20:50:31.694217    8676 watch.go:40] Failed to load config from \"c:\\\\Adistu\\\\dataconnect\": could not find dataconnect.yaml in `c:\\Adistu\\dataconnect`\n"}}
[debug] [2026-10-07T15:20:41.695Z] E1007 20:50:41.694862    8676 watch.go:40] Failed to load config from "c:\\Adistu\\dataconnect": could not find dataconnect.yaml in `c:\Adistu\dataconnect`
 {"metadata":{"emulator":{"name":"dataconnect"},"message":"E1007 20:50:41.694862    8676 watch.go:40] Failed to load config from \"c:\\\\Adistu\\\\dataconnect\": could not find dataconnect.yaml in `c:\\Adistu\\dataconnect`\n"}}
[debug] [2026-10-07T15:20:51.695Z] E1007 20:50:51.694738    8676 watch.go:40] Failed to load config from "c:\\Adistu\\dataconnect": could not find dataconnect.yaml in `c:\Adistu\dataconnect`
 {"metadata":{"emulator":{"name":"dataconnect"},"message":"E1007 20:50:51.694738    8676 watch.go:40] Failed to load config from \"c:\\\\Adistu\\\\dataconnect\": could not find dataconnect.yaml in `c:\\Adistu\\dataconnect`\n"}}
[debug] [2026-10-07T15:21:01.694Z] E1007 20:51:01.694496    8676 watch.go:40] Failed to load config from "c:\\Adistu\\dataconnect": could not find dataconnect.yaml in `c:\Adistu\dataconnect`
 {"metadata":{"emulator":{"name":"dataconnect"},"message":"E1007 20:51:01.694496    8676 watch.go:40] Failed to load config from \"c:\\\\Adistu\\\\dataconnect\": could not find dataconnect.yaml in `c:\\Adistu\\dataconnect`\n"}}
[debug] [2026-10-07T15:21:11.694Z] E1007 20:51:11.694368    8676 watch.go:40] Failed to load config from "c:\\Adistu\\dataconnect": could not find dataconnect.yaml in `c:\Adistu\dataconnect`
 {"metadata":{"emulator":{"name":"dataconnect"},"message":"E1007 20:51:11.694368    8676 watch.go:40] Failed to load config from \"c:\\\\Adistu\\\\dataconnect\": could not find dataconnect.yaml in `c:\\Adistu\\dataconnect`\n"}}
[debug] [2026-10-07T15:21:21.691Z] E1007 20:51:21.694482    8676 watch.go:116] watchAllDir unable to walk dir `c:\Adistu\dataconnect`: GetFileAttributesEx c:\Adistu\dataconnect: The system cannot find the file specified.
 {"metadata":{"emulator":{"name":"dataconnect"},"message":"E1007 20:51:21.694482    8676 watch.go:116] watchAllDir unable to walk dir `c:\\Adistu\\dataconnect`: GetFileAttributesEx c:\\Adistu\\dataconnect: The system cannot find the file specified.\n"}}
[debug] [2026-10-07T15:21:21.693Z] E1007 20:51:21.695035    8676 watch.go:40] Failed to load config from "c:\\Adistu\\dataconnect": could not find dataconnect.yaml in `c:\Adistu\dataconnect`
 {"metadata":{"emulator":{"name":"dataconnect"},"message":"E1007 20:51:21.695035    8676 watch.go:40] Failed to load config from \"c:\\\\Adistu\\\\dataconnect\": could not find dataconnect.yaml in `c:\\Adistu\\dataconnect`\n"}}
[debug] [2026-10-07T15:21:31.691Z] E1007 20:51:31.694419    8676 watch.go:40] Failed to load config from "c:\\Adistu\\dataconnect": could not find dataconnect.yaml in `c:\Adistu\dataconnect`
 {"metadata":{"emulator":{"name":"dataconnect"},"message":"E1007 20:51:31.694419    8676 watch.go:40] Failed to load config from \"c:\\\\Adistu\\\\dataconnect\": could not find dataconnect.yaml in `c:\\Adistu\\dataconnect`\n"}}
[debug] [2026-10-07T15:21:41.691Z] E1007 20:51:41.694128    8676 watch.go:40] Failed to load config from "c:\\Adistu\\dataconnect": could not find dataconnect.yaml in `c:\Adistu\dataconnect`
 {"metadata":{"emulator":{"name":"dataconnect"},"message":"E1007 20:51:41.694128    8676 watch.go:40] Failed to load config from \"c:\\\\Adistu\\\\dataconnect\": could not find dataconnect.yaml in `c:\\Adistu\\dataconnect`\n"}}
[debug] [2026-10-07T15:21:51.691Z] E1007 20:51:51.694423    8676 watch.go:40] Failed to load config from "c:\\Adistu\\dataconnect": could not find dataconnect.yaml in `c:\Adistu\dataconnect`
 {"metadata":{"emulator":{"name":"dataconnect"},"message":"E1007 20:51:51.694423    8676 watch.go:40] Failed to load config from \"c:\\\\Adistu\\\\dataconnect\": could not find dataconnect.yaml in `c:\\Adistu\\dataconnect`\n"}}
[debug] [2026-10-07T15:22:01.691Z] E1007 20:52:01.694542    8676 watch.go:40] Failed to load config from "c:\\Adistu\\dataconnect": could not find dataconnect.yaml in `c:\Adistu\dataconnect`
 {"metadata":{"emulator":{"name":"dataconnect"},"message":"E1007 20:52:01.694542    8676 watch.go:40] Failed to load config from \"c:\\\\Adistu\\\\dataconnect\": could not find dataconnect.yaml in `c:\\Adistu\\dataconnect`\n"}}
[debug] [2026-10-07T15:22:11.691Z] E1007 20:52:11.694366    8676 watch.go:40] Failed to load config from "c:\\Adistu\\dataconnect": could not find dataconnect.yaml in `c:\Adistu\dataconnect`
 {"metadata":{"emulator":{"name":"dataconnect"},"message":"E1007 20:52:11.694366    8676 watch.go:40] Failed to load config from \"c:\\\\Adistu\\\\dataconnect\": could not find dataconnect.yaml in `c:\\Adistu\\dataconnect`\n"}}
[debug] [2026-10-07T15:22:21.694Z] E1007 20:52:21.694027    8676 watch.go:116] watchAllDir unable to walk dir `c:\Adistu\dataconnect`: GetFileAttributesEx c:\Adistu\dataconnect: The system cannot find the file specified.
 {"metadata":{"emulator":{"name":"dataconnect"},"message":"E1007 20:52:21.694027    8676 watch.go:116] watchAllDir unable to walk dir `c:\\Adistu\\dataconnect`: GetFileAttributesEx c:\\Adistu\\dataconnect: The system cannot find the file specified.\n"}}
[debug] [2026-10-07T15:22:21.696Z] E1007 20:52:21.694620    8676 watch.go:40] Failed to load config from "c:\\Adistu\\dataconnect": could not find dataconnect.yaml in `c:\Adistu\dataconnect`
 {"metadata":{"emulator":{"name":"dataconnect"},"message":"E1007 20:52:21.694620    8676 watch.go:40] Failed to load config from \"c:\\\\Adistu\\\\dataconnect\": could not find dataconnect.yaml in `c:\\Adistu\\dataconnect`\n"}}
[debug] [2026-10-07T15:22:31.694Z] E1007 20:52:31.694281    8676 watch.go:40] Failed to load config from "c:\\Adistu\\dataconnect": could not find dataconnect.yaml in `c:\Adistu\dataconnect`
 {"metadata":{"emulator":{"name":"dataconnect"},"message":"E1007 20:52:31.694281    8676 watch.go:40] Failed to load config from \"c:\\\\Adistu\\\\dataconnect\": could not find dataconnect.yaml in `c:\\Adistu\\dataconnect`\n"}}
[debug] [2026-10-07T15:22:41.694Z] E1007 20:52:41.694061    8676 watch.go:40] Failed to load config from "c:\\Adistu\\dataconnect": could not find dataconnect.yaml in `c:\Adistu\dataconnect`
 {"metadata":{"emulator":{"name":"dataconnect"},"message":"E1007 20:52:41.694061    8676 watch.go:40] Failed to load config from \"c:\\\\Adistu\\\\dataconnect\": could not find dataconnect.yaml in `c:\\Adistu\\dataconnect`\n"}}
[debug] [2026-10-07T15:22:51.695Z] E1007 20:52:51.695180    8676 watch.go:40] Failed to load config from "c:\\Adistu\\dataconnect": could not find dataconnect.yaml in `c:\Adistu\dataconnect`
 {"metadata":{"emulator":{"name":"dataconnect"},"message":"E1007 20:52:51.695180    8676 watch.go:40] Failed to load config from \"c:\\\\Adistu\\\\dataconnect\": could not find dataconnect.yaml in `c:\\Adistu\\dataconnect`\n"}}
[debug] [2026-10-07T15:23:01.695Z] E1007 20:53:01.694170    8676 watch.go:40] Failed to load config from "c:\\Adistu\\dataconnect": could not find dataconnect.yaml in `c:\Adistu\dataconnect`
 {"metadata":{"emulator":{"name":"dataconnect"},"message":"E1007 20:53:01.694170    8676 watch.go:40] Failed to load config from \"c:\\\\Adistu\\\\dataconnect\": could not find dataconnect.yaml in `c:\\Adistu\\dataconnect`\n"}}
[debug] [2026-10-07T15:23:11.695Z] E1007 20:53:11.694397    8676 watch.go:40] Failed to load config from "c:\\Adistu\\dataconnect": could not find dataconnect.yaml in `c:\Adistu\dataconnect`
 {"metadata":{"emulator":{"name":"dataconnect"},"message":"E1007 20:53:11.694397    8676 watch.go:40] Failed to load config from \"c:\\\\Adistu\\\\dataconnect\": could not find dataconnect.yaml in `c:\\Adistu\\dataconnect`\n"}}
[debug] [2026-10-07T15:23:21.694Z] E1007 20:53:21.694255    8676 watch.go:116] watchAllDir unable to walk dir `c:\Adistu\dataconnect`: GetFileAttributesEx c:\Adistu\dataconnect: The system cannot find the file specified.
 {"metadata":{"emulator":{"name":"dataconnect"},"message":"E1007 20:53:21.694255    8676 watch.go:116] watchAllDir unable to walk dir `c:\\Adistu\\dataconnect`: GetFileAttributesEx c:\\Adistu\\dataconnect: The system cannot find the file specified.\n"}}
[debug] [2026-10-07T15:23:21.697Z] E1007 20:53:21.694891    8676 watch.go:40] Failed to load config from "c:\\Adistu\\dataconnect": could not find dataconnect.yaml in `c:\Adistu\dataconnect`
 {"metadata":{"emulator":{"name":"dataconnect"},"message":"E1007 20:53:21.694891    8676 watch.go:40] Failed to load config from \"c:\\\\Adistu\\\\dataconnect\": could not find dataconnect.yaml in `c:\\Adistu\\dataconnect`\n"}}
[debug] [2026-10-07T15:23:31.695Z] E1007 20:53:31.695630    8676 watch.go:40] Failed to load config from "c:\\Adistu\\dataconnect": could not find dataconnect.yaml in `c:\Adistu\dataconnect`
 {"metadata":{"emulator":{"name":"dataconnect"},"message":"E1007 20:53:31.695630    8676 watch.go:40] Failed to load config from \"c:\\\\Adistu\\\\dataconnect\": could not find dataconnect.yaml in `c:\\Adistu\\dataconnect`\n"}}
[debug] [2026-10-07T15:23:41.695Z] E1007 20:53:41.694490    8676 watch.go:40] Failed to load config from "c:\\Adistu\\dataconnect": could not find dataconnect.yaml in `c:\Adistu\dataconnect`
 {"metadata":{"emulator":{"name":"dataconnect"},"message":"E1007 20:53:41.694490    8676 watch.go:40] Failed to load config from \"c:\\\\Adistu\\\\dataconnect\": could not find dataconnect.yaml in `c:\\Adistu\\dataconnect`\n"}}
[debug] [2026-10-07T15:23:51.716Z] E1007 20:53:51.709830    8676 watch.go:40] Failed to load config from "c:\\Adistu\\dataconnect": could not find dataconnect.yaml in `c:\Adistu\dataconnect`
 {"metadata":{"emulator":{"name":"dataconnect"},"message":"E1007 20:53:51.709830    8676 watch.go:40] Failed to load config from \"c:\\\\Adistu\\\\dataconnect\": could not find dataconnect.yaml in `c:\\Adistu\\dataconnect`\n"}}
[debug] [2026-10-07T15:24:01.697Z] E1007 20:54:01.697158    8676 watch.go:40] Failed to load config from "c:\\Adistu\\dataconnect": could not find dataconnect.yaml in `c:\Adistu\dataconnect`
 {"metadata":{"emulator":{"name":"dataconnect"},"message":"E1007 20:54:01.697158    8676 watch.go:40] Failed to load config from \"c:\\\\Adistu\\\\dataconnect\": could not find dataconnect.yaml in `c:\\Adistu\\dataconnect`\n"}}
[debug] [2026-10-07T15:24:11.695Z] E1007 20:54:11.694700    8676 watch.go:40] Failed to load config from "c:\\Adistu\\dataconnect": could not find dataconnect.yaml in `c:\Adistu\dataconnect`
 {"metadata":{"emulator":{"name":"dataconnect"},"message":"E1007 20:54:11.694700    8676 watch.go:40] Failed to load config from \"c:\\\\Adistu\\\\dataconnect\": could not find dataconnect.yaml in `c:\\Adistu\\dataconnect`\n"}}
[debug] [2026-10-07T15:24:21.694Z] E1007 20:54:21.694479    8676 watch.go:116] watchAllDir unable to walk dir `c:\Adistu\dataconnect`: GetFileAttributesEx c:\Adistu\dataconnect: The system cannot find the file specified.
 {"metadata":{"emulator":{"name":"dataconnect"},"message":"E1007 20:54:21.694479    8676 watch.go:116] watchAllDir unable to walk dir `c:\\Adistu\\dataconnect`: GetFileAttributesEx c:\\Adistu\\dataconnect: The system cannot find the file specified.\n"}}
[debug] [2026-10-07T15:24:21.696Z] E1007 20:54:21.694987    8676 watch.go:40] Failed to load config from "c:\\Adistu\\dataconnect": could not find dataconnect.yaml in `c:\Adistu\dataconnect`
 {"metadata":{"emulator":{"name":"dataconnect"},"message":"E1007 20:54:21.694987    8676 watch.go:40] Failed to load config from \"c:\\\\Adistu\\\\dataconnect\": could not find dataconnect.yaml in `c:\\Adistu\\dataconnect`\n"}}
[debug] [2026-10-07T15:24:31.694Z] E1007 20:54:31.694782    8676 watch.go:40] Failed to load config from "c:\\Adistu\\dataconnect": could not find dataconnect.yaml in `c:\Adistu\dataconnect`
 {"metadata":{"emulator":{"name":"dataconnect"},"message":"E1007 20:54:31.694782    8676 watch.go:40] Failed to load config from \"c:\\\\Adistu\\\\dataconnect\": could not find dataconnect.yaml in `c:\\Adistu\\dataconnect`\n"}}
[debug] [2026-10-07T15:24:41.695Z] E1007 20:54:41.695065    8676 watch.go:40] Failed to load config from "c:\\Adistu\\dataconnect": could not find dataconnect.yaml in `c:\Adistu\dataconnect`
 {"metadata":{"emulator":{"name":"dataconnect"},"message":"E1007 20:54:41.695065    8676 watch.go:40] Failed to load config from \"c:\\\\Adistu\\\\dataconnect\": could not find dataconnect.yaml in `c:\\Adistu\\dataconnect`\n"}}
[debug] [2026-10-07T15:24:51.695Z] E1007 20:54:51.694452    8676 watch.go:40] Failed to load config from "c:\\Adistu\\dataconnect": could not find dataconnect.yaml in `c:\Adistu\dataconnect`
 {"metadata":{"emulator":{"name":"dataconnect"},"message":"E1007 20:54:51.694452    8676 watch.go:40] Failed to load config from \"c:\\\\Adistu\\\\dataconnect\": could not find dataconnect.yaml in `c:\\Adistu\\dataconnect`\n"}}
[debug] [2026-10-07T15:25:01.770Z] E1007 20:55:01.769925    8676 watch.go:40] Failed to load config from "c:\\Adistu\\dataconnect": could not find dataconnect.yaml in `c:\Adistu\dataconnect`
 {"metadata":{"emulator":{"name":"dataconnect"},"message":"E1007 20:55:01.769925    8676 watch.go:40] Failed to load config from \"c:\\\\Adistu\\\\dataconnect\": could not find dataconnect.yaml in `c:\\Adistu\\dataconnect`\n"}}
[debug] [2026-10-07T15:25:11.697Z] E1007 20:55:11.696792    8676 watch.go:40] Failed to load config from "c:\\Adistu\\dataconnect": could not find dataconnect.yaml in `c:\Adistu\dataconnect`
 {"metadata":{"emulator":{"name":"dataconnect"},"message":"E1007 20:55:11.696792    8676 watch.go:40] Failed to load config from \"c:\\\\Adistu\\\\dataconnect\": could not find dataconnect.yaml in `c:\\Adistu\\dataconnect`\n"}}
[debug] [2026-10-07T15:25:21.700Z] E1007 20:55:21.700327    8676 watch.go:116] watchAllDir unable to walk dir `c:\Adistu\dataconnect`: GetFileAttributesEx c:\Adistu\dataconnect: The system cannot find the file specified.
 {"metadata":{"emulator":{"name":"dataconnect"},"message":"E1007 20:55:21.700327    8676 watch.go:116] watchAllDir unable to walk dir `c:\\Adistu\\dataconnect`: GetFileAttributesEx c:\\Adistu\\dataconnect: The system cannot find the file specified.\n"}}
[debug] [2026-10-07T15:25:21.707Z] E1007 20:55:21.700327    8676 watch.go:40] Failed to load config from "c:\\Adistu\\dataconnect": could not find dataconnect.yaml in `c:\Adistu\dataconnect`
 {"metadata":{"emulator":{"name":"dataconnect"},"message":"E1007 20:55:21.700327    8676 watch.go:40] Failed to load config from \"c:\\\\Adistu\\\\dataconnect\": could not find dataconnect.yaml in `c:\\Adistu\\dataconnect`\n"}}
[debug] [2026-10-07T15:25:31.697Z] E1007 20:55:31.702927    8676 watch.go:40] Failed to load config from "c:\\Adistu\\dataconnect": could not find dataconnect.yaml in `c:\Adistu\dataconnect`
 {"metadata":{"emulator":{"name":"dataconnect"},"message":"E1007 20:55:31.702927    8676 watch.go:40] Failed to load config from \"c:\\\\Adistu\\\\dataconnect\": could not find dataconnect.yaml in `c:\\Adistu\\dataconnect`\n"}}
[debug] [2026-10-07T15:25:41.689Z] E1007 20:55:41.693835    8676 watch.go:40] Failed to load config from "c:\\Adistu\\dataconnect": could not find dataconnect.yaml in `c:\Adistu\dataconnect`
 {"metadata":{"emulator":{"name":"dataconnect"},"message":"E1007 20:55:41.693835    8676 watch.go:40] Failed to load config from \"c:\\\\Adistu\\\\dataconnect\": could not find dataconnect.yaml in `c:\\Adistu\\dataconnect`\n"}}
[debug] [2026-10-07T15:25:51.688Z] E1007 20:55:51.694254    8676 watch.go:40] Failed to load config from "c:\\Adistu\\dataconnect": could not find dataconnect.yaml in `c:\Adistu\dataconnect`
 {"metadata":{"emulator":{"name":"dataconnect"},"message":"E1007 20:55:51.694254    8676 watch.go:40] Failed to load config from \"c:\\\\Adistu\\\\dataconnect\": could not find dataconnect.yaml in `c:\\Adistu\\dataconnect`\n"}}
[debug] [2026-10-07T15:26:01.690Z] E1007 20:56:01.695245    8676 watch.go:40] Failed to load config from "c:\\Adistu\\dataconnect": could not find dataconnect.yaml in `c:\Adistu\dataconnect`
 {"metadata":{"emulator":{"name":"dataconnect"},"message":"E1007 20:56:01.695245    8676 watch.go:40] Failed to load config from \"c:\\\\Adistu\\\\dataconnect\": could not find dataconnect.yaml in `c:\\Adistu\\dataconnect`\n"}}
[debug] [2026-10-07T15:26:11.689Z] E1007 20:56:11.694780    8676 watch.go:40] Failed to load config from "c:\\Adistu\\dataconnect": could not find dataconnect.yaml in `c:\Adistu\dataconnect`
 {"metadata":{"emulator":{"name":"dataconnect"},"message":"E1007 20:56:11.694780    8676 watch.go:40] Failed to load config from \"c:\\\\Adistu\\\\dataconnect\": could not find dataconnect.yaml in `c:\\Adistu\\dataconnect`\n"}}
[debug] [2026-10-07T15:26:21.689Z] E1007 20:56:21.694350    8676 watch.go:116] watchAllDir unable to walk dir `c:\Adistu\dataconnect`: GetFileAttributesEx c:\Adistu\dataconnect: The system cannot find the file specified.
 {"metadata":{"emulator":{"name":"dataconnect"},"message":"E1007 20:56:21.694350    8676 watch.go:116] watchAllDir unable to walk dir `c:\\Adistu\\dataconnect`: GetFileAttributesEx c:\\Adistu\\dataconnect: The system cannot find the file specified.\n"}}
[debug] [2026-10-07T15:26:21.690Z] E1007 20:56:21.694914    8676 watch.go:40] Failed to load config from "c:\\Adistu\\dataconnect": could not find dataconnect.yaml in `c:\Adistu\dataconnect`
 {"metadata":{"emulator":{"name":"dataconnect"},"message":"E1007 20:56:21.694914    8676 watch.go:40] Failed to load config from \"c:\\\\Adistu\\\\dataconnect\": could not find dataconnect.yaml in `c:\\Adistu\\dataconnect`\n"}}
[debug] [2026-10-07T15:26:31.686Z] E1007 20:56:31.697314    8676 watch.go:40] Failed to load config from "c:\\Adistu\\dataconnect": could not find dataconnect.yaml in `c:\Adistu\dataconnect`
 {"metadata":{"emulator":{"name":"dataconnect"},"message":"E1007 20:56:31.697314    8676 watch.go:40] Failed to load config from \"c:\\\\Adistu\\\\dataconnect\": could not find dataconnect.yaml in `c:\\Adistu\\dataconnect`\n"}}
[debug] [2026-10-07T15:26:41.685Z] E1007 20:56:41.696165    8676 watch.go:40] Failed to load config from "c:\\Adistu\\dataconnect": could not find dataconnect.yaml in `c:\Adistu\dataconnect`
 {"metadata":{"emulator":{"name":"dataconnect"},"message":"E1007 20:56:41.696165    8676 watch.go:40] Failed to load config from \"c:\\\\Adistu\\\\dataconnect\": could not find dataconnect.yaml in `c:\\Adistu\\dataconnect`\n"}}
[debug] [2026-10-07T15:26:51.683Z] E1007 20:56:51.694791    8676 watch.go:40] Failed to load config from "c:\\Adistu\\dataconnect": could not find dataconnect.yaml in `c:\Adistu\dataconnect`
 {"metadata":{"emulator":{"name":"dataconnect"},"message":"E1007 20:56:51.694791    8676 watch.go:40] Failed to load config from \"c:\\\\Adistu\\\\dataconnect\": could not find dataconnect.yaml in `c:\\Adistu\\dataconnect`\n"}}
[debug] [2026-10-07T15:27:01.683Z] E1007 20:57:01.694426    8676 watch.go:40] Failed to load config from "c:\\Adistu\\dataconnect": could not find dataconnect.yaml in `c:\Adistu\dataconnect`
 {"metadata":{"emulator":{"name":"dataconnect"},"message":"E1007 20:57:01.694426    8676 watch.go:40] Failed to load config from \"c:\\\\Adistu\\\\dataconnect\": could not find dataconnect.yaml in `c:\\Adistu\\dataconnect`\n"}}
[debug] [2026-10-07T15:27:11.683Z] E1007 20:57:11.694678    8676 watch.go:40] Failed to load config from "c:\\Adistu\\dataconnect": could not find dataconnect.yaml in `c:\Adistu\dataconnect`
 {"metadata":{"emulator":{"name":"dataconnect"},"message":"E1007 20:57:11.694678    8676 watch.go:40] Failed to load config from \"c:\\\\Adistu\\\\dataconnect\": could not find dataconnect.yaml in `c:\\Adistu\\dataconnect`\n"}}
[debug] [2026-10-07T15:27:21.706Z] E1007 20:57:21.706244    8676 watch.go:40] Failed to load config from "c:\\Adistu\\dataconnect": could not find dataconnect.yaml in `c:\Adistu\dataconnect`
 {"metadata":{"emulator":{"name":"dataconnect"},"message":"E1007 20:57:21.706244    8676 watch.go:40] Failed to load config from \"c:\\\\Adistu\\\\dataconnect\": could not find dataconnect.yaml in `c:\\Adistu\\dataconnect`\n"}}
[debug] [2026-10-07T15:27:21.713Z] E1007 20:57:21.715181    8676 watch.go:116] watchAllDir unable to walk dir `c:\Adistu\dataconnect`: GetFileAttributesEx c:\Adistu\dataconnect: The system cannot find the file specified.
 {"metadata":{"emulator":{"name":"dataconnect"},"message":"E1007 20:57:21.715181    8676 watch.go:116] watchAllDir unable to walk dir `c:\\Adistu\\dataconnect`: GetFileAttributesEx c:\\Adistu\\dataconnect: The system cannot find the file specified.\n"}}
[debug] [2026-10-07T15:27:31.693Z] E1007 20:57:31.694856    8676 watch.go:40] Failed to load config from "c:\\Adistu\\dataconnect": could not find dataconnect.yaml in `c:\Adistu\dataconnect`
 {"metadata":{"emulator":{"name":"dataconnect"},"message":"E1007 20:57:31.694856    8676 watch.go:40] Failed to load config from \"c:\\\\Adistu\\\\dataconnect\": could not find dataconnect.yaml in `c:\\Adistu\\dataconnect`\n"}}
[debug] [2026-10-07T15:27:41.692Z] E1007 20:57:41.694391    8676 watch.go:40] Failed to load config from "c:\\Adistu\\dataconnect": could not find dataconnect.yaml in `c:\Adistu\dataconnect`
 {"metadata":{"emulator":{"name":"dataconnect"},"message":"E1007 20:57:41.694391    8676 watch.go:40] Failed to load config from \"c:\\\\Adistu\\\\dataconnect\": could not find dataconnect.yaml in `c:\\Adistu\\dataconnect`\n"}}
[debug] [2026-10-07T15:27:51.694Z] E1007 20:57:51.695011    8676 watch.go:40] Failed to load config from "c:\\Adistu\\dataconnect": could not find dataconnect.yaml in `c:\Adistu\dataconnect`
 {"metadata":{"emulator":{"name":"dataconnect"},"message":"E1007 20:57:51.695011    8676 watch.go:40] Failed to load config from \"c:\\\\Adistu\\\\dataconnect\": could not find dataconnect.yaml in `c:\\Adistu\\dataconnect`\n"}}
[debug] [2026-10-07T15:28:01.693Z] E1007 20:58:01.695046    8676 watch.go:40] Failed to load config from "c:\\Adistu\\dataconnect": could not find dataconnect.yaml in `c:\Adistu\dataconnect`
 {"metadata":{"emulator":{"name":"dataconnect"},"message":"E1007 20:58:01.695046    8676 watch.go:40] Failed to load config from \"c:\\\\Adistu\\\\dataconnect\": could not find dataconnect.yaml in `c:\\Adistu\\dataconnect`\n"}}
[debug] [2026-10-07T15:28:11.696Z] E1007 20:58:11.697527    8676 watch.go:40] Failed to load config from "c:\\Adistu\\dataconnect": could not find dataconnect.yaml in `c:\Adistu\dataconnect`
 {"metadata":{"emulator":{"name":"dataconnect"},"message":"E1007 20:58:11.697527    8676 watch.go:40] Failed to load config from \"c:\\\\Adistu\\\\dataconnect\": could not find dataconnect.yaml in `c:\\Adistu\\dataconnect`\n"}}
[debug] [2026-10-07T15:28:21.692Z] E1007 20:58:21.694342    8676 watch.go:116] watchAllDir unable to walk dir `c:\Adistu\dataconnect`: GetFileAttributesEx c:\Adistu\dataconnect: The system cannot find the file specified.
 {"metadata":{"emulator":{"name":"dataconnect"},"message":"E1007 20:58:21.694342    8676 watch.go:116] watchAllDir unable to walk dir `c:\\Adistu\\dataconnect`: GetFileAttributesEx c:\\Adistu\\dataconnect: The system cannot find the file specified.\n"}}
[debug] [2026-10-07T15:28:21.694Z] E1007 20:58:21.694863    8676 watch.go:40] Failed to load config from "c:\\Adistu\\dataconnect": could not find dataconnect.yaml in `c:\Adistu\dataconnect`
 {"metadata":{"emulator":{"name":"dataconnect"},"message":"E1007 20:58:21.694863    8676 watch.go:40] Failed to load config from \"c:\\\\Adistu\\\\dataconnect\": could not find dataconnect.yaml in `c:\\Adistu\\dataconnect`\n"}}
[debug] [2026-10-07T15:28:31.691Z] E1007 20:58:31.695001    8676 watch.go:40] Failed to load config from "c:\\Adistu\\dataconnect": could not find dataconnect.yaml in `c:\Adistu\dataconnect`
 {"metadata":{"emulator":{"name":"dataconnect"},"message":"E1007 20:58:31.695001    8676 watch.go:40] Failed to load config from \"c:\\\\Adistu\\\\dataconnect\": could not find dataconnect.yaml in `c:\\Adistu\\dataconnect`\n"}}
[debug] [2026-10-07T15:28:41.691Z] E1007 20:58:41.694993    8676 watch.go:40] Failed to load config from "c:\\Adistu\\dataconnect": could not find dataconnect.yaml in `c:\Adistu\dataconnect`
 {"metadata":{"emulator":{"name":"dataconnect"},"message":"E1007 20:58:41.694993    8676 watch.go:40] Failed to load config from \"c:\\\\Adistu\\\\dataconnect\": could not find dataconnect.yaml in `c:\\Adistu\\dataconnect`\n"}}
[debug] [2026-10-07T15:28:51.691Z] E1007 20:58:51.694767    8676 watch.go:40] Failed to load config from "c:\\Adistu\\dataconnect": could not find dataconnect.yaml in `c:\Adistu\dataconnect`
 {"metadata":{"emulator":{"name":"dataconnect"},"message":"E1007 20:58:51.694767    8676 watch.go:40] Failed to load config from \"c:\\\\Adistu\\\\dataconnect\": could not find dataconnect.yaml in `c:\\Adistu\\dataconnect`\n"}}
[debug] [2026-10-07T15:29:01.690Z] E1007 20:59:01.694248    8676 watch.go:40] Failed to load config from "c:\\Adistu\\dataconnect": could not find dataconnect.yaml in `c:\Adistu\dataconnect`
 {"metadata":{"emulator":{"name":"dataconnect"},"message":"E1007 20:59:01.694248    8676 watch.go:40] Failed to load config from \"c:\\\\Adistu\\\\dataconnect\": could not find dataconnect.yaml in `c:\\Adistu\\dataconnect`\n"}}
[debug] [2026-10-07T15:29:11.692Z] E1007 20:59:11.694955    8676 watch.go:40] Failed to load config from "c:\\Adistu\\dataconnect": could not find dataconnect.yaml in `c:\Adistu\dataconnect`
 {"metadata":{"emulator":{"name":"dataconnect"},"message":"E1007 20:59:11.694955    8676 watch.go:40] Failed to load config from \"c:\\\\Adistu\\\\dataconnect\": could not find dataconnect.yaml in `c:\\Adistu\\dataconnect`\n"}}
[debug] [2026-10-07T15:29:21.690Z] E1007 20:59:21.694142    8676 watch.go:116] watchAllDir unable to walk dir `c:\Adistu\dataconnect`: GetFileAttributesEx c:\Adistu\dataconnect: The system cannot find the file specified.
 {"metadata":{"emulator":{"name":"dataconnect"},"message":"E1007 20:59:21.694142    8676 watch.go:116] watchAllDir unable to walk dir `c:\\Adistu\\dataconnect`: GetFileAttributesEx c:\\Adistu\\dataconnect: The system cannot find the file specified.\n"}}
[debug] [2026-10-07T15:29:21.692Z] E1007 20:59:21.694704    8676 watch.go:40] Failed to load config from "c:\\Adistu\\dataconnect": could not find dataconnect.yaml in `c:\Adistu\dataconnect`
 {"metadata":{"emulator":{"name":"dataconnect"},"message":"E1007 20:59:21.694704    8676 watch.go:40] Failed to load config from \"c:\\\\Adistu\\\\dataconnect\": could not find dataconnect.yaml in `c:\\Adistu\\dataconnect`\n"}}
[debug] [2026-10-07T15:29:31.694Z] E1007 20:59:31.694310    8676 watch.go:40] Failed to load config from "c:\\Adistu\\dataconnect": could not find dataconnect.yaml in `c:\Adistu\dataconnect`
 {"metadata":{"emulator":{"name":"dataconnect"},"message":"E1007 20:59:31.694310    8676 watch.go:40] Failed to load config from \"c:\\\\Adistu\\\\dataconnect\": could not find dataconnect.yaml in `c:\\Adistu\\dataconnect`\n"}}
[debug] [2026-10-07T15:29:41.703Z] E1007 20:59:41.702140    8676 watch.go:40] Failed to load config from "c:\\Adistu\\dataconnect": could not find dataconnect.yaml in `c:\Adistu\dataconnect`
 {"metadata":{"emulator":{"name":"dataconnect"},"message":"E1007 20:59:41.702140    8676 watch.go:40] Failed to load config from \"c:\\\\Adistu\\\\dataconnect\": could not find dataconnect.yaml in `c:\\Adistu\\dataconnect`\n"}}
[debug] [2026-10-07T15:29:51.697Z] E1007 20:59:51.693818    8676 watch.go:40] Failed to load config from "c:\\Adistu\\dataconnect": could not find dataconnect.yaml in `c:\Adistu\dataconnect`
 {"metadata":{"emulator":{"name":"dataconnect"},"message":"E1007 20:59:51.693818    8676 watch.go:40] Failed to load config from \"c:\\\\Adistu\\\\dataconnect\": could not find dataconnect.yaml in `c:\\Adistu\\dataconnect`\n"}}
[debug] [2026-10-07T15:30:01.699Z] E1007 21:00:01.694066    8676 watch.go:40] Failed to load config from "c:\\Adistu\\dataconnect": could not find dataconnect.yaml in `c:\Adistu\dataconnect`
 {"metadata":{"emulator":{"name":"dataconnect"},"message":"E1007 21:00:01.694066    8676 watch.go:40] Failed to load config from \"c:\\\\Adistu\\\\dataconnect\": could not find dataconnect.yaml in `c:\\Adistu\\dataconnect`\n"}}
[info] [Firebase Plugin] Stopping SQL Connect toolkit
[warn] !  SQL Connect Emulator has exited upon receiving signal: SIGINT 
[debug] [2026-10-07T15:32:58.688Z] [Firebase Plugin] Activating Firebase extension.
[debug] [2026-10-07T15:33:52.001Z] [Firebase Plugin] requireAuthWrapper
[debug] [2026-10-07T15:33:52.013Z] > command requires scopes: ["email","openid","https://www.googleapis.com/auth/cloudplatformprojects.readonly","https://www.googleapis.com/auth/firebase","https://www.googleapis.com/auth/cloud-platform"]
[debug] [2026-10-07T15:33:52.018Z] > authorizing via signed-in user (adistu09@gmail.com)
[debug] [2026-10-07T15:33:52.039Z] Checked if tokens are valid: false, expires at: 1791383838304
[debug] [2026-10-07T15:33:52.041Z] Checked if tokens are valid: false, expires at: 1791383838304
[debug] [2026-10-07T15:33:52.044Z] > refreshing access token with scopes: []
[debug] [2026-10-07T15:33:52.081Z] >>> [apiv2][query] POST https://www.googleapis.com/oauth2/v3/token [none]
[debug] [2026-10-07T15:33:52.083Z] >>> [apiv2][body] POST https://www.googleapis.com/oauth2/v3/token [omitted]
[debug] [2026-10-07T15:33:52.373Z] [Firebase Plugin] VSCode notification server listening on port 40001
[info] [Firebase Plugin] Starting SQL Connect toolkit (version 3.4.16) on port 50001
[debug] [2026-10-07T15:33:58.278Z] 'fdc build' failed with error: Unable to build your SQL Connect schema and connectors (exit code 1): E1007 21:03:58.247903   10120 cmd.go:43] Error loading data connect config: could not find dataconnect.yaml in `c:\Adistu\dataconnect`
 {"metadata":{"emulator":{"name":"dataconnect"},"message":"'fdc build' failed with error: Unable to build your SQL Connect schema and connectors (exit code 1): E1007 21:03:58.247903   10120 cmd.go:43] Error loading data connect config: could not find dataconnect.yaml in `c:\\Adistu\\dataconnect`\n"}}
[debug] [2026-10-07T15:33:58.285Z] Ignoring unsupported arg: auto_download {"metadata":{"emulator":{"name":"dataconnect"},"message":"Ignoring unsupported arg: auto_download"}}
[debug] [2026-10-07T15:33:58.287Z] Ignoring unsupported arg: port {"metadata":{"emulator":{"name":"dataconnect"},"message":"Ignoring unsupported arg: port"}}
[debug] [2026-10-07T15:33:58.289Z] Starting SQL Connect Emulator with command {"binary":"C:\\Users\\Madrid\\.cache\\firebase\\emulators\\dataconnect-emulator-3.4.16.exe","args":["--logtostderr","-v=2","dev","--listen=localhost:50001","--config_dir=c:\\Adistu\\dataconnect","--enable_output_schema_extensions=true","--enable_output_generated_sdk=true"],"optionalArgs":["listen","config_dir","enable_output_schema_extensions","enable_output_generated_sdk"],"joinArgs":true,"shell":false,"port":9399} {"metadata":{"emulator":{"name":"dataconnect"},"message":"Starting SQL Connect Emulator with command {\"binary\":\"C:\\\\Users\\\\Madrid\\\\.cache\\\\firebase\\\\emulators\\\\dataconnect-emulator-3.4.16.exe\",\"args\":[\"--logtostderr\",\"-v=2\",\"dev\",\"--listen=localhost:50001\",\"--config_dir=c:\\\\Adistu\\\\dataconnect\",\"--enable_output_schema_extensions=true\",\"--enable_output_generated_sdk=true\"],\"optionalArgs\":[\"listen\",\"config_dir\",\"enable_output_schema_extensions\",\"enable_output_generated_sdk\"],\"joinArgs\":true,\"shell\":false,\"port\":9399}"}}
[info] i  dataconnect: SQL Connect Emulator logging to dataconnect-debug.log {"metadata":{"emulator":{"name":"dataconnect"},"message":"SQL Connect Emulator logging to \u001b[1mdataconnect-debug.log\u001b[22m"}}
[debug] [2026-10-07T15:33:58.823Z] E1007 21:03:58.747923    8920 dev.go:80] Failed to load initial config from "c:\\Adistu\\dataconnect": could not find dataconnect.yaml in `c:\Adistu\dataconnect`
E1007 21:03:58.783018    8920 watch.go:116] watchAllDir unable to walk dir `c:\Adistu\dataconnect`: GetFileAttributesEx c:\Adistu\dataconnect: The system cannot find the file specified.
 {"metadata":{"emulator":{"name":"dataconnect"},"message":"E1007 21:03:58.747923    8920 dev.go:80] Failed to load initial config from \"c:\\\\Adistu\\\\dataconnect\": could not find dataconnect.yaml in `c:\\Adistu\\dataconnect`\nE1007 21:03:58.783018    8920 watch.go:116] watchAllDir unable to walk dir `c:\\Adistu\\dataconnect`: GetFileAttributesEx c:\\Adistu\\dataconnect: The system cannot find the file specified.\n"}}
[debug] [2026-10-07T15:33:58.868Z] <<< [apiv2][status] POST https://www.googleapis.com/oauth2/v3/token 200
[debug] [2026-10-07T15:33:58.870Z] <<< [apiv2][body] POST https://www.googleapis.com/oauth2/v3/token [omitted]
[debug] [2026-10-07T15:33:59.041Z] [Firebase Plugin] User found:  adistu09@gmail.com
[info] [Firebase Plugin] (Core:Project) New user detected, fetching projects
[debug] [2026-10-07T15:33:59.060Z] Checked if tokens are valid: true, expires at: 1791390837874
[debug] [2026-10-07T15:33:59.065Z] >>> [apiv2][query] GET https://firebase.googleapis.com/v1beta1/projects pageSize=1000
[debug] [2026-10-07T15:33:59.416Z] I1007 21:03:59.018954    8920 dev.go:101] Listening on address (HTTP + gRPC): 127.0.0.1:50001
 {"metadata":{"emulator":{"name":"dataconnect"},"message":"I1007 21:03:59.018954    8920 dev.go:101] Listening on address (HTTP + gRPC): 127.0.0.1:50001\n"}}
[debug] [2026-10-07T15:34:00.570Z] <<< [apiv2][status] GET https://firebase.googleapis.com/v1beta1/projects 200
[debug] [2026-10-07T15:34:00.573Z] <<< [apiv2][body] GET https://firebase.googleapis.com/v1beta1/projects [omitted]
[error] [Firebase Plugin] error:  {}
[debug] [2026-10-07T15:34:08.897Z] E1007 21:04:08.804915    8920 watch.go:40] Failed to load config from "c:\\Adistu\\dataconnect": could not find dataconnect.yaml in `c:\Adistu\dataconnect`
 {"metadata":{"emulator":{"name":"dataconnect"},"message":"E1007 21:04:08.804915    8920 watch.go:40] Failed to load config from \"c:\\\\Adistu\\\\dataconnect\": could not find dataconnect.yaml in `c:\\Adistu\\dataconnect`\n"}}
[debug] [2026-10-07T15:34:18.791Z] E1007 21:04:18.791406    8920 watch.go:40] Failed to load config from "c:\\Adistu\\dataconnect": could not find dataconnect.yaml in `c:\Adistu\dataconnect`
 {"metadata":{"emulator":{"name":"dataconnect"},"message":"E1007 21:04:18.791406    8920 watch.go:40] Failed to load config from \"c:\\\\Adistu\\\\dataconnect\": could not find dataconnect.yaml in `c:\\Adistu\\dataconnect`\n"}}
[debug] [2026-10-07T15:34:28.823Z] E1007 21:04:28.819205    8920 watch.go:40] Failed to load config from "c:\\Adistu\\dataconnect": could not find dataconnect.yaml in `c:\Adistu\dataconnect`
 {"metadata":{"emulator":{"name":"dataconnect"},"message":"E1007 21:04:28.819205    8920 watch.go:40] Failed to load config from \"c:\\\\Adistu\\\\dataconnect\": could not find dataconnect.yaml in `c:\\Adistu\\dataconnect`\n"}}
[debug] [2026-10-07T15:34:38.792Z] E1007 21:04:38.789534    8920 watch.go:40] Failed to load config from "c:\\Adistu\\dataconnect": could not find dataconnect.yaml in `c:\Adistu\dataconnect`
 {"metadata":{"emulator":{"name":"dataconnect"},"message":"E1007 21:04:38.789534    8920 watch.go:40] Failed to load config from \"c:\\\\Adistu\\\\dataconnect\": could not find dataconnect.yaml in `c:\\Adistu\\dataconnect`\n"}}
[debug] [2026-10-07T15:34:48.793Z] E1007 21:04:48.793224    8920 watch.go:40] Failed to load config from "c:\\Adistu\\dataconnect": could not find dataconnect.yaml in `c:\Adistu\dataconnect`
 {"metadata":{"emulator":{"name":"dataconnect"},"message":"E1007 21:04:48.793224    8920 watch.go:40] Failed to load config from \"c:\\\\Adistu\\\\dataconnect\": could not find dataconnect.yaml in `c:\\Adistu\\dataconnect`\n"}}
[debug] [2026-10-07T15:34:58.793Z] E1007 21:04:58.792720    8920 watch.go:116] watchAllDir unable to walk dir `c:\Adistu\dataconnect`: GetFileAttributesEx c:\Adistu\dataconnect: The system cannot find the file specified.
 {"metadata":{"emulator":{"name":"dataconnect"},"message":"E1007 21:04:58.792720    8920 watch.go:116] watchAllDir unable to walk dir `c:\\Adistu\\dataconnect`: GetFileAttributesEx c:\\Adistu\\dataconnect: The system cannot find the file specified.\n"}}
[debug] [2026-10-07T15:34:58.797Z] E1007 21:04:58.792720    8920 watch.go:40] Failed to load config from "c:\\Adistu\\dataconnect": could not find dataconnect.yaml in `c:\Adistu\dataconnect`
 {"metadata":{"emulator":{"name":"dataconnect"},"message":"E1007 21:04:58.792720    8920 watch.go:40] Failed to load config from \"c:\\\\Adistu\\\\dataconnect\": could not find dataconnect.yaml in `c:\\Adistu\\dataconnect`\n"}}
[debug] [2026-10-07T15:35:08.835Z] E1007 21:05:08.833883    8920 watch.go:40] Failed to load config from "c:\\Adistu\\dataconnect": could not find dataconnect.yaml in `c:\Adistu\dataconnect`
 {"metadata":{"emulator":{"name":"dataconnect"},"message":"E1007 21:05:08.833883    8920 watch.go:40] Failed to load config from \"c:\\\\Adistu\\\\dataconnect\": could not find dataconnect.yaml in `c:\\Adistu\\dataconnect`\n"}}
[debug] [2026-10-07T15:35:18.804Z] E1007 21:05:18.792171    8920 watch.go:40] Failed to load config from "c:\\Adistu\\dataconnect": could not find dataconnect.yaml in `c:\Adistu\dataconnect`
 {"metadata":{"emulator":{"name":"dataconnect"},"message":"E1007 21:05:18.792171    8920 watch.go:40] Failed to load config from \"c:\\\\Adistu\\\\dataconnect\": could not find dataconnect.yaml in `c:\\Adistu\\dataconnect`\n"}}
[debug] [2026-10-07T15:35:28.790Z] E1007 21:05:28.791953    8920 watch.go:40] Failed to load config from "c:\\Adistu\\dataconnect": could not find dataconnect.yaml in `c:\Adistu\dataconnect`
 {"metadata":{"emulator":{"name":"dataconnect"},"message":"E1007 21:05:28.791953    8920 watch.go:40] Failed to load config from \"c:\\\\Adistu\\\\dataconnect\": could not find dataconnect.yaml in `c:\\Adistu\\dataconnect`\n"}}
[debug] [2026-10-07T15:35:38.786Z] E1007 21:05:38.788819    8920 watch.go:40] Failed to load config from "c:\\Adistu\\dataconnect": could not find dataconnect.yaml in `c:\Adistu\dataconnect`
 {"metadata":{"emulator":{"name":"dataconnect"},"message":"E1007 21:05:38.788819    8920 watch.go:40] Failed to load config from \"c:\\\\Adistu\\\\dataconnect\": could not find dataconnect.yaml in `c:\\Adistu\\dataconnect`\n"}}
[debug] [2026-10-07T15:35:48.786Z] E1007 21:05:48.787944    8920 watch.go:40] Failed to load config from "c:\\Adistu\\dataconnect": could not find dataconnect.yaml in `c:\Adistu\dataconnect`
 {"metadata":{"emulator":{"name":"dataconnect"},"message":"E1007 21:05:48.787944    8920 watch.go:40] Failed to load config from \"c:\\\\Adistu\\\\dataconnect\": could not find dataconnect.yaml in `c:\\Adistu\\dataconnect`\n"}}
[debug] [2026-10-07T15:35:58.787Z] E1007 21:05:58.787882    8920 watch.go:116] watchAllDir unable to walk dir `c:\Adistu\dataconnect`: GetFileAttributesEx c:\Adistu\dataconnect: The system cannot find the file specified.
 {"metadata":{"emulator":{"name":"dataconnect"},"message":"E1007 21:05:58.787882    8920 watch.go:116] watchAllDir unable to walk dir `c:\\Adistu\\dataconnect`: GetFileAttributesEx c:\\Adistu\\dataconnect: The system cannot find the file specified.\n"}}
[debug] [2026-10-07T15:35:58.790Z] E1007 21:05:58.789260    8920 watch.go:40] Failed to load config from "c:\\Adistu\\dataconnect": could not find dataconnect.yaml in `c:\Adistu\dataconnect`
 {"metadata":{"emulator":{"name":"dataconnect"},"message":"E1007 21:05:58.789260    8920 watch.go:40] Failed to load config from \"c:\\\\Adistu\\\\dataconnect\": could not find dataconnect.yaml in `c:\\Adistu\\dataconnect`\n"}}
[debug] [2026-10-07T15:36:08.790Z] E1007 21:06:08.791592    8920 watch.go:40] Failed to load config from "c:\\Adistu\\dataconnect": could not find dataconnect.yaml in `c:\Adistu\dataconnect`
 {"metadata":{"emulator":{"name":"dataconnect"},"message":"E1007 21:06:08.791592    8920 watch.go:40] Failed to load config from \"c:\\\\Adistu\\\\dataconnect\": could not find dataconnect.yaml in `c:\\Adistu\\dataconnect`\n"}}
[debug] [2026-10-07T15:36:18.786Z] E1007 21:06:18.788025    8920 watch.go:40] Failed to load config from "c:\\Adistu\\dataconnect": could not find dataconnect.yaml in `c:\Adistu\dataconnect`
 {"metadata":{"emulator":{"name":"dataconnect"},"message":"E1007 21:06:18.788025    8920 watch.go:40] Failed to load config from \"c:\\\\Adistu\\\\dataconnect\": could not find dataconnect.yaml in `c:\\Adistu\\dataconnect`\n"}}
[debug] [2026-10-07T15:36:28.788Z] E1007 21:06:28.787907    8920 watch.go:40] Failed to load config from "c:\\Adistu\\dataconnect": could not find dataconnect.yaml in `c:\Adistu\dataconnect`
 {"metadata":{"emulator":{"name":"dataconnect"},"message":"E1007 21:06:28.787907    8920 watch.go:40] Failed to load config from \"c:\\\\Adistu\\\\dataconnect\": could not find dataconnect.yaml in `c:\\Adistu\\dataconnect`\n"}}
[debug] [2026-10-07T15:36:38.872Z] E1007 21:06:38.865938    8920 watch.go:40] Failed to load config from "c:\\Adistu\\dataconnect": could not find dataconnect.yaml in `c:\Adistu\dataconnect`
 {"metadata":{"emulator":{"name":"dataconnect"},"message":"E1007 21:06:38.865938    8920 watch.go:40] Failed to load config from \"c:\\\\Adistu\\\\dataconnect\": could not find dataconnect.yaml in `c:\\Adistu\\dataconnect`\n"}}
[debug] [2026-10-07T15:36:48.792Z] E1007 21:06:48.791789    8920 watch.go:40] Failed to load config from "c:\\Adistu\\dataconnect": could not find dataconnect.yaml in `c:\Adistu\dataconnect`
 {"metadata":{"emulator":{"name":"dataconnect"},"message":"E1007 21:06:48.791789    8920 watch.go:40] Failed to load config from \"c:\\\\Adistu\\\\dataconnect\": could not find dataconnect.yaml in `c:\\Adistu\\dataconnect`\n"}}
[debug] [2026-10-07T15:36:58.792Z] E1007 21:06:58.789021    8920 watch.go:116] watchAllDir unable to walk dir `c:\Adistu\dataconnect`: GetFileAttributesEx c:\Adistu\dataconnect: The system cannot find the file specified.
 {"metadata":{"emulator":{"name":"dataconnect"},"message":"E1007 21:06:58.789021    8920 watch.go:116] watchAllDir unable to walk dir `c:\\Adistu\\dataconnect`: GetFileAttributesEx c:\\Adistu\\dataconnect: The system cannot find the file specified.\n"}}
[debug] [2026-10-07T15:36:58.799Z] E1007 21:06:58.798964    8920 watch.go:40] Failed to load config from "c:\\Adistu\\dataconnect": could not find dataconnect.yaml in `c:\Adistu\dataconnect`
 {"metadata":{"emulator":{"name":"dataconnect"},"message":"E1007 21:06:58.798964    8920 watch.go:40] Failed to load config from \"c:\\\\Adistu\\\\dataconnect\": could not find dataconnect.yaml in `c:\\Adistu\\dataconnect`\n"}}
[debug] [2026-10-07T15:37:08.788Z] E1007 21:07:08.788312    8920 watch.go:40] Failed to load config from "c:\\Adistu\\dataconnect": could not find dataconnect.yaml in `c:\Adistu\dataconnect`
 {"metadata":{"emulator":{"name":"dataconnect"},"message":"E1007 21:07:08.788312    8920 watch.go:40] Failed to load config from \"c:\\\\Adistu\\\\dataconnect\": could not find dataconnect.yaml in `c:\\Adistu\\dataconnect`\n"}}
[debug] [2026-10-07T15:37:18.788Z] E1007 21:07:18.788116    8920 watch.go:40] Failed to load config from "c:\\Adistu\\dataconnect": could not find dataconnect.yaml in `c:\Adistu\dataconnect`
 {"metadata":{"emulator":{"name":"dataconnect"},"message":"E1007 21:07:18.788116    8920 watch.go:40] Failed to load config from \"c:\\\\Adistu\\\\dataconnect\": could not find dataconnect.yaml in `c:\\Adistu\\dataconnect`\n"}}
[debug] [2026-10-07T15:37:28.788Z] E1007 21:07:28.788430    8920 watch.go:40] Failed to load config from "c:\\Adistu\\dataconnect": could not find dataconnect.yaml in `c:\Adistu\dataconnect`
 {"metadata":{"emulator":{"name":"dataconnect"},"message":"E1007 21:07:28.788430    8920 watch.go:40] Failed to load config from \"c:\\\\Adistu\\\\dataconnect\": could not find dataconnect.yaml in `c:\\Adistu\\dataconnect`\n"}}
[debug] [2026-10-07T15:37:38.788Z] E1007 21:07:38.788494    8920 watch.go:40] Failed to load config from "c:\\Adistu\\dataconnect": could not find dataconnect.yaml in `c:\Adistu\dataconnect`
 {"metadata":{"emulator":{"name":"dataconnect"},"message":"E1007 21:07:38.788494    8920 watch.go:40] Failed to load config from \"c:\\\\Adistu\\\\dataconnect\": could not find dataconnect.yaml in `c:\\Adistu\\dataconnect`\n"}}
[debug] [2026-10-07T15:37:48.788Z] E1007 21:07:48.787877    8920 watch.go:40] Failed to load config from "c:\\Adistu\\dataconnect": could not find dataconnect.yaml in `c:\Adistu\dataconnect`
 {"metadata":{"emulator":{"name":"dataconnect"},"message":"E1007 21:07:48.787877    8920 watch.go:40] Failed to load config from \"c:\\\\Adistu\\\\dataconnect\": could not find dataconnect.yaml in `c:\\Adistu\\dataconnect`\n"}}
[debug] [2026-10-07T15:37:58.788Z] E1007 21:07:58.787892    8920 watch.go:116] watchAllDir unable to walk dir `c:\Adistu\dataconnect`: GetFileAttributesEx c:\Adistu\dataconnect: The system cannot find the file specified.
 {"metadata":{"emulator":{"name":"dataconnect"},"message":"E1007 21:07:58.787892    8920 watch.go:116] watchAllDir unable to walk dir `c:\\Adistu\\dataconnect`: GetFileAttributesEx c:\\Adistu\\dataconnect: The system cannot find the file specified.\n"}}
[debug] [2026-10-07T15:37:58.790Z] E1007 21:07:58.788456    8920 watch.go:40] Failed to load config from "c:\\Adistu\\dataconnect": could not find dataconnect.yaml in `c:\Adistu\dataconnect`
 {"metadata":{"emulator":{"name":"dataconnect"},"message":"E1007 21:07:58.788456    8920 watch.go:40] Failed to load config from \"c:\\\\Adistu\\\\dataconnect\": could not find dataconnect.yaml in `c:\\Adistu\\dataconnect`\n"}}
[debug] [2026-10-07T15:38:08.790Z] E1007 21:08:08.789578    8920 watch.go:40] Failed to load config from "c:\\Adistu\\dataconnect": could not find dataconnect.yaml in `c:\Adistu\dataconnect`
 {"metadata":{"emulator":{"name":"dataconnect"},"message":"E1007 21:08:08.789578    8920 watch.go:40] Failed to load config from \"c:\\\\Adistu\\\\dataconnect\": could not find dataconnect.yaml in `c:\\Adistu\\dataconnect`\n"}}
[debug] [2026-10-07T15:38:18.801Z] E1007 21:08:18.800698    8920 watch.go:40] Failed to load config from "c:\\Adistu\\dataconnect": could not find dataconnect.yaml in `c:\Adistu\dataconnect`
 {"metadata":{"emulator":{"name":"dataconnect"},"message":"E1007 21:08:18.800698    8920 watch.go:40] Failed to load config from \"c:\\\\Adistu\\\\dataconnect\": could not find dataconnect.yaml in `c:\\Adistu\\dataconnect`\n"}}
[debug] [2026-10-07T15:38:28.789Z] E1007 21:08:28.789936    8920 watch.go:40] Failed to load config from "c:\\Adistu\\dataconnect": could not find dataconnect.yaml in `c:\Adistu\dataconnect`
 {"metadata":{"emulator":{"name":"dataconnect"},"message":"E1007 21:08:28.789936    8920 watch.go:40] Failed to load config from \"c:\\\\Adistu\\\\dataconnect\": could not find dataconnect.yaml in `c:\\Adistu\\dataconnect`\n"}}
[debug] [2026-10-07T15:38:38.842Z] E1007 21:08:38.839154    8920 watch.go:40] Failed to load config from "c:\\Adistu\\dataconnect": could not find dataconnect.yaml in `c:\Adistu\dataconnect`
 {"metadata":{"emulator":{"name":"dataconnect"},"message":"E1007 21:08:38.839154    8920 watch.go:40] Failed to load config from \"c:\\\\Adistu\\\\dataconnect\": could not find dataconnect.yaml in `c:\\Adistu\\dataconnect`\n"}}
[debug] [2026-10-07T15:38:48.787Z] E1007 21:08:48.790832    8920 watch.go:40] Failed to load config from "c:\\Adistu\\dataconnect": could not find dataconnect.yaml in `c:\Adistu\dataconnect`
 {"metadata":{"emulator":{"name":"dataconnect"},"message":"E1007 21:08:48.790832    8920 watch.go:40] Failed to load config from \"c:\\\\Adistu\\\\dataconnect\": could not find dataconnect.yaml in `c:\\Adistu\\dataconnect`\n"}}
[debug] [2026-10-07T15:38:58.784Z] E1007 21:08:58.788122    8920 watch.go:116] watchAllDir unable to walk dir `c:\Adistu\dataconnect`: GetFileAttributesEx c:\Adistu\dataconnect: The system cannot find the file specified.
 {"metadata":{"emulator":{"name":"dataconnect"},"message":"E1007 21:08:58.788122    8920 watch.go:116] watchAllDir unable to walk dir `c:\\Adistu\\dataconnect`: GetFileAttributesEx c:\\Adistu\\dataconnect: The system cannot find the file specified.\n"}}
[debug] [2026-10-07T15:38:58.787Z] E1007 21:08:58.788631    8920 watch.go:40] Failed to load config from "c:\\Adistu\\dataconnect": could not find dataconnect.yaml in `c:\Adistu\dataconnect`
 {"metadata":{"emulator":{"name":"dataconnect"},"message":"E1007 21:08:58.788631    8920 watch.go:40] Failed to load config from \"c:\\\\Adistu\\\\dataconnect\": could not find dataconnect.yaml in `c:\\Adistu\\dataconnect`\n"}}
[debug] [2026-10-07T15:39:08.784Z] E1007 21:09:08.787731    8920 watch.go:40] Failed to load config from "c:\\Adistu\\dataconnect": could not find dataconnect.yaml in `c:\Adistu\dataconnect`
 {"metadata":{"emulator":{"name":"dataconnect"},"message":"E1007 21:09:08.787731    8920 watch.go:40] Failed to load config from \"c:\\\\Adistu\\\\dataconnect\": could not find dataconnect.yaml in `c:\\Adistu\\dataconnect`\n"}}
[debug] [2026-10-07T15:39:18.784Z] E1007 21:09:18.788187    8920 watch.go:40] Failed to load config from "c:\\Adistu\\dataconnect": could not find dataconnect.yaml in `c:\Adistu\dataconnect`
 {"metadata":{"emulator":{"name":"dataconnect"},"message":"E1007 21:09:18.788187    8920 watch.go:40] Failed to load config from \"c:\\\\Adistu\\\\dataconnect\": could not find dataconnect.yaml in `c:\\Adistu\\dataconnect`\n"}}
[debug] [2026-10-07T15:39:28.785Z] E1007 21:09:28.788929    8920 watch.go:40] Failed to load config from "c:\\Adistu\\dataconnect": could not find dataconnect.yaml in `c:\Adistu\dataconnect`
 {"metadata":{"emulator":{"name":"dataconnect"},"message":"E1007 21:09:28.788929    8920 watch.go:40] Failed to load config from \"c:\\\\Adistu\\\\dataconnect\": could not find dataconnect.yaml in `c:\\Adistu\\dataconnect`\n"}}
[debug] [2026-10-07T15:39:38.788Z] E1007 21:09:38.788699    8920 watch.go:40] Failed to load config from "c:\\Adistu\\dataconnect": could not find dataconnect.yaml in `c:\Adistu\dataconnect`
 {"metadata":{"emulator":{"name":"dataconnect"},"message":"E1007 21:09:38.788699    8920 watch.go:40] Failed to load config from \"c:\\\\Adistu\\\\dataconnect\": could not find dataconnect.yaml in `c:\\Adistu\\dataconnect`\n"}}
[debug] [2026-10-07T15:39:48.792Z] E1007 21:09:48.791657    8920 watch.go:40] Failed to load config from "c:\\Adistu\\dataconnect": could not find dataconnect.yaml in `c:\Adistu\dataconnect`
 {"metadata":{"emulator":{"name":"dataconnect"},"message":"E1007 21:09:48.791657    8920 watch.go:40] Failed to load config from \"c:\\\\Adistu\\\\dataconnect\": could not find dataconnect.yaml in `c:\\Adistu\\dataconnect`\n"}}
[debug] [2026-10-07T15:39:58.792Z] E1007 21:09:58.791707    8920 watch.go:116] watchAllDir unable to walk dir `c:\Adistu\dataconnect`: GetFileAttributesEx c:\Adistu\dataconnect: The system cannot find the file specified.
 {"metadata":{"emulator":{"name":"dataconnect"},"message":"E1007 21:09:58.791707    8920 watch.go:116] watchAllDir unable to walk dir `c:\\Adistu\\dataconnect`: GetFileAttributesEx c:\\Adistu\\dataconnect: The system cannot find the file specified.\n"}}
[debug] [2026-10-07T15:39:58.795Z] E1007 21:09:58.792268    8920 watch.go:40] Failed to load config from "c:\\Adistu\\dataconnect": could not find dataconnect.yaml in `c:\Adistu\dataconnect`
 {"metadata":{"emulator":{"name":"dataconnect"},"message":"E1007 21:09:58.792268    8920 watch.go:40] Failed to load config from \"c:\\\\Adistu\\\\dataconnect\": could not find dataconnect.yaml in `c:\\Adistu\\dataconnect`\n"}}
[debug] [2026-10-07T15:40:08.788Z] E1007 21:10:08.788718    8920 watch.go:40] Failed to load config from "c:\\Adistu\\dataconnect": could not find dataconnect.yaml in `c:\Adistu\dataconnect`
 {"metadata":{"emulator":{"name":"dataconnect"},"message":"E1007 21:10:08.788718    8920 watch.go:40] Failed to load config from \"c:\\\\Adistu\\\\dataconnect\": could not find dataconnect.yaml in `c:\\Adistu\\dataconnect`\n"}}
[debug] [2026-10-07T15:40:18.790Z] E1007 21:10:18.789538    8920 watch.go:40] Failed to load config from "c:\\Adistu\\dataconnect": could not find dataconnect.yaml in `c:\Adistu\dataconnect`
 {"metadata":{"emulator":{"name":"dataconnect"},"message":"E1007 21:10:18.789538    8920 watch.go:40] Failed to load config from \"c:\\\\Adistu\\\\dataconnect\": could not find dataconnect.yaml in `c:\\Adistu\\dataconnect`\n"}}
[debug] [2026-10-07T15:40:28.816Z] E1007 21:10:28.811825    8920 watch.go:40] Failed to load config from "c:\\Adistu\\dataconnect": could not find dataconnect.yaml in `c:\Adistu\dataconnect`
 {"metadata":{"emulator":{"name":"dataconnect"},"message":"E1007 21:10:28.811825    8920 watch.go:40] Failed to load config from \"c:\\\\Adistu\\\\dataconnect\": could not find dataconnect.yaml in `c:\\Adistu\\dataconnect`\n"}}
[debug] [2026-10-07T15:40:38.788Z] E1007 21:10:38.788389    8920 watch.go:40] Failed to load config from "c:\\Adistu\\dataconnect": could not find dataconnect.yaml in `c:\Adistu\dataconnect`
 {"metadata":{"emulator":{"name":"dataconnect"},"message":"E1007 21:10:38.788389    8920 watch.go:40] Failed to load config from \"c:\\\\Adistu\\\\dataconnect\": could not find dataconnect.yaml in `c:\\Adistu\\dataconnect`\n"}}
[debug] [2026-10-07T15:40:48.793Z] E1007 21:10:48.790518    8920 watch.go:40] Failed to load config from "c:\\Adistu\\dataconnect": could not find dataconnect.yaml in `c:\Adistu\dataconnect`
 {"metadata":{"emulator":{"name":"dataconnect"},"message":"E1007 21:10:48.790518    8920 watch.go:40] Failed to load config from \"c:\\\\Adistu\\\\dataconnect\": could not find dataconnect.yaml in `c:\\Adistu\\dataconnect`\n"}}
[debug] [2026-10-07T15:40:58.820Z] E1007 21:10:58.820237    8920 watch.go:116] watchAllDir unable to walk dir `c:\Adistu\dataconnect`: GetFileAttributesEx c:\Adistu\dataconnect: The system cannot find the file specified.
 {"metadata":{"emulator":{"name":"dataconnect"},"message":"E1007 21:10:58.820237    8920 watch.go:116] watchAllDir unable to walk dir `c:\\Adistu\\dataconnect`: GetFileAttributesEx c:\\Adistu\\dataconnect: The system cannot find the file specified.\n"}}
[debug] [2026-10-07T15:40:58.823Z] E1007 21:10:58.820752    8920 watch.go:40] Failed to load config from "c:\\Adistu\\dataconnect": could not find dataconnect.yaml in `c:\Adistu\dataconnect`
 {"metadata":{"emulator":{"name":"dataconnect"},"message":"E1007 21:10:58.820752    8920 watch.go:40] Failed to load config from \"c:\\\\Adistu\\\\dataconnect\": could not find dataconnect.yaml in `c:\\Adistu\\dataconnect`\n"}}
[debug] [2026-10-07T15:41:08.791Z] E1007 21:11:08.791634    8920 watch.go:40] Failed to load config from "c:\\Adistu\\dataconnect": could not find dataconnect.yaml in `c:\Adistu\dataconnect`
 {"metadata":{"emulator":{"name":"dataconnect"},"message":"E1007 21:11:08.791634    8920 watch.go:40] Failed to load config from \"c:\\\\Adistu\\\\dataconnect\": could not find dataconnect.yaml in `c:\\Adistu\\dataconnect`\n"}}
[debug] [2026-10-07T15:41:18.793Z] E1007 21:11:18.792708    8920 watch.go:40] Failed to load config from "c:\\Adistu\\dataconnect": could not find dataconnect.yaml in `c:\Adistu\dataconnect`
 {"metadata":{"emulator":{"name":"dataconnect"},"message":"E1007 21:11:18.792708    8920 watch.go:40] Failed to load config from \"c:\\\\Adistu\\\\dataconnect\": could not find dataconnect.yaml in `c:\\Adistu\\dataconnect`\n"}}
[debug] [2026-10-07T15:41:28.788Z] E1007 21:11:28.788656    8920 watch.go:40] Failed to load config from "c:\\Adistu\\dataconnect": could not find dataconnect.yaml in `c:\Adistu\dataconnect`
 {"metadata":{"emulator":{"name":"dataconnect"},"message":"E1007 21:11:28.788656    8920 watch.go:40] Failed to load config from \"c:\\\\Adistu\\\\dataconnect\": could not find dataconnect.yaml in `c:\\Adistu\\dataconnect`\n"}}
[debug] [2026-10-07T15:41:38.790Z] E1007 21:11:38.789350    8920 watch.go:40] Failed to load config from "c:\\Adistu\\dataconnect": could not find dataconnect.yaml in `c:\Adistu\dataconnect`
 {"metadata":{"emulator":{"name":"dataconnect"},"message":"E1007 21:11:38.789350    8920 watch.go:40] Failed to load config from \"c:\\\\Adistu\\\\dataconnect\": could not find dataconnect.yaml in `c:\\Adistu\\dataconnect`\n"}}
[debug] [2026-10-07T15:41:48.789Z] E1007 21:11:48.788891    8920 watch.go:40] Failed to load config from "c:\\Adistu\\dataconnect": could not find dataconnect.yaml in `c:\Adistu\dataconnect`
 {"metadata":{"emulator":{"name":"dataconnect"},"message":"E1007 21:11:48.788891    8920 watch.go:40] Failed to load config from \"c:\\\\Adistu\\\\dataconnect\": could not find dataconnect.yaml in `c:\\Adistu\\dataconnect`\n"}}
[debug] [2026-10-07T15:41:58.788Z] E1007 21:11:58.788066    8920 watch.go:116] watchAllDir unable to walk dir `c:\Adistu\dataconnect`: GetFileAttributesEx c:\Adistu\dataconnect: The system cannot find the file specified.
 {"metadata":{"emulator":{"name":"dataconnect"},"message":"E1007 21:11:58.788066    8920 watch.go:116] watchAllDir unable to walk dir `c:\\Adistu\\dataconnect`: GetFileAttributesEx c:\\Adistu\\dataconnect: The system cannot find the file specified.\n"}}
[debug] [2026-10-07T15:41:58.790Z] E1007 21:11:58.788633    8920 watch.go:40] Failed to load config from "c:\\Adistu\\dataconnect": could not find dataconnect.yaml in `c:\Adistu\dataconnect`
 {"metadata":{"emulator":{"name":"dataconnect"},"message":"E1007 21:11:58.788633    8920 watch.go:40] Failed to load config from \"c:\\\\Adistu\\\\dataconnect\": could not find dataconnect.yaml in `c:\\Adistu\\dataconnect`\n"}}
[debug] [2026-10-07T15:42:08.788Z] E1007 21:12:08.788212    8920 watch.go:40] Failed to load config from "c:\\Adistu\\dataconnect": could not find dataconnect.yaml in `c:\Adistu\dataconnect`
 {"metadata":{"emulator":{"name":"dataconnect"},"message":"E1007 21:12:08.788212    8920 watch.go:40] Failed to load config from \"c:\\\\Adistu\\\\dataconnect\": could not find dataconnect.yaml in `c:\\Adistu\\dataconnect`\n"}}
[debug] [2026-10-07T15:42:18.788Z] E1007 21:12:18.788241    8920 watch.go:40] Failed to load config from "c:\\Adistu\\dataconnect": could not find dataconnect.yaml in `c:\Adistu\dataconnect`
 {"metadata":{"emulator":{"name":"dataconnect"},"message":"E1007 21:12:18.788241    8920 watch.go:40] Failed to load config from \"c:\\\\Adistu\\\\dataconnect\": could not find dataconnect.yaml in `c:\\Adistu\\dataconnect`\n"}}
[debug] [2026-10-07T15:42:28.788Z] E1007 21:12:28.788816    8920 watch.go:40] Failed to load config from "c:\\Adistu\\dataconnect": could not find dataconnect.yaml in `c:\Adistu\dataconnect`
 {"metadata":{"emulator":{"name":"dataconnect"},"message":"E1007 21:12:28.788816    8920 watch.go:40] Failed to load config from \"c:\\\\Adistu\\\\dataconnect\": could not find dataconnect.yaml in `c:\\Adistu\\dataconnect`\n"}}
[debug] [2026-10-07T15:42:38.789Z] E1007 21:12:38.788726    8920 watch.go:40] Failed to load config from "c:\\Adistu\\dataconnect": could not find dataconnect.yaml in `c:\Adistu\dataconnect`
 {"metadata":{"emulator":{"name":"dataconnect"},"message":"E1007 21:12:38.788726    8920 watch.go:40] Failed to load config from \"c:\\\\Adistu\\\\dataconnect\": could not find dataconnect.yaml in `c:\\Adistu\\dataconnect`\n"}}
[debug] [2026-10-07T15:42:48.785Z] E1007 21:12:48.788857    8920 watch.go:40] Failed to load config from "c:\\Adistu\\dataconnect": could not find dataconnect.yaml in `c:\Adistu\dataconnect`
 {"metadata":{"emulator":{"name":"dataconnect"},"message":"E1007 21:12:48.788857    8920 watch.go:40] Failed to load config from \"c:\\\\Adistu\\\\dataconnect\": could not find dataconnect.yaml in `c:\\Adistu\\dataconnect`\n"}}
[debug] [2026-10-07T15:42:58.785Z] E1007 21:12:58.788203    8920 watch.go:40] Failed to load config from "c:\\Adistu\\dataconnect": could not find dataconnect.yaml in `c:\Adistu\dataconnect`
 {"metadata":{"emulator":{"name":"dataconnect"},"message":"E1007 21:12:58.788203    8920 watch.go:40] Failed to load config from \"c:\\\\Adistu\\\\dataconnect\": could not find dataconnect.yaml in `c:\\Adistu\\dataconnect`\n"}}
[debug] [2026-10-07T15:42:58.792Z] E1007 21:12:58.788203    8920 watch.go:116] watchAllDir unable to walk dir `c:\Adistu\dataconnect`: GetFileAttributesEx c:\Adistu\dataconnect: The system cannot find the file specified.
 {"metadata":{"emulator":{"name":"dataconnect"},"message":"E1007 21:12:58.788203    8920 watch.go:116] watchAllDir unable to walk dir `c:\\Adistu\\dataconnect`: GetFileAttributesEx c:\\Adistu\\dataconnect: The system cannot find the file specified.\n"}}
[debug] [2026-10-07T15:43:08.785Z] E1007 21:13:08.787989    8920 watch.go:40] Failed to load config from "c:\\Adistu\\dataconnect": could not find dataconnect.yaml in `c:\Adistu\dataconnect`
 {"metadata":{"emulator":{"name":"dataconnect"},"message":"E1007 21:13:08.787989    8920 watch.go:40] Failed to load config from \"c:\\\\Adistu\\\\dataconnect\": could not find dataconnect.yaml in `c:\\Adistu\\dataconnect`\n"}}
[debug] [2026-10-07T15:43:18.784Z] E1007 21:13:18.787841    8920 watch.go:40] Failed to load config from "c:\\Adistu\\dataconnect": could not find dataconnect.yaml in `c:\Adistu\dataconnect`
 {"metadata":{"emulator":{"name":"dataconnect"},"message":"E1007 21:13:18.787841    8920 watch.go:40] Failed to load config from \"c:\\\\Adistu\\\\dataconnect\": could not find dataconnect.yaml in `c:\\Adistu\\dataconnect`\n"}}
[debug] [2026-10-07T15:43:28.785Z] E1007 21:13:28.787957    8920 watch.go:40] Failed to load config from "c:\\Adistu\\dataconnect": could not find dataconnect.yaml in `c:\Adistu\dataconnect`
 {"metadata":{"emulator":{"name":"dataconnect"},"message":"E1007 21:13:28.787957    8920 watch.go:40] Failed to load config from \"c:\\\\Adistu\\\\dataconnect\": could not find dataconnect.yaml in `c:\\Adistu\\dataconnect`\n"}}
[debug] [2026-10-07T15:43:38.785Z] E1007 21:13:38.788388    8920 watch.go:40] Failed to load config from "c:\\Adistu\\dataconnect": could not find dataconnect.yaml in `c:\Adistu\dataconnect`
 {"metadata":{"emulator":{"name":"dataconnect"},"message":"E1007 21:13:38.788388    8920 watch.go:40] Failed to load config from \"c:\\\\Adistu\\\\dataconnect\": could not find dataconnect.yaml in `c:\\Adistu\\dataconnect`\n"}}
[debug] [2026-10-07T15:43:48.788Z] E1007 21:13:48.788752    8920 watch.go:40] Failed to load config from "c:\\Adistu\\dataconnect": could not find dataconnect.yaml in `c:\Adistu\dataconnect`
 {"metadata":{"emulator":{"name":"dataconnect"},"message":"E1007 21:13:48.788752    8920 watch.go:40] Failed to load config from \"c:\\\\Adistu\\\\dataconnect\": could not find dataconnect.yaml in `c:\\Adistu\\dataconnect`\n"}}
[debug] [2026-10-07T15:43:58.794Z] E1007 21:13:58.794159    8920 watch.go:116] watchAllDir unable to walk dir `c:\Adistu\dataconnect`: GetFileAttributesEx c:\Adistu\dataconnect: The system cannot find the file specified.
 {"metadata":{"emulator":{"name":"dataconnect"},"message":"E1007 21:13:58.794159    8920 watch.go:116] watchAllDir unable to walk dir `c:\\Adistu\\dataconnect`: GetFileAttributesEx c:\\Adistu\\dataconnect: The system cannot find the file specified.\n"}}
[debug] [2026-10-07T15:43:58.796Z] E1007 21:13:58.794342    8920 watch.go:40] Failed to load config from "c:\\Adistu\\dataconnect": could not find dataconnect.yaml in `c:\Adistu\dataconnect`
 {"metadata":{"emulator":{"name":"dataconnect"},"message":"E1007 21:13:58.794342    8920 watch.go:40] Failed to load config from \"c:\\\\Adistu\\\\dataconnect\": could not find dataconnect.yaml in `c:\\Adistu\\dataconnect`\n"}}
[debug] [2026-10-07T15:44:08.796Z] E1007 21:14:08.795593    8920 watch.go:40] Failed to load config from "c:\\Adistu\\dataconnect": could not find dataconnect.yaml in `c:\Adistu\dataconnect`
 {"metadata":{"emulator":{"name":"dataconnect"},"message":"E1007 21:14:08.795593    8920 watch.go:40] Failed to load config from \"c:\\\\Adistu\\\\dataconnect\": could not find dataconnect.yaml in `c:\\Adistu\\dataconnect`\n"}}
[debug] [2026-10-07T15:44:18.789Z] E1007 21:14:18.788695    8920 watch.go:40] Failed to load config from "c:\\Adistu\\dataconnect": could not find dataconnect.yaml in `c:\Adistu\dataconnect`
 {"metadata":{"emulator":{"name":"dataconnect"},"message":"E1007 21:14:18.788695    8920 watch.go:40] Failed to load config from \"c:\\\\Adistu\\\\dataconnect\": could not find dataconnect.yaml in `c:\\Adistu\\dataconnect`\n"}}
[debug] [2026-10-07T15:44:28.798Z] E1007 21:14:28.790039    8920 watch.go:40] Failed to load config from "c:\\Adistu\\dataconnect": could not find dataconnect.yaml in `c:\Adistu\dataconnect`
 {"metadata":{"emulator":{"name":"dataconnect"},"message":"E1007 21:14:28.790039    8920 watch.go:40] Failed to load config from \"c:\\\\Adistu\\\\dataconnect\": could not find dataconnect.yaml in `c:\\Adistu\\dataconnect`\n"}}
[debug] [2026-10-07T15:44:38.788Z] E1007 21:14:38.788569    8920 watch.go:40] Failed to load config from "c:\\Adistu\\dataconnect": could not find dataconnect.yaml in `c:\Adistu\dataconnect`
 {"metadata":{"emulator":{"name":"dataconnect"},"message":"E1007 21:14:38.788569    8920 watch.go:40] Failed to load config from \"c:\\\\Adistu\\\\dataconnect\": could not find dataconnect.yaml in `c:\\Adistu\\dataconnect`\n"}}
[debug] [2026-10-07T15:44:48.789Z] E1007 21:14:48.788736    8920 watch.go:40] Failed to load config from "c:\\Adistu\\dataconnect": could not find dataconnect.yaml in `c:\Adistu\dataconnect`
 {"metadata":{"emulator":{"name":"dataconnect"},"message":"E1007 21:14:48.788736    8920 watch.go:40] Failed to load config from \"c:\\\\Adistu\\\\dataconnect\": could not find dataconnect.yaml in `c:\\Adistu\\dataconnect`\n"}}
[debug] [2026-10-07T15:44:58.789Z] E1007 21:14:58.789606    8920 watch.go:116] watchAllDir unable to walk dir `c:\Adistu\dataconnect`: GetFileAttributesEx c:\Adistu\dataconnect: The system cannot find the file specified.
 {"metadata":{"emulator":{"name":"dataconnect"},"message":"E1007 21:14:58.789606    8920 watch.go:116] watchAllDir unable to walk dir `c:\\Adistu\\dataconnect`: GetFileAttributesEx c:\\Adistu\\dataconnect: The system cannot find the file specified.\n"}}
[debug] [2026-10-07T15:44:58.794Z] E1007 21:14:58.789606    8920 watch.go:40] Failed to load config from "c:\\Adistu\\dataconnect": could not find dataconnect.yaml in `c:\Adistu\dataconnect`
 {"metadata":{"emulator":{"name":"dataconnect"},"message":"E1007 21:14:58.789606    8920 watch.go:40] Failed to load config from \"c:\\\\Adistu\\\\dataconnect\": could not find dataconnect.yaml in `c:\\Adistu\\dataconnect`\n"}}
[debug] [2026-10-07T15:45:08.790Z] E1007 21:15:08.789520    8920 watch.go:40] Failed to load config from "c:\\Adistu\\dataconnect": could not find dataconnect.yaml in `c:\Adistu\dataconnect`
 {"metadata":{"emulator":{"name":"dataconnect"},"message":"E1007 21:15:08.789520    8920 watch.go:40] Failed to load config from \"c:\\\\Adistu\\\\dataconnect\": could not find dataconnect.yaml in `c:\\Adistu\\dataconnect`\n"}}
[debug] [2026-10-07T15:45:18.789Z] E1007 21:15:18.788655    8920 watch.go:40] Failed to load config from "c:\\Adistu\\dataconnect": could not find dataconnect.yaml in `c:\Adistu\dataconnect`
 {"metadata":{"emulator":{"name":"dataconnect"},"message":"E1007 21:15:18.788655    8920 watch.go:40] Failed to load config from \"c:\\\\Adistu\\\\dataconnect\": could not find dataconnect.yaml in `c:\\Adistu\\dataconnect`\n"}}
[debug] [2026-10-07T15:45:28.795Z] E1007 21:15:28.794652    8920 watch.go:40] Failed to load config from "c:\\Adistu\\dataconnect": could not find dataconnect.yaml in `c:\Adistu\dataconnect`
 {"metadata":{"emulator":{"name":"dataconnect"},"message":"E1007 21:15:28.794652    8920 watch.go:40] Failed to load config from \"c:\\\\Adistu\\\\dataconnect\": could not find dataconnect.yaml in `c:\\Adistu\\dataconnect`\n"}}
[debug] [2026-10-07T15:45:38.791Z] E1007 21:15:38.790467    8920 watch.go:40] Failed to load config from "c:\\Adistu\\dataconnect": could not find dataconnect.yaml in `c:\Adistu\dataconnect`
 {"metadata":{"emulator":{"name":"dataconnect"},"message":"E1007 21:15:38.790467    8920 watch.go:40] Failed to load config from \"c:\\\\Adistu\\\\dataconnect\": could not find dataconnect.yaml in `c:\\Adistu\\dataconnect`\n"}}
[debug] [2026-10-07T15:45:48.792Z] E1007 21:15:48.791577    8920 watch.go:40] Failed to load config from "c:\\Adistu\\dataconnect": could not find dataconnect.yaml in `c:\Adistu\dataconnect`
 {"metadata":{"emulator":{"name":"dataconnect"},"message":"E1007 21:15:48.791577    8920 watch.go:40] Failed to load config from \"c:\\\\Adistu\\\\dataconnect\": could not find dataconnect.yaml in `c:\\Adistu\\dataconnect`\n"}}
[debug] [2026-10-07T15:45:58.788Z] E1007 21:15:58.788357    8920 watch.go:116] watchAllDir unable to walk dir `c:\Adistu\dataconnect`: GetFileAttributesEx c:\Adistu\dataconnect: The system cannot find the file specified.
 {"metadata":{"emulator":{"name":"dataconnect"},"message":"E1007 21:15:58.788357    8920 watch.go:116] watchAllDir unable to walk dir `c:\\Adistu\\dataconnect`: GetFileAttributesEx c:\\Adistu\\dataconnect: The system cannot find the file specified.\n"}}
[debug] [2026-10-07T15:45:58.791Z] E1007 21:15:58.789439    8920 watch.go:40] Failed to load config from "c:\\Adistu\\dataconnect": could not find dataconnect.yaml in `c:\Adistu\dataconnect`
 {"metadata":{"emulator":{"name":"dataconnect"},"message":"E1007 21:15:58.789439    8920 watch.go:40] Failed to load config from \"c:\\\\Adistu\\\\dataconnect\": could not find dataconnect.yaml in `c:\\Adistu\\dataconnect`\n"}}
[debug] [2026-10-07T15:46:08.789Z] E1007 21:16:08.788135    8920 watch.go:40] Failed to load config from "c:\\Adistu\\dataconnect": could not find dataconnect.yaml in `c:\Adistu\dataconnect`
 {"metadata":{"emulator":{"name":"dataconnect"},"message":"E1007 21:16:08.788135    8920 watch.go:40] Failed to load config from \"c:\\\\Adistu\\\\dataconnect\": could not find dataconnect.yaml in `c:\\Adistu\\dataconnect`\n"}}
[debug] [2026-10-07T15:46:18.789Z] E1007 21:16:18.789049    8920 watch.go:40] Failed to load config from "c:\\Adistu\\dataconnect": could not find dataconnect.yaml in `c:\Adistu\dataconnect`
 {"metadata":{"emulator":{"name":"dataconnect"},"message":"E1007 21:16:18.789049    8920 watch.go:40] Failed to load config from \"c:\\\\Adistu\\\\dataconnect\": could not find dataconnect.yaml in `c:\\Adistu\\dataconnect`\n"}}
[debug] [2026-10-07T15:46:28.788Z] E1007 21:16:28.788350    8920 watch.go:40] Failed to load config from "c:\\Adistu\\dataconnect": could not find dataconnect.yaml in `c:\Adistu\dataconnect`
 {"metadata":{"emulator":{"name":"dataconnect"},"message":"E1007 21:16:28.788350    8920 watch.go:40] Failed to load config from \"c:\\\\Adistu\\\\dataconnect\": could not find dataconnect.yaml in `c:\\Adistu\\dataconnect`\n"}}
[debug] [2026-10-07T15:46:38.798Z] E1007 21:16:38.797862    8920 watch.go:40] Failed to load config from "c:\\Adistu\\dataconnect": could not find dataconnect.yaml in `c:\Adistu\dataconnect`
 {"metadata":{"emulator":{"name":"dataconnect"},"message":"E1007 21:16:38.797862    8920 watch.go:40] Failed to load config from \"c:\\\\Adistu\\\\dataconnect\": could not find dataconnect.yaml in `c:\\Adistu\\dataconnect`\n"}}
[debug] [2026-10-07T15:46:48.788Z] E1007 21:16:48.787654    8920 watch.go:40] Failed to load config from "c:\\Adistu\\dataconnect": could not find dataconnect.yaml in `c:\Adistu\dataconnect`
 {"metadata":{"emulator":{"name":"dataconnect"},"message":"E1007 21:16:48.787654    8920 watch.go:40] Failed to load config from \"c:\\\\Adistu\\\\dataconnect\": could not find dataconnect.yaml in `c:\\Adistu\\dataconnect`\n"}}
[debug] [2026-10-07T15:46:58.791Z] E1007 21:16:58.787780    8920 watch.go:116] watchAllDir unable to walk dir `c:\Adistu\dataconnect`: GetFileAttributesEx c:\Adistu\dataconnect: The system cannot find the file specified.
 {"metadata":{"emulator":{"name":"dataconnect"},"message":"E1007 21:16:58.787780    8920 watch.go:116] watchAllDir unable to walk dir `c:\\Adistu\\dataconnect`: GetFileAttributesEx c:\\Adistu\\dataconnect: The system cannot find the file specified.\n"}}
[debug] [2026-10-07T15:46:58.805Z] E1007 21:16:58.798318    8920 watch.go:40] Failed to load config from "c:\\Adistu\\dataconnect": could not find dataconnect.yaml in `c:\Adistu\dataconnect`
 {"metadata":{"emulator":{"name":"dataconnect"},"message":"E1007 21:16:58.798318    8920 watch.go:40] Failed to load config from \"c:\\\\Adistu\\\\dataconnect\": could not find dataconnect.yaml in `c:\\Adistu\\dataconnect`\n"}}
[debug] [2026-10-07T15:47:08.793Z] E1007 21:17:08.793078    8920 watch.go:40] Failed to load config from "c:\\Adistu\\dataconnect": could not find dataconnect.yaml in `c:\Adistu\dataconnect`
 {"metadata":{"emulator":{"name":"dataconnect"},"message":"E1007 21:17:08.793078    8920 watch.go:40] Failed to load config from \"c:\\\\Adistu\\\\dataconnect\": could not find dataconnect.yaml in `c:\\Adistu\\dataconnect`\n"}}
[debug] [2026-10-07T15:47:18.788Z] E1007 21:17:18.787833    8920 watch.go:40] Failed to load config from "c:\\Adistu\\dataconnect": could not find dataconnect.yaml in `c:\Adistu\dataconnect`
 {"metadata":{"emulator":{"name":"dataconnect"},"message":"E1007 21:17:18.787833    8920 watch.go:40] Failed to load config from \"c:\\\\Adistu\\\\dataconnect\": could not find dataconnect.yaml in `c:\\Adistu\\dataconnect`\n"}}
[debug] [2026-10-07T15:47:28.788Z] E1007 21:17:28.787908    8920 watch.go:40] Failed to load config from "c:\\Adistu\\dataconnect": could not find dataconnect.yaml in `c:\Adistu\dataconnect`
 {"metadata":{"emulator":{"name":"dataconnect"},"message":"E1007 21:17:28.787908    8920 watch.go:40] Failed to load config from \"c:\\\\Adistu\\\\dataconnect\": could not find dataconnect.yaml in `c:\\Adistu\\dataconnect`\n"}}
[debug] [2026-10-07T15:47:38.788Z] E1007 21:17:38.788154    8920 watch.go:40] Failed to load config from "c:\\Adistu\\dataconnect": could not find dataconnect.yaml in `c:\Adistu\dataconnect`
 {"metadata":{"emulator":{"name":"dataconnect"},"message":"E1007 21:17:38.788154    8920 watch.go:40] Failed to load config from \"c:\\\\Adistu\\\\dataconnect\": could not find dataconnect.yaml in `c:\\Adistu\\dataconnect`\n"}}
[debug] [2026-10-07T15:47:48.788Z] E1007 21:17:48.788356    8920 watch.go:40] Failed to load config from "c:\\Adistu\\dataconnect": could not find dataconnect.yaml in `c:\Adistu\dataconnect`
 {"metadata":{"emulator":{"name":"dataconnect"},"message":"E1007 21:17:48.788356    8920 watch.go:40] Failed to load config from \"c:\\\\Adistu\\\\dataconnect\": could not find dataconnect.yaml in `c:\\Adistu\\dataconnect`\n"}}
[debug] [2026-10-07T15:47:58.788Z] E1007 21:17:58.788030    8920 watch.go:116] watchAllDir unable to walk dir `c:\Adistu\dataconnect`: GetFileAttributesEx c:\Adistu\dataconnect: The system cannot find the file specified.
E1007 21:17:58.788030    8920 watch.go:40] Failed to load config from "c:\\Adistu\\dataconnect": could not find dataconnect.yaml in `c:\Adistu\dataconnect`
 {"metadata":{"emulator":{"name":"dataconnect"},"message":"E1007 21:17:58.788030    8920 watch.go:116] watchAllDir unable to walk dir `c:\\Adistu\\dataconnect`: GetFileAttributesEx c:\\Adistu\\dataconnect: The system cannot find the file specified.\nE1007 21:17:58.788030    8920 watch.go:40] Failed to load config from \"c:\\\\Adistu\\\\dataconnect\": could not find dataconnect.yaml in `c:\\Adistu\\dataconnect`\n"}}
[debug] [2026-10-07T15:48:08.788Z] E1007 21:18:08.788746    8920 watch.go:40] Failed to load config from "c:\\Adistu\\dataconnect": could not find dataconnect.yaml in `c:\Adistu\dataconnect`
 {"metadata":{"emulator":{"name":"dataconnect"},"message":"E1007 21:18:08.788746    8920 watch.go:40] Failed to load config from \"c:\\\\Adistu\\\\dataconnect\": could not find dataconnect.yaml in `c:\\Adistu\\dataconnect`\n"}}
[debug] [2026-10-07T15:48:18.788Z] E1007 21:18:18.787900    8920 watch.go:40] Failed to load config from "c:\\Adistu\\dataconnect": could not find dataconnect.yaml in `c:\Adistu\dataconnect`
 {"metadata":{"emulator":{"name":"dataconnect"},"message":"E1007 21:18:18.787900    8920 watch.go:40] Failed to load config from \"c:\\\\Adistu\\\\dataconnect\": could not find dataconnect.yaml in `c:\\Adistu\\dataconnect`\n"}}
[debug] [2026-10-07T15:48:28.788Z] E1007 21:18:28.787789    8920 watch.go:40] Failed to load config from "c:\\Adistu\\dataconnect": could not find dataconnect.yaml in `c:\Adistu\dataconnect`
 {"metadata":{"emulator":{"name":"dataconnect"},"message":"E1007 21:18:28.787789    8920 watch.go:40] Failed to load config from \"c:\\\\Adistu\\\\dataconnect\": could not find dataconnect.yaml in `c:\\Adistu\\dataconnect`\n"}}
[debug] [2026-10-07T15:48:38.788Z] E1007 21:18:38.788145    8920 watch.go:40] Failed to load config from "c:\\Adistu\\dataconnect": could not find dataconnect.yaml in `c:\Adistu\dataconnect`
 {"metadata":{"emulator":{"name":"dataconnect"},"message":"E1007 21:18:38.788145    8920 watch.go:40] Failed to load config from \"c:\\\\Adistu\\\\dataconnect\": could not find dataconnect.yaml in `c:\\Adistu\\dataconnect`\n"}}
[debug] [2026-10-07T15:48:48.797Z] E1007 21:18:48.797026    8920 watch.go:40] Failed to load config from "c:\\Adistu\\dataconnect": could not find dataconnect.yaml in `c:\Adistu\dataconnect`
 {"metadata":{"emulator":{"name":"dataconnect"},"message":"E1007 21:18:48.797026    8920 watch.go:40] Failed to load config from \"c:\\\\Adistu\\\\dataconnect\": could not find dataconnect.yaml in `c:\\Adistu\\dataconnect`\n"}}
[debug] [2026-10-07T15:48:58.796Z] E1007 21:18:58.791721    8920 watch.go:116] watchAllDir unable to walk dir `c:\Adistu\dataconnect`: GetFileAttributesEx c:\Adistu\dataconnect: The system cannot find the file specified.
 {"metadata":{"emulator":{"name":"dataconnect"},"message":"E1007 21:18:58.791721    8920 watch.go:116] watchAllDir unable to walk dir `c:\\Adistu\\dataconnect`: GetFileAttributesEx c:\\Adistu\\dataconnect: The system cannot find the file specified.\n"}}
[debug] [2026-10-07T15:48:58.799Z] E1007 21:18:58.795714    8920 watch.go:40] Failed to load config from "c:\\Adistu\\dataconnect": could not find dataconnect.yaml in `c:\Adistu\dataconnect`
 {"metadata":{"emulator":{"name":"dataconnect"},"message":"E1007 21:18:58.795714    8920 watch.go:40] Failed to load config from \"c:\\\\Adistu\\\\dataconnect\": could not find dataconnect.yaml in `c:\\Adistu\\dataconnect`\n"}}
[debug] [2026-10-07T15:49:08.796Z] E1007 21:19:08.795567    8920 watch.go:40] Failed to load config from "c:\\Adistu\\dataconnect": could not find dataconnect.yaml in `c:\Adistu\dataconnect`
 {"metadata":{"emulator":{"name":"dataconnect"},"message":"E1007 21:19:08.795567    8920 watch.go:40] Failed to load config from \"c:\\\\Adistu\\\\dataconnect\": could not find dataconnect.yaml in `c:\\Adistu\\dataconnect`\n"}}
[debug] [2026-10-07T15:49:18.789Z] E1007 21:19:18.789037    8920 watch.go:40] Failed to load config from "c:\\Adistu\\dataconnect": could not find dataconnect.yaml in `c:\Adistu\dataconnect`
 {"metadata":{"emulator":{"name":"dataconnect"},"message":"E1007 21:19:18.789037    8920 watch.go:40] Failed to load config from \"c:\\\\Adistu\\\\dataconnect\": could not find dataconnect.yaml in `c:\\Adistu\\dataconnect`\n"}}
[debug] [2026-10-07T15:49:28.788Z] E1007 21:19:28.788559    8920 watch.go:40] Failed to load config from "c:\\Adistu\\dataconnect": could not find dataconnect.yaml in `c:\Adistu\dataconnect`
 {"metadata":{"emulator":{"name":"dataconnect"},"message":"E1007 21:19:28.788559    8920 watch.go:40] Failed to load config from \"c:\\\\Adistu\\\\dataconnect\": could not find dataconnect.yaml in `c:\\Adistu\\dataconnect`\n"}}
[debug] [2026-10-07T15:49:38.796Z] E1007 21:19:38.796149    8920 watch.go:40] Failed to load config from "c:\\Adistu\\dataconnect": could not find dataconnect.yaml in `c:\Adistu\dataconnect`
 {"metadata":{"emulator":{"name":"dataconnect"},"message":"E1007 21:19:38.796149    8920 watch.go:40] Failed to load config from \"c:\\\\Adistu\\\\dataconnect\": could not find dataconnect.yaml in `c:\\Adistu\\dataconnect`\n"}}
[debug] [2026-10-07T15:49:48.792Z] E1007 21:19:48.791476    8920 watch.go:40] Failed to load config from "c:\\Adistu\\dataconnect": could not find dataconnect.yaml in `c:\Adistu\dataconnect`
 {"metadata":{"emulator":{"name":"dataconnect"},"message":"E1007 21:19:48.791476    8920 watch.go:40] Failed to load config from \"c:\\\\Adistu\\\\dataconnect\": could not find dataconnect.yaml in `c:\\Adistu\\dataconnect`\n"}}
[debug] [2026-10-07T15:49:58.834Z] E1007 21:19:58.840291    8920 watch.go:116] watchAllDir unable to walk dir `c:\Adistu\dataconnect`: GetFileAttributesEx c:\Adistu\dataconnect: The system cannot find the file specified.
 {"metadata":{"emulator":{"name":"dataconnect"},"message":"E1007 21:19:58.840291    8920 watch.go:116] watchAllDir unable to walk dir `c:\\Adistu\\dataconnect`: GetFileAttributesEx c:\\Adistu\\dataconnect: The system cannot find the file specified.\n"}}
[debug] [2026-10-07T15:49:58.845Z] E1007 21:19:58.849613    8920 watch.go:40] Failed to load config from "c:\\Adistu\\dataconnect": could not find dataconnect.yaml in `c:\Adistu\dataconnect`
 {"metadata":{"emulator":{"name":"dataconnect"},"message":"E1007 21:19:58.849613    8920 watch.go:40] Failed to load config from \"c:\\\\Adistu\\\\dataconnect\": could not find dataconnect.yaml in `c:\\Adistu\\dataconnect`\n"}}
[debug] [2026-10-07T15:50:08.786Z] E1007 21:20:08.792089    8920 watch.go:40] Failed to load config from "c:\\Adistu\\dataconnect": could not find dataconnect.yaml in `c:\Adistu\dataconnect`
 {"metadata":{"emulator":{"name":"dataconnect"},"message":"E1007 21:20:08.792089    8920 watch.go:40] Failed to load config from \"c:\\\\Adistu\\\\dataconnect\": could not find dataconnect.yaml in `c:\\Adistu\\dataconnect`\n"}}
[debug] [2026-10-07T15:50:18.782Z] E1007 21:20:18.788497    8920 watch.go:40] Failed to load config from "c:\\Adistu\\dataconnect": could not find dataconnect.yaml in `c:\Adistu\dataconnect`
 {"metadata":{"emulator":{"name":"dataconnect"},"message":"E1007 21:20:18.788497    8920 watch.go:40] Failed to load config from \"c:\\\\Adistu\\\\dataconnect\": could not find dataconnect.yaml in `c:\\Adistu\\dataconnect`\n"}}
[debug] [2026-10-07T15:50:28.782Z] E1007 21:20:28.788532    8920 watch.go:40] Failed to load config from "c:\\Adistu\\dataconnect": could not find dataconnect.yaml in `c:\Adistu\dataconnect`
 {"metadata":{"emulator":{"name":"dataconnect"},"message":"E1007 21:20:28.788532    8920 watch.go:40] Failed to load config from \"c:\\\\Adistu\\\\dataconnect\": could not find dataconnect.yaml in `c:\\Adistu\\dataconnect`\n"}}
[debug] [2026-10-07T15:50:38.782Z] E1007 21:20:38.788527    8920 watch.go:40] Failed to load config from "c:\\Adistu\\dataconnect": could not find dataconnect.yaml in `c:\Adistu\dataconnect`
 {"metadata":{"emulator":{"name":"dataconnect"},"message":"E1007 21:20:38.788527    8920 watch.go:40] Failed to load config from \"c:\\\\Adistu\\\\dataconnect\": could not find dataconnect.yaml in `c:\\Adistu\\dataconnect`\n"}}
[debug] [2026-10-07T15:50:48.783Z] E1007 21:20:48.787807    8920 watch.go:40] Failed to load config from "c:\\Adistu\\dataconnect": could not find dataconnect.yaml in `c:\Adistu\dataconnect`
 {"metadata":{"emulator":{"name":"dataconnect"},"message":"E1007 21:20:48.787807    8920 watch.go:40] Failed to load config from \"c:\\\\Adistu\\\\dataconnect\": could not find dataconnect.yaml in `c:\\Adistu\\dataconnect`\n"}}
[debug] [2026-10-07T15:50:58.805Z] E1007 21:20:58.805709    8920 watch.go:116] watchAllDir unable to walk dir `c:\Adistu\dataconnect`: GetFileAttributesEx c:\Adistu\dataconnect: The system cannot find the file specified.
 {"metadata":{"emulator":{"name":"dataconnect"},"message":"E1007 21:20:58.805709    8920 watch.go:116] watchAllDir unable to walk dir `c:\\Adistu\\dataconnect`: GetFileAttributesEx c:\\Adistu\\dataconnect: The system cannot find the file specified.\n"}}
[debug] [2026-10-07T15:50:58.809Z] E1007 21:20:58.808773    8920 watch.go:40] Failed to load config from "c:\\Adistu\\dataconnect": could not find dataconnect.yaml in `c:\Adistu\dataconnect`
 {"metadata":{"emulator":{"name":"dataconnect"},"message":"E1007 21:20:58.808773    8920 watch.go:40] Failed to load config from \"c:\\\\Adistu\\\\dataconnect\": could not find dataconnect.yaml in `c:\\Adistu\\dataconnect`\n"}}
[debug] [2026-10-07T15:51:08.785Z] E1007 21:21:08.787748    8920 watch.go:40] Failed to load config from "c:\\Adistu\\dataconnect": could not find dataconnect.yaml in `c:\Adistu\dataconnect`
 {"metadata":{"emulator":{"name":"dataconnect"},"message":"E1007 21:21:08.787748    8920 watch.go:40] Failed to load config from \"c:\\\\Adistu\\\\dataconnect\": could not find dataconnect.yaml in `c:\\Adistu\\dataconnect`\n"}}
[debug] [2026-10-07T15:51:18.854Z] E1007 21:21:18.856551    8920 watch.go:40] Failed to load config from "c:\\Adistu\\dataconnect": could not find dataconnect.yaml in `c:\Adistu\dataconnect`
 {"metadata":{"emulator":{"name":"dataconnect"},"message":"E1007 21:21:18.856551    8920 watch.go:40] Failed to load config from \"c:\\\\Adistu\\\\dataconnect\": could not find dataconnect.yaml in `c:\\Adistu\\dataconnect`\n"}}
[debug] [2026-10-07T15:51:28.801Z] E1007 21:21:28.797860    8920 watch.go:40] Failed to load config from "c:\\Adistu\\dataconnect": could not find dataconnect.yaml in `c:\Adistu\dataconnect`
 {"metadata":{"emulator":{"name":"dataconnect"},"message":"E1007 21:21:28.797860    8920 watch.go:40] Failed to load config from \"c:\\\\Adistu\\\\dataconnect\": could not find dataconnect.yaml in `c:\\Adistu\\dataconnect`\n"}}
[debug] [2026-10-07T15:51:38.790Z] E1007 21:21:38.793207    8920 watch.go:40] Failed to load config from "c:\\Adistu\\dataconnect": could not find dataconnect.yaml in `c:\Adistu\dataconnect`
 {"metadata":{"emulator":{"name":"dataconnect"},"message":"E1007 21:21:38.793207    8920 watch.go:40] Failed to load config from \"c:\\\\Adistu\\\\dataconnect\": could not find dataconnect.yaml in `c:\\Adistu\\dataconnect`\n"}}
[debug] [2026-10-07T15:51:48.785Z] E1007 21:21:48.788499    8920 watch.go:40] Failed to load config from "c:\\Adistu\\dataconnect": could not find dataconnect.yaml in `c:\Adistu\dataconnect`
 {"metadata":{"emulator":{"name":"dataconnect"},"message":"E1007 21:21:48.788499    8920 watch.go:40] Failed to load config from \"c:\\\\Adistu\\\\dataconnect\": could not find dataconnect.yaml in `c:\\Adistu\\dataconnect`\n"}}
[debug] [2026-10-07T15:51:58.781Z] E1007 21:21:58.787711    8920 watch.go:116] watchAllDir unable to walk dir `c:\Adistu\dataconnect`: GetFileAttributesEx c:\Adistu\dataconnect: The system cannot find the file specified.
 {"metadata":{"emulator":{"name":"dataconnect"},"message":"E1007 21:21:58.787711    8920 watch.go:116] watchAllDir unable to walk dir `c:\\Adistu\\dataconnect`: GetFileAttributesEx c:\\Adistu\\dataconnect: The system cannot find the file specified.\n"}}
[debug] [2026-10-07T15:51:58.789Z] E1007 21:21:58.795266    8920 watch.go:40] Failed to load config from "c:\\Adistu\\dataconnect": could not find dataconnect.yaml in `c:\Adistu\dataconnect`
 {"metadata":{"emulator":{"name":"dataconnect"},"message":"E1007 21:21:58.795266    8920 watch.go:40] Failed to load config from \"c:\\\\Adistu\\\\dataconnect\": could not find dataconnect.yaml in `c:\\Adistu\\dataconnect`\n"}}
[debug] [2026-10-07T15:52:08.782Z] E1007 21:22:08.788735    8920 watch.go:40] Failed to load config from "c:\\Adistu\\dataconnect": could not find dataconnect.yaml in `c:\Adistu\dataconnect`
 {"metadata":{"emulator":{"name":"dataconnect"},"message":"E1007 21:22:08.788735    8920 watch.go:40] Failed to load config from \"c:\\\\Adistu\\\\dataconnect\": could not find dataconnect.yaml in `c:\\Adistu\\dataconnect`\n"}}
[debug] [2026-10-07T15:52:18.804Z] E1007 21:22:18.810612    8920 watch.go:40] Failed to load config from "c:\\Adistu\\dataconnect": could not find dataconnect.yaml in `c:\Adistu\dataconnect`
 {"metadata":{"emulator":{"name":"dataconnect"},"message":"E1007 21:22:18.810612    8920 watch.go:40] Failed to load config from \"c:\\\\Adistu\\\\dataconnect\": could not find dataconnect.yaml in `c:\\Adistu\\dataconnect`\n"}}
[debug] [2026-10-07T15:52:28.781Z] E1007 21:22:28.788026    8920 watch.go:40] Failed to load config from "c:\\Adistu\\dataconnect": could not find dataconnect.yaml in `c:\Adistu\dataconnect`
 {"metadata":{"emulator":{"name":"dataconnect"},"message":"E1007 21:22:28.788026    8920 watch.go:40] Failed to load config from \"c:\\\\Adistu\\\\dataconnect\": could not find dataconnect.yaml in `c:\\Adistu\\dataconnect`\n"}}
[debug] [2026-10-07T15:52:38.781Z] E1007 21:22:38.788297    8920 watch.go:40] Failed to load config from "c:\\Adistu\\dataconnect": could not find dataconnect.yaml in `c:\Adistu\dataconnect`
 {"metadata":{"emulator":{"name":"dataconnect"},"message":"E1007 21:22:38.788297    8920 watch.go:40] Failed to load config from \"c:\\\\Adistu\\\\dataconnect\": could not find dataconnect.yaml in `c:\\Adistu\\dataconnect`\n"}}
[debug] [2026-10-07T15:52:48.781Z] E1007 21:22:48.788046    8920 watch.go:40] Failed to load config from "c:\\Adistu\\dataconnect": could not find dataconnect.yaml in `c:\Adistu\dataconnect`
 {"metadata":{"emulator":{"name":"dataconnect"},"message":"E1007 21:22:48.788046    8920 watch.go:40] Failed to load config from \"c:\\\\Adistu\\\\dataconnect\": could not find dataconnect.yaml in `c:\\Adistu\\dataconnect`\n"}}
[debug] [2026-10-07T15:52:58.787Z] E1007 21:22:58.787408    8920 watch.go:116] watchAllDir unable to walk dir `c:\Adistu\dataconnect`: GetFileAttributesEx c:\Adistu\dataconnect: The system cannot find the file specified.
 {"metadata":{"emulator":{"name":"dataconnect"},"message":"E1007 21:22:58.787408    8920 watch.go:116] watchAllDir unable to walk dir `c:\\Adistu\\dataconnect`: GetFileAttributesEx c:\\Adistu\\dataconnect: The system cannot find the file specified.\n"}}
[debug] [2026-10-07T15:52:58.789Z] E1007 21:22:58.787408    8920 watch.go:40] Failed to load config from "c:\\Adistu\\dataconnect": could not find dataconnect.yaml in `c:\Adistu\dataconnect`
 {"metadata":{"emulator":{"name":"dataconnect"},"message":"E1007 21:22:58.787408    8920 watch.go:40] Failed to load config from \"c:\\\\Adistu\\\\dataconnect\": could not find dataconnect.yaml in `c:\\Adistu\\dataconnect`\n"}}
[debug] [2026-10-07T15:53:08.892Z] E1007 21:23:08.878901    8920 watch.go:40] Failed to load config from "c:\\Adistu\\dataconnect": could not find dataconnect.yaml in `c:\Adistu\dataconnect`
 {"metadata":{"emulator":{"name":"dataconnect"},"message":"E1007 21:23:08.878901    8920 watch.go:40] Failed to load config from \"c:\\\\Adistu\\\\dataconnect\": could not find dataconnect.yaml in `c:\\Adistu\\dataconnect`\n"}}
[debug] [2026-10-07T15:53:18.791Z] E1007 21:23:18.793466    8920 watch.go:40] Failed to load config from "c:\\Adistu\\dataconnect": could not find dataconnect.yaml in `c:\Adistu\dataconnect`
 {"metadata":{"emulator":{"name":"dataconnect"},"message":"E1007 21:23:18.793466    8920 watch.go:40] Failed to load config from \"c:\\\\Adistu\\\\dataconnect\": could not find dataconnect.yaml in `c:\\Adistu\\dataconnect`\n"}}
[debug] [2026-10-07T15:53:28.786Z] E1007 21:23:28.788807    8920 watch.go:40] Failed to load config from "c:\\Adistu\\dataconnect": could not find dataconnect.yaml in `c:\Adistu\dataconnect`
 {"metadata":{"emulator":{"name":"dataconnect"},"message":"E1007 21:23:28.788807    8920 watch.go:40] Failed to load config from \"c:\\\\Adistu\\\\dataconnect\": could not find dataconnect.yaml in `c:\\Adistu\\dataconnect`\n"}}
[debug] [2026-10-07T15:53:38.854Z] E1007 21:23:38.851680    8920 watch.go:40] Failed to load config from "c:\\Adistu\\dataconnect": could not find dataconnect.yaml in `c:\Adistu\dataconnect`
 {"metadata":{"emulator":{"name":"dataconnect"},"message":"E1007 21:23:38.851680    8920 watch.go:40] Failed to load config from \"c:\\\\Adistu\\\\dataconnect\": could not find dataconnect.yaml in `c:\\Adistu\\dataconnect`\n"}}
[debug] [2026-10-07T15:53:48.792Z] E1007 21:23:48.794854    8920 watch.go:40] Failed to load config from "c:\\Adistu\\dataconnect": could not find dataconnect.yaml in `c:\Adistu\dataconnect`
 {"metadata":{"emulator":{"name":"dataconnect"},"message":"E1007 21:23:48.794854    8920 watch.go:40] Failed to load config from \"c:\\\\Adistu\\\\dataconnect\": could not find dataconnect.yaml in `c:\\Adistu\\dataconnect`\n"}}
[debug] [2026-10-07T15:53:58.786Z] E1007 21:23:58.787970    8920 watch.go:116] watchAllDir unable to walk dir `c:\Adistu\dataconnect`: GetFileAttributesEx c:\Adistu\dataconnect: The system cannot find the file specified.
 {"metadata":{"emulator":{"name":"dataconnect"},"message":"E1007 21:23:58.787970    8920 watch.go:116] watchAllDir unable to walk dir `c:\\Adistu\\dataconnect`: GetFileAttributesEx c:\\Adistu\\dataconnect: The system cannot find the file specified.\n"}}
[debug] [2026-10-07T15:53:58.789Z] E1007 21:23:58.789820    8920 watch.go:40] Failed to load config from "c:\\Adistu\\dataconnect": could not find dataconnect.yaml in `c:\Adistu\dataconnect`
 {"metadata":{"emulator":{"name":"dataconnect"},"message":"E1007 21:23:58.789820    8920 watch.go:40] Failed to load config from \"c:\\\\Adistu\\\\dataconnect\": could not find dataconnect.yaml in `c:\\Adistu\\dataconnect`\n"}}
[debug] [2026-10-07T15:54:08.788Z] E1007 21:24:08.789562    8920 watch.go:40] Failed to load config from "c:\\Adistu\\dataconnect": could not find dataconnect.yaml in `c:\Adistu\dataconnect`
 {"metadata":{"emulator":{"name":"dataconnect"},"message":"E1007 21:24:08.789562    8920 watch.go:40] Failed to load config from \"c:\\\\Adistu\\\\dataconnect\": could not find dataconnect.yaml in `c:\\Adistu\\dataconnect`\n"}}
[debug] [2026-10-07T15:54:18.788Z] E1007 21:24:18.789443    8920 watch.go:40] Failed to load config from "c:\\Adistu\\dataconnect": could not find dataconnect.yaml in `c:\Adistu\dataconnect`
 {"metadata":{"emulator":{"name":"dataconnect"},"message":"E1007 21:24:18.789443    8920 watch.go:40] Failed to load config from \"c:\\\\Adistu\\\\dataconnect\": could not find dataconnect.yaml in `c:\\Adistu\\dataconnect`\n"}}
[debug] [2026-10-07T15:54:36.246Z] E1007 21:24:28.788681    8920 watch.go:40] Failed to load config from "c:\\Adistu\\dataconnect": could not find dataconnect.yaml in `c:\Adistu\dataconnect`
 {"metadata":{"emulator":{"name":"dataconnect"},"message":"E1007 21:24:28.788681    8920 watch.go:40] Failed to load config from \"c:\\\\Adistu\\\\dataconnect\": could not find dataconnect.yaml in `c:\\Adistu\\dataconnect`\n"}}
[debug] [2026-10-07T15:54:38.794Z] E1007 21:24:38.787958    8920 watch.go:40] Failed to load config from "c:\\Adistu\\dataconnect": could not find dataconnect.yaml in `c:\Adistu\dataconnect`
 {"metadata":{"emulator":{"name":"dataconnect"},"message":"E1007 21:24:38.787958    8920 watch.go:40] Failed to load config from \"c:\\\\Adistu\\\\dataconnect\": could not find dataconnect.yaml in `c:\\Adistu\\dataconnect`\n"}}
[debug] [2026-10-07T15:54:48.790Z] E1007 21:24:48.792503    8920 watch.go:40] Failed to load config from "c:\\Adistu\\dataconnect": could not find dataconnect.yaml in `c:\Adistu\dataconnect`
 {"metadata":{"emulator":{"name":"dataconnect"},"message":"E1007 21:24:48.792503    8920 watch.go:40] Failed to load config from \"c:\\\\Adistu\\\\dataconnect\": could not find dataconnect.yaml in `c:\\Adistu\\dataconnect`\n"}}
[debug] [2026-10-07T15:54:58.786Z] E1007 21:24:58.787581    8920 watch.go:116] watchAllDir unable to walk dir `c:\Adistu\dataconnect`: GetFileAttributesEx c:\Adistu\dataconnect: The system cannot find the file specified.
 {"metadata":{"emulator":{"name":"dataconnect"},"message":"E1007 21:24:58.787581    8920 watch.go:116] watchAllDir unable to walk dir `c:\\Adistu\\dataconnect`: GetFileAttributesEx c:\\Adistu\\dataconnect: The system cannot find the file specified.\n"}}
[debug] [2026-10-07T15:54:58.788Z] E1007 21:24:58.787581    8920 watch.go:40] Failed to load config from "c:\\Adistu\\dataconnect": could not find dataconnect.yaml in `c:\Adistu\dataconnect`
 {"metadata":{"emulator":{"name":"dataconnect"},"message":"E1007 21:24:58.787581    8920 watch.go:40] Failed to load config from \"c:\\\\Adistu\\\\dataconnect\": could not find dataconnect.yaml in `c:\\Adistu\\dataconnect`\n"}}
[debug] [2026-10-07T15:55:08.813Z] E1007 21:25:08.817200    8920 watch.go:40] Failed to load config from "c:\\Adistu\\dataconnect": could not find dataconnect.yaml in `c:\Adistu\dataconnect`
 {"metadata":{"emulator":{"name":"dataconnect"},"message":"E1007 21:25:08.817200    8920 watch.go:40] Failed to load config from \"c:\\\\Adistu\\\\dataconnect\": could not find dataconnect.yaml in `c:\\Adistu\\dataconnect`\n"}}
[debug] [2026-10-07T15:55:18.784Z] E1007 21:25:18.788392    8920 watch.go:40] Failed to load config from "c:\\Adistu\\dataconnect": could not find dataconnect.yaml in `c:\Adistu\dataconnect`
 {"metadata":{"emulator":{"name":"dataconnect"},"message":"E1007 21:25:18.788392    8920 watch.go:40] Failed to load config from \"c:\\\\Adistu\\\\dataconnect\": could not find dataconnect.yaml in `c:\\Adistu\\dataconnect`\n"}}
[debug] [2026-10-07T15:55:28.784Z] E1007 21:25:28.788767    8920 watch.go:40] Failed to load config from "c:\\Adistu\\dataconnect": could not find dataconnect.yaml in `c:\Adistu\dataconnect`
 {"metadata":{"emulator":{"name":"dataconnect"},"message":"E1007 21:25:28.788767    8920 watch.go:40] Failed to load config from \"c:\\\\Adistu\\\\dataconnect\": could not find dataconnect.yaml in `c:\\Adistu\\dataconnect`\n"}}
[debug] [2026-10-07T15:55:38.784Z] E1007 21:25:38.788035    8920 watch.go:40] Failed to load config from "c:\\Adistu\\dataconnect": could not find dataconnect.yaml in `c:\Adistu\dataconnect`
 {"metadata":{"emulator":{"name":"dataconnect"},"message":"E1007 21:25:38.788035    8920 watch.go:40] Failed to load config from \"c:\\\\Adistu\\\\dataconnect\": could not find dataconnect.yaml in `c:\\Adistu\\dataconnect`\n"}}
[debug] [2026-10-07T15:55:48.784Z] E1007 21:25:48.788133    8920 watch.go:40] Failed to load config from "c:\\Adistu\\dataconnect": could not find dataconnect.yaml in `c:\Adistu\dataconnect`
 {"metadata":{"emulator":{"name":"dataconnect"},"message":"E1007 21:25:48.788133    8920 watch.go:40] Failed to load config from \"c:\\\\Adistu\\\\dataconnect\": could not find dataconnect.yaml in `c:\\Adistu\\dataconnect`\n"}}
[debug] [2026-10-07T15:55:58.784Z] E1007 21:25:58.788112    8920 watch.go:116] watchAllDir unable to walk dir `c:\Adistu\dataconnect`: GetFileAttributesEx c:\Adistu\dataconnect: The system cannot find the file specified.
 {"metadata":{"emulator":{"name":"dataconnect"},"message":"E1007 21:25:58.788112    8920 watch.go:116] watchAllDir unable to walk dir `c:\\Adistu\\dataconnect`: GetFileAttributesEx c:\\Adistu\\dataconnect: The system cannot find the file specified.\n"}}
[debug] [2026-10-07T15:55:58.786Z] E1007 21:25:58.788664    8920 watch.go:40] Failed to load config from "c:\\Adistu\\dataconnect": could not find dataconnect.yaml in `c:\Adistu\dataconnect`
 {"metadata":{"emulator":{"name":"dataconnect"},"message":"E1007 21:25:58.788664    8920 watch.go:40] Failed to load config from \"c:\\\\Adistu\\\\dataconnect\": could not find dataconnect.yaml in `c:\\Adistu\\dataconnect`\n"}}
[debug] [2026-10-07T15:56:08.785Z] E1007 21:26:08.788944    8920 watch.go:40] Failed to load config from "c:\\Adistu\\dataconnect": could not find dataconnect.yaml in `c:\Adistu\dataconnect`
 {"metadata":{"emulator":{"name":"dataconnect"},"message":"E1007 21:26:08.788944    8920 watch.go:40] Failed to load config from \"c:\\\\Adistu\\\\dataconnect\": could not find dataconnect.yaml in `c:\\Adistu\\dataconnect`\n"}}
[debug] [2026-10-07T15:56:18.787Z] E1007 21:26:18.791100    8920 watch.go:40] Failed to load config from "c:\\Adistu\\dataconnect": could not find dataconnect.yaml in `c:\Adistu\dataconnect`
 {"metadata":{"emulator":{"name":"dataconnect"},"message":"E1007 21:26:18.791100    8920 watch.go:40] Failed to load config from \"c:\\\\Adistu\\\\dataconnect\": could not find dataconnect.yaml in `c:\\Adistu\\dataconnect`\n"}}
[debug] [2026-10-07T15:56:28.784Z] E1007 21:26:28.787961    8920 watch.go:40] Failed to load config from "c:\\Adistu\\dataconnect": could not find dataconnect.yaml in `c:\Adistu\dataconnect`
 {"metadata":{"emulator":{"name":"dataconnect"},"message":"E1007 21:26:28.787961    8920 watch.go:40] Failed to load config from \"c:\\\\Adistu\\\\dataconnect\": could not find dataconnect.yaml in `c:\\Adistu\\dataconnect`\n"}}
[debug] [2026-10-07T15:56:38.784Z] E1007 21:26:38.787897    8920 watch.go:40] Failed to load config from "c:\\Adistu\\dataconnect": could not find dataconnect.yaml in `c:\Adistu\dataconnect`
 {"metadata":{"emulator":{"name":"dataconnect"},"message":"E1007 21:26:38.787897    8920 watch.go:40] Failed to load config from \"c:\\\\Adistu\\\\dataconnect\": could not find dataconnect.yaml in `c:\\Adistu\\dataconnect`\n"}}
[debug] [2026-10-07T15:56:48.785Z] E1007 21:26:48.788481    8920 watch.go:40] Failed to load config from "c:\\Adistu\\dataconnect": could not find dataconnect.yaml in `c:\Adistu\dataconnect`
 {"metadata":{"emulator":{"name":"dataconnect"},"message":"E1007 21:26:48.788481    8920 watch.go:40] Failed to load config from \"c:\\\\Adistu\\\\dataconnect\": could not find dataconnect.yaml in `c:\\Adistu\\dataconnect`\n"}}
[debug] [2026-10-07T15:56:58.784Z] E1007 21:26:58.788143    8920 watch.go:116] watchAllDir unable to walk dir `c:\Adistu\dataconnect`: GetFileAttributesEx c:\Adistu\dataconnect: The system cannot find the file specified.
 {"metadata":{"emulator":{"name":"dataconnect"},"message":"E1007 21:26:58.788143    8920 watch.go:116] watchAllDir unable to walk dir `c:\\Adistu\\dataconnect`: GetFileAttributesEx c:\\Adistu\\dataconnect: The system cannot find the file specified.\n"}}
[debug] [2026-10-07T15:56:58.787Z] E1007 21:26:58.788661    8920 watch.go:40] Failed to load config from "c:\\Adistu\\dataconnect": could not find dataconnect.yaml in `c:\Adistu\dataconnect`
 {"metadata":{"emulator":{"name":"dataconnect"},"message":"E1007 21:26:58.788661    8920 watch.go:40] Failed to load config from \"c:\\\\Adistu\\\\dataconnect\": could not find dataconnect.yaml in `c:\\Adistu\\dataconnect`\n"}}
[debug] [2026-10-07T15:57:08.792Z] E1007 21:27:08.794210    8920 watch.go:40] Failed to load config from "c:\\Adistu\\dataconnect": could not find dataconnect.yaml in `c:\Adistu\dataconnect`
 {"metadata":{"emulator":{"name":"dataconnect"},"message":"E1007 21:27:08.794210    8920 watch.go:40] Failed to load config from \"c:\\\\Adistu\\\\dataconnect\": could not find dataconnect.yaml in `c:\\Adistu\\dataconnect`\n"}}
[debug] [2026-10-07T15:57:18.787Z] E1007 21:27:18.789022    8920 watch.go:40] Failed to load config from "c:\\Adistu\\dataconnect": could not find dataconnect.yaml in `c:\Adistu\dataconnect`
 {"metadata":{"emulator":{"name":"dataconnect"},"message":"E1007 21:27:18.789022    8920 watch.go:40] Failed to load config from \"c:\\\\Adistu\\\\dataconnect\": could not find dataconnect.yaml in `c:\\Adistu\\dataconnect`\n"}}
[debug] [2026-10-07T15:57:28.786Z] E1007 21:27:28.788213    8920 watch.go:40] Failed to load config from "c:\\Adistu\\dataconnect": could not find dataconnect.yaml in `c:\Adistu\dataconnect`
 {"metadata":{"emulator":{"name":"dataconnect"},"message":"E1007 21:27:28.788213    8920 watch.go:40] Failed to load config from \"c:\\\\Adistu\\\\dataconnect\": could not find dataconnect.yaml in `c:\\Adistu\\dataconnect`\n"}}
[debug] [2026-10-07T15:57:38.787Z] E1007 21:27:38.788863    8920 watch.go:40] Failed to load config from "c:\\Adistu\\dataconnect": could not find dataconnect.yaml in `c:\Adistu\dataconnect`
 {"metadata":{"emulator":{"name":"dataconnect"},"message":"E1007 21:27:38.788863    8920 watch.go:40] Failed to load config from \"c:\\\\Adistu\\\\dataconnect\": could not find dataconnect.yaml in `c:\\Adistu\\dataconnect`\n"}}
[debug] [2026-10-07T15:57:50.602Z] E1007 21:27:48.952414    8920 watch.go:40] Failed to load config from "c:\\Adistu\\dataconnect": could not find dataconnect.yaml in `c:\Adistu\dataconnect`
 {"metadata":{"emulator":{"name":"dataconnect"},"message":"E1007 21:27:48.952414    8920 watch.go:40] Failed to load config from \"c:\\\\Adistu\\\\dataconnect\": could not find dataconnect.yaml in `c:\\Adistu\\dataconnect`\n"}}
[debug] [2026-10-07T15:58:01.923Z] E1007 21:27:58.811989    8920 watch.go:116] watchAllDir unable to walk dir `c:\Adistu\dataconnect`: GetFileAttributesEx c:\Adistu\dataconnect: The system cannot find the file specified.
E1007 21:27:58.811989    8920 watch.go:40] Failed to load config from "c:\\Adistu\\dataconnect": could not find dataconnect.yaml in `c:\Adistu\dataconnect`
 {"metadata":{"emulator":{"name":"dataconnect"},"message":"E1007 21:27:58.811989    8920 watch.go:116] watchAllDir unable to walk dir `c:\\Adistu\\dataconnect`: GetFileAttributesEx c:\\Adistu\\dataconnect: The system cannot find the file specified.\nE1007 21:27:58.811989    8920 watch.go:40] Failed to load config from \"c:\\\\Adistu\\\\dataconnect\": could not find dataconnect.yaml in `c:\\Adistu\\dataconnect`\n"}}
[debug] [2026-10-07T15:58:08.793Z] E1007 21:28:08.794074    8920 watch.go:40] Failed to load config from "c:\\Adistu\\dataconnect": could not find dataconnect.yaml in `c:\Adistu\dataconnect`
 {"metadata":{"emulator":{"name":"dataconnect"},"message":"E1007 21:28:08.794074    8920 watch.go:40] Failed to load config from \"c:\\\\Adistu\\\\dataconnect\": could not find dataconnect.yaml in `c:\\Adistu\\dataconnect`\n"}}
[debug] [2026-10-07T15:58:18.787Z] E1007 21:28:18.788569    8920 watch.go:40] Failed to load config from "c:\\Adistu\\dataconnect": could not find dataconnect.yaml in `c:\Adistu\dataconnect`
 {"metadata":{"emulator":{"name":"dataconnect"},"message":"E1007 21:28:18.788569    8920 watch.go:40] Failed to load config from \"c:\\\\Adistu\\\\dataconnect\": could not find dataconnect.yaml in `c:\\Adistu\\dataconnect`\n"}}
[debug] [2026-10-07T15:58:29.024Z] E1007 21:28:28.923492    8920 watch.go:40] Failed to load config from "c:\\Adistu\\dataconnect": could not find dataconnect.yaml in `c:\Adistu\dataconnect`
 {"metadata":{"emulator":{"name":"dataconnect"},"message":"E1007 21:28:28.923492    8920 watch.go:40] Failed to load config from \"c:\\\\Adistu\\\\dataconnect\": could not find dataconnect.yaml in `c:\\Adistu\\dataconnect`\n"}}
[debug] [2026-10-07T15:58:38.824Z] E1007 21:28:38.823081    8920 watch.go:40] Failed to load config from "c:\\Adistu\\dataconnect": could not find dataconnect.yaml in `c:\Adistu\dataconnect`
 {"metadata":{"emulator":{"name":"dataconnect"},"message":"E1007 21:28:38.823081    8920 watch.go:40] Failed to load config from \"c:\\\\Adistu\\\\dataconnect\": could not find dataconnect.yaml in `c:\\Adistu\\dataconnect`\n"}}
[debug] [2026-10-07T15:58:48.815Z] E1007 21:28:48.812235    8920 watch.go:40] Failed to load config from "c:\\Adistu\\dataconnect": could not find dataconnect.yaml in `c:\Adistu\dataconnect`
 {"metadata":{"emulator":{"name":"dataconnect"},"message":"E1007 21:28:48.812235    8920 watch.go:40] Failed to load config from \"c:\\\\Adistu\\\\dataconnect\": could not find dataconnect.yaml in `c:\\Adistu\\dataconnect`\n"}}
[debug] [2026-10-07T15:58:58.790Z] E1007 21:28:58.790273    8920 watch.go:40] Failed to load config from "c:\\Adistu\\dataconnect": could not find dataconnect.yaml in `c:\Adistu\dataconnect`
 {"metadata":{"emulator":{"name":"dataconnect"},"message":"E1007 21:28:58.790273    8920 watch.go:40] Failed to load config from \"c:\\\\Adistu\\\\dataconnect\": could not find dataconnect.yaml in `c:\\Adistu\\dataconnect`\n"}}
[debug] [2026-10-07T15:58:58.799Z] E1007 21:28:58.789621    8920 watch.go:116] watchAllDir unable to walk dir `c:\Adistu\dataconnect`: GetFileAttributesEx c:\Adistu\dataconnect: The system cannot find the file specified.
 {"metadata":{"emulator":{"name":"dataconnect"},"message":"E1007 21:28:58.789621    8920 watch.go:116] watchAllDir unable to walk dir `c:\\Adistu\\dataconnect`: GetFileAttributesEx c:\\Adistu\\dataconnect: The system cannot find the file specified.\n"}}
[debug] [2026-10-07T15:59:08.850Z] E1007 21:29:08.809149    8920 watch.go:40] Failed to load config from "c:\\Adistu\\dataconnect": could not find dataconnect.yaml in `c:\Adistu\dataconnect`
 {"metadata":{"emulator":{"name":"dataconnect"},"message":"E1007 21:29:08.809149    8920 watch.go:40] Failed to load config from \"c:\\\\Adistu\\\\dataconnect\": could not find dataconnect.yaml in `c:\\Adistu\\dataconnect`\n"}}
[debug] [2026-10-07T15:59:18.774Z] E1007 21:29:18.788669    8920 watch.go:40] Failed to load config from "c:\\Adistu\\dataconnect": could not find dataconnect.yaml in `c:\Adistu\dataconnect`
 {"metadata":{"emulator":{"name":"dataconnect"},"message":"E1007 21:29:18.788669    8920 watch.go:40] Failed to load config from \"c:\\\\Adistu\\\\dataconnect\": could not find dataconnect.yaml in `c:\\Adistu\\dataconnect`\n"}}
[debug] [2026-10-07T15:59:28.774Z] E1007 21:29:28.788449    8920 watch.go:40] Failed to load config from "c:\\Adistu\\dataconnect": could not find dataconnect.yaml in `c:\Adistu\dataconnect`
 {"metadata":{"emulator":{"name":"dataconnect"},"message":"E1007 21:29:28.788449    8920 watch.go:40] Failed to load config from \"c:\\\\Adistu\\\\dataconnect\": could not find dataconnect.yaml in `c:\\Adistu\\dataconnect`\n"}}
[debug] [2026-10-07T15:59:38.780Z] E1007 21:29:38.787603    8920 watch.go:40] Failed to load config from "c:\\Adistu\\dataconnect": could not find dataconnect.yaml in `c:\Adistu\dataconnect`
 {"metadata":{"emulator":{"name":"dataconnect"},"message":"E1007 21:29:38.787603    8920 watch.go:40] Failed to load config from \"c:\\\\Adistu\\\\dataconnect\": could not find dataconnect.yaml in `c:\\Adistu\\dataconnect`\n"}}
[debug] [2026-10-07T15:59:48.774Z] E1007 21:29:48.788585    8920 watch.go:40] Failed to load config from "c:\\Adistu\\dataconnect": could not find dataconnect.yaml in `c:\Adistu\dataconnect`
 {"metadata":{"emulator":{"name":"dataconnect"},"message":"E1007 21:29:48.788585    8920 watch.go:40] Failed to load config from \"c:\\\\Adistu\\\\dataconnect\": could not find dataconnect.yaml in `c:\\Adistu\\dataconnect`\n"}}
[debug] [2026-10-07T15:59:58.784Z] E1007 21:29:58.797693    8920 watch.go:116] watchAllDir unable to walk dir `c:\Adistu\dataconnect`: GetFileAttributesEx c:\Adistu\dataconnect: The system cannot find the file specified.
 {"metadata":{"emulator":{"name":"dataconnect"},"message":"E1007 21:29:58.797693    8920 watch.go:116] watchAllDir unable to walk dir `c:\\Adistu\\dataconnect`: GetFileAttributesEx c:\\Adistu\\dataconnect: The system cannot find the file specified.\n"}}
[debug] [2026-10-07T15:59:58.787Z] E1007 21:29:58.797693    8920 watch.go:40] Failed to load config from "c:\\Adistu\\dataconnect": could not find dataconnect.yaml in `c:\Adistu\dataconnect`
 {"metadata":{"emulator":{"name":"dataconnect"},"message":"E1007 21:29:58.797693    8920 watch.go:40] Failed to load config from \"c:\\\\Adistu\\\\dataconnect\": could not find dataconnect.yaml in `c:\\Adistu\\dataconnect`\n"}}
[debug] [2026-10-07T16:00:08.791Z] E1007 21:30:08.790610    8920 watch.go:40] Failed to load config from "c:\\Adistu\\dataconnect": could not find dataconnect.yaml in `c:\Adistu\dataconnect`
 {"metadata":{"emulator":{"name":"dataconnect"},"message":"E1007 21:30:08.790610    8920 watch.go:40] Failed to load config from \"c:\\\\Adistu\\\\dataconnect\": could not find dataconnect.yaml in `c:\\Adistu\\dataconnect`\n"}}
[debug] [2026-10-07T16:00:18.800Z] E1007 21:30:18.795837    8920 watch.go:40] Failed to load config from "c:\\Adistu\\dataconnect": could not find dataconnect.yaml in `c:\Adistu\dataconnect`
 {"metadata":{"emulator":{"name":"dataconnect"},"message":"E1007 21:30:18.795837    8920 watch.go:40] Failed to load config from \"c:\\\\Adistu\\\\dataconnect\": could not find dataconnect.yaml in `c:\\Adistu\\dataconnect`\n"}}
[debug] [2026-10-07T16:00:28.788Z] E1007 21:30:28.788090    8920 watch.go:40] Failed to load config from "c:\\Adistu\\dataconnect": could not find dataconnect.yaml in `c:\Adistu\dataconnect`
 {"metadata":{"emulator":{"name":"dataconnect"},"message":"E1007 21:30:28.788090    8920 watch.go:40] Failed to load config from \"c:\\\\Adistu\\\\dataconnect\": could not find dataconnect.yaml in `c:\\Adistu\\dataconnect`\n"}}
[debug] [2026-10-07T16:00:38.789Z] E1007 21:30:38.789017    8920 watch.go:40] Failed to load config from "c:\\Adistu\\dataconnect": could not find dataconnect.yaml in `c:\Adistu\dataconnect`
 {"metadata":{"emulator":{"name":"dataconnect"},"message":"E1007 21:30:38.789017    8920 watch.go:40] Failed to load config from \"c:\\\\Adistu\\\\dataconnect\": could not find dataconnect.yaml in `c:\\Adistu\\dataconnect`\n"}}
[debug] [2026-10-07T16:00:48.944Z] E1007 21:30:48.790262    8920 watch.go:40] Failed to load config from "c:\\Adistu\\dataconnect": could not find dataconnect.yaml in `c:\Adistu\dataconnect`
 {"metadata":{"emulator":{"name":"dataconnect"},"message":"E1007 21:30:48.790262    8920 watch.go:40] Failed to load config from \"c:\\\\Adistu\\\\dataconnect\": could not find dataconnect.yaml in `c:\\Adistu\\dataconnect`\n"}}
[debug] [2026-10-07T16:00:58.788Z] E1007 21:30:58.788204    8920 watch.go:116] watchAllDir unable to walk dir `c:\Adistu\dataconnect`: GetFileAttributesEx c:\Adistu\dataconnect: The system cannot find the file specified.
 {"metadata":{"emulator":{"name":"dataconnect"},"message":"E1007 21:30:58.788204    8920 watch.go:116] watchAllDir unable to walk dir `c:\\Adistu\\dataconnect`: GetFileAttributesEx c:\\Adistu\\dataconnect: The system cannot find the file specified.\n"}}
[debug] [2026-10-07T16:00:58.790Z] E1007 21:30:58.788204    8920 watch.go:40] Failed to load config from "c:\\Adistu\\dataconnect": could not find dataconnect.yaml in `c:\Adistu\dataconnect`
 {"metadata":{"emulator":{"name":"dataconnect"},"message":"E1007 21:30:58.788204    8920 watch.go:40] Failed to load config from \"c:\\\\Adistu\\\\dataconnect\": could not find dataconnect.yaml in `c:\\Adistu\\dataconnect`\n"}}
[debug] [2026-10-07T16:01:08.788Z] E1007 21:31:08.787920    8920 watch.go:40] Failed to load config from "c:\\Adistu\\dataconnect": could not find dataconnect.yaml in `c:\Adistu\dataconnect`
 {"metadata":{"emulator":{"name":"dataconnect"},"message":"E1007 21:31:08.787920    8920 watch.go:40] Failed to load config from \"c:\\\\Adistu\\\\dataconnect\": could not find dataconnect.yaml in `c:\\Adistu\\dataconnect`\n"}}
[debug] [2026-10-07T16:01:18.786Z] E1007 21:31:18.787653    8920 watch.go:40] Failed to load config from "c:\\Adistu\\dataconnect": could not find dataconnect.yaml in `c:\Adistu\dataconnect`
 {"metadata":{"emulator":{"name":"dataconnect"},"message":"E1007 21:31:18.787653    8920 watch.go:40] Failed to load config from \"c:\\\\Adistu\\\\dataconnect\": could not find dataconnect.yaml in `c:\\Adistu\\dataconnect`\n"}}
[debug] [2026-10-07T16:01:28.786Z] E1007 21:31:28.788796    8920 watch.go:40] Failed to load config from "c:\\Adistu\\dataconnect": could not find dataconnect.yaml in `c:\Adistu\dataconnect`
 {"metadata":{"emulator":{"name":"dataconnect"},"message":"E1007 21:31:28.788796    8920 watch.go:40] Failed to load config from \"c:\\\\Adistu\\\\dataconnect\": could not find dataconnect.yaml in `c:\\Adistu\\dataconnect`\n"}}
[debug] [2026-10-07T16:01:38.785Z] E1007 21:31:38.788356    8920 watch.go:40] Failed to load config from "c:\\Adistu\\dataconnect": could not find dataconnect.yaml in `c:\Adistu\dataconnect`
 {"metadata":{"emulator":{"name":"dataconnect"},"message":"E1007 21:31:38.788356    8920 watch.go:40] Failed to load config from \"c:\\\\Adistu\\\\dataconnect\": could not find dataconnect.yaml in `c:\\Adistu\\dataconnect`\n"}}
[debug] [2026-10-07T16:01:48.786Z] E1007 21:31:48.787923    8920 watch.go:40] Failed to load config from "c:\\Adistu\\dataconnect": could not find dataconnect.yaml in `c:\Adistu\dataconnect`
 {"metadata":{"emulator":{"name":"dataconnect"},"message":"E1007 21:31:48.787923    8920 watch.go:40] Failed to load config from \"c:\\\\Adistu\\\\dataconnect\": could not find dataconnect.yaml in `c:\\Adistu\\dataconnect`\n"}}
[debug] [2026-10-07T16:01:58.786Z] E1007 21:31:58.788185    8920 watch.go:116] watchAllDir unable to walk dir `c:\Adistu\dataconnect`: GetFileAttributesEx c:\Adistu\dataconnect: The system cannot find the file specified.
 {"metadata":{"emulator":{"name":"dataconnect"},"message":"E1007 21:31:58.788185    8920 watch.go:116] watchAllDir unable to walk dir `c:\\Adistu\\dataconnect`: GetFileAttributesEx c:\\Adistu\\dataconnect: The system cannot find the file specified.\n"}}
[debug] [2026-10-07T16:01:58.790Z] E1007 21:31:58.789246    8920 watch.go:40] Failed to load config from "c:\\Adistu\\dataconnect": could not find dataconnect.yaml in `c:\Adistu\dataconnect`
 {"metadata":{"emulator":{"name":"dataconnect"},"message":"E1007 21:31:58.789246    8920 watch.go:40] Failed to load config from \"c:\\\\Adistu\\\\dataconnect\": could not find dataconnect.yaml in `c:\\Adistu\\dataconnect`\n"}}
[debug] [2026-10-07T16:02:08.795Z] E1007 21:32:08.794494    8920 watch.go:40] Failed to load config from "c:\\Adistu\\dataconnect": could not find dataconnect.yaml in `c:\Adistu\dataconnect`
 {"metadata":{"emulator":{"name":"dataconnect"},"message":"E1007 21:32:08.794494    8920 watch.go:40] Failed to load config from \"c:\\\\Adistu\\\\dataconnect\": could not find dataconnect.yaml in `c:\\Adistu\\dataconnect`\n"}}
[debug] [2026-10-07T16:02:18.793Z] E1007 21:32:18.792936    8920 watch.go:40] Failed to load config from "c:\\Adistu\\dataconnect": could not find dataconnect.yaml in `c:\Adistu\dataconnect`
 {"metadata":{"emulator":{"name":"dataconnect"},"message":"E1007 21:32:18.792936    8920 watch.go:40] Failed to load config from \"c:\\\\Adistu\\\\dataconnect\": could not find dataconnect.yaml in `c:\\Adistu\\dataconnect`\n"}}
[debug] [2026-10-07T16:02:28.793Z] E1007 21:32:28.792808    8920 watch.go:40] Failed to load config from "c:\\Adistu\\dataconnect": could not find dataconnect.yaml in `c:\Adistu\dataconnect`
 {"metadata":{"emulator":{"name":"dataconnect"},"message":"E1007 21:32:28.792808    8920 watch.go:40] Failed to load config from \"c:\\\\Adistu\\\\dataconnect\": could not find dataconnect.yaml in `c:\\Adistu\\dataconnect`\n"}}
[debug] [2026-10-07T16:02:38.807Z] E1007 21:32:38.802453    8920 watch.go:40] Failed to load config from "c:\\Adistu\\dataconnect": could not find dataconnect.yaml in `c:\Adistu\dataconnect`
 {"metadata":{"emulator":{"name":"dataconnect"},"message":"E1007 21:32:38.802453    8920 watch.go:40] Failed to load config from \"c:\\\\Adistu\\\\dataconnect\": could not find dataconnect.yaml in `c:\\Adistu\\dataconnect`\n"}}
[debug] [2026-10-07T16:02:48.791Z] E1007 21:32:48.790695    8920 watch.go:40] Failed to load config from "c:\\Adistu\\dataconnect": could not find dataconnect.yaml in `c:\Adistu\dataconnect`
 {"metadata":{"emulator":{"name":"dataconnect"},"message":"E1007 21:32:48.790695    8920 watch.go:40] Failed to load config from \"c:\\\\Adistu\\\\dataconnect\": could not find dataconnect.yaml in `c:\\Adistu\\dataconnect`\n"}}
[debug] [2026-10-07T16:02:58.790Z] E1007 21:32:58.790156    8920 watch.go:116] watchAllDir unable to walk dir `c:\Adistu\dataconnect`: GetFileAttributesEx c:\Adistu\dataconnect: The system cannot find the file specified.
 {"metadata":{"emulator":{"name":"dataconnect"},"message":"E1007 21:32:58.790156    8920 watch.go:116] watchAllDir unable to walk dir `c:\\Adistu\\dataconnect`: GetFileAttributesEx c:\\Adistu\\dataconnect: The system cannot find the file specified.\n"}}
[debug] [2026-10-07T16:02:58.796Z] E1007 21:32:58.791248    8920 watch.go:40] Failed to load config from "c:\\Adistu\\dataconnect": could not find dataconnect.yaml in `c:\Adistu\dataconnect`
 {"metadata":{"emulator":{"name":"dataconnect"},"message":"E1007 21:32:58.791248    8920 watch.go:40] Failed to load config from \"c:\\\\Adistu\\\\dataconnect\": could not find dataconnect.yaml in `c:\\Adistu\\dataconnect`\n"}}
[debug] [2026-10-07T16:03:08.788Z] E1007 21:33:08.788176    8920 watch.go:40] Failed to load config from "c:\\Adistu\\dataconnect": could not find dataconnect.yaml in `c:\Adistu\dataconnect`
 {"metadata":{"emulator":{"name":"dataconnect"},"message":"E1007 21:33:08.788176    8920 watch.go:40] Failed to load config from \"c:\\\\Adistu\\\\dataconnect\": could not find dataconnect.yaml in `c:\\Adistu\\dataconnect`\n"}}
[debug] [2026-10-07T16:03:18.787Z] E1007 21:33:18.789868    8920 watch.go:40] Failed to load config from "c:\\Adistu\\dataconnect": could not find dataconnect.yaml in `c:\Adistu\dataconnect`
 {"metadata":{"emulator":{"name":"dataconnect"},"message":"E1007 21:33:18.789868    8920 watch.go:40] Failed to load config from \"c:\\\\Adistu\\\\dataconnect\": could not find dataconnect.yaml in `c:\\Adistu\\dataconnect`\n"}}
[debug] [2026-10-07T16:03:28.788Z] E1007 21:33:28.790669    8920 watch.go:40] Failed to load config from "c:\\Adistu\\dataconnect": could not find dataconnect.yaml in `c:\Adistu\dataconnect`
 {"metadata":{"emulator":{"name":"dataconnect"},"message":"E1007 21:33:28.790669    8920 watch.go:40] Failed to load config from \"c:\\\\Adistu\\\\dataconnect\": could not find dataconnect.yaml in `c:\\Adistu\\dataconnect`\n"}}
[debug] [2026-10-07T16:03:38.788Z] E1007 21:33:38.790985    8920 watch.go:40] Failed to load config from "c:\\Adistu\\dataconnect": could not find dataconnect.yaml in `c:\Adistu\dataconnect`
 {"metadata":{"emulator":{"name":"dataconnect"},"message":"E1007 21:33:38.790985    8920 watch.go:40] Failed to load config from \"c:\\\\Adistu\\\\dataconnect\": could not find dataconnect.yaml in `c:\\Adistu\\dataconnect`\n"}}
[debug] [2026-10-07T16:03:48.787Z] E1007 21:33:48.788090    8920 watch.go:40] Failed to load config from "c:\\Adistu\\dataconnect": could not find dataconnect.yaml in `c:\Adistu\dataconnect`
 {"metadata":{"emulator":{"name":"dataconnect"},"message":"E1007 21:33:48.788090    8920 watch.go:40] Failed to load config from \"c:\\\\Adistu\\\\dataconnect\": could not find dataconnect.yaml in `c:\\Adistu\\dataconnect`\n"}}
[debug] [2026-10-07T16:03:58.788Z] E1007 21:33:58.790664    8920 watch.go:40] Failed to load config from "c:\\Adistu\\dataconnect": could not find dataconnect.yaml in `c:\Adistu\dataconnect`
 {"metadata":{"emulator":{"name":"dataconnect"},"message":"E1007 21:33:58.790664    8920 watch.go:40] Failed to load config from \"c:\\\\Adistu\\\\dataconnect\": could not find dataconnect.yaml in `c:\\Adistu\\dataconnect`\n"}}
[debug] [2026-10-07T16:03:58.796Z] E1007 21:33:58.790344    8920 watch.go:116] watchAllDir unable to walk dir `c:\Adistu\dataconnect`: GetFileAttributesEx c:\Adistu\dataconnect: The system cannot find the file specified.
 {"metadata":{"emulator":{"name":"dataconnect"},"message":"E1007 21:33:58.790344    8920 watch.go:116] watchAllDir unable to walk dir `c:\\Adistu\\dataconnect`: GetFileAttributesEx c:\\Adistu\\dataconnect: The system cannot find the file specified.\n"}}
[debug] [2026-10-07T16:04:08.786Z] E1007 21:34:08.788607    8920 watch.go:40] Failed to load config from "c:\\Adistu\\dataconnect": could not find dataconnect.yaml in `c:\Adistu\dataconnect`
 {"metadata":{"emulator":{"name":"dataconnect"},"message":"E1007 21:34:08.788607    8920 watch.go:40] Failed to load config from \"c:\\\\Adistu\\\\dataconnect\": could not find dataconnect.yaml in `c:\\Adistu\\dataconnect`\n"}}
[debug] [2026-10-07T16:04:18.788Z] E1007 21:34:18.788299    8920 watch.go:40] Failed to load config from "c:\\Adistu\\dataconnect": could not find dataconnect.yaml in `c:\Adistu\dataconnect`
 {"metadata":{"emulator":{"name":"dataconnect"},"message":"E1007 21:34:18.788299    8920 watch.go:40] Failed to load config from \"c:\\\\Adistu\\\\dataconnect\": could not find dataconnect.yaml in `c:\\Adistu\\dataconnect`\n"}}
[debug] [2026-10-07T16:04:28.791Z] E1007 21:34:28.790875    8920 watch.go:40] Failed to load config from "c:\\Adistu\\dataconnect": could not find dataconnect.yaml in `c:\Adistu\dataconnect`
 {"metadata":{"emulator":{"name":"dataconnect"},"message":"E1007 21:34:28.790875    8920 watch.go:40] Failed to load config from \"c:\\\\Adistu\\\\dataconnect\": could not find dataconnect.yaml in `c:\\Adistu\\dataconnect`\n"}}
[debug] [2026-10-07T16:04:38.790Z] E1007 21:34:38.790188    8920 watch.go:40] Failed to load config from "c:\\Adistu\\dataconnect": could not find dataconnect.yaml in `c:\Adistu\dataconnect`
 {"metadata":{"emulator":{"name":"dataconnect"},"message":"E1007 21:34:38.790188    8920 watch.go:40] Failed to load config from \"c:\\\\Adistu\\\\dataconnect\": could not find dataconnect.yaml in `c:\\Adistu\\dataconnect`\n"}}
[debug] [2026-10-07T16:04:48.789Z] E1007 21:34:48.788631    8920 watch.go:40] Failed to load config from "c:\\Adistu\\dataconnect": could not find dataconnect.yaml in `c:\Adistu\dataconnect`
 {"metadata":{"emulator":{"name":"dataconnect"},"message":"E1007 21:34:48.788631    8920 watch.go:40] Failed to load config from \"c:\\\\Adistu\\\\dataconnect\": could not find dataconnect.yaml in `c:\\Adistu\\dataconnect`\n"}}
[debug] [2026-10-07T16:04:58.790Z] E1007 21:34:58.789826    8920 watch.go:116] watchAllDir unable to walk dir `c:\Adistu\dataconnect`: GetFileAttributesEx c:\Adistu\dataconnect: The system cannot find the file specified.
 {"metadata":{"emulator":{"name":"dataconnect"},"message":"E1007 21:34:58.789826    8920 watch.go:116] watchAllDir unable to walk dir `c:\\Adistu\\dataconnect`: GetFileAttributesEx c:\\Adistu\\dataconnect: The system cannot find the file specified.\n"}}
[debug] [2026-10-07T16:04:58.792Z] E1007 21:34:58.790228    8920 watch.go:40] Failed to load config from "c:\\Adistu\\dataconnect": could not find dataconnect.yaml in `c:\Adistu\dataconnect`
 {"metadata":{"emulator":{"name":"dataconnect"},"message":"E1007 21:34:58.790228    8920 watch.go:40] Failed to load config from \"c:\\\\Adistu\\\\dataconnect\": could not find dataconnect.yaml in `c:\\Adistu\\dataconnect`\n"}}
[debug] [2026-10-07T16:05:08.791Z] E1007 21:35:08.791459    8920 watch.go:40] Failed to load config from "c:\\Adistu\\dataconnect": could not find dataconnect.yaml in `c:\Adistu\dataconnect`
 {"metadata":{"emulator":{"name":"dataconnect"},"message":"E1007 21:35:08.791459    8920 watch.go:40] Failed to load config from \"c:\\\\Adistu\\\\dataconnect\": could not find dataconnect.yaml in `c:\\Adistu\\dataconnect`\n"}}
[debug] [2026-10-07T16:05:18.788Z] E1007 21:35:18.788323    8920 watch.go:40] Failed to load config from "c:\\Adistu\\dataconnect": could not find dataconnect.yaml in `c:\Adistu\dataconnect`
 {"metadata":{"emulator":{"name":"dataconnect"},"message":"E1007 21:35:18.788323    8920 watch.go:40] Failed to load config from \"c:\\\\Adistu\\\\dataconnect\": could not find dataconnect.yaml in `c:\\Adistu\\dataconnect`\n"}}
[debug] [2026-10-07T16:05:28.788Z] E1007 21:35:28.788335    8920 watch.go:40] Failed to load config from "c:\\Adistu\\dataconnect": could not find dataconnect.yaml in `c:\Adistu\dataconnect`
 {"metadata":{"emulator":{"name":"dataconnect"},"message":"E1007 21:35:28.788335    8920 watch.go:40] Failed to load config from \"c:\\\\Adistu\\\\dataconnect\": could not find dataconnect.yaml in `c:\\Adistu\\dataconnect`\n"}}
[debug] [2026-10-07T16:05:38.789Z] E1007 21:35:38.788916    8920 watch.go:40] Failed to load config from "c:\\Adistu\\dataconnect": could not find dataconnect.yaml in `c:\Adistu\dataconnect`
 {"metadata":{"emulator":{"name":"dataconnect"},"message":"E1007 21:35:38.788916    8920 watch.go:40] Failed to load config from \"c:\\\\Adistu\\\\dataconnect\": could not find dataconnect.yaml in `c:\\Adistu\\dataconnect`\n"}}
[debug] [2026-10-07T16:05:48.789Z] E1007 21:35:48.789072    8920 watch.go:40] Failed to load config from "c:\\Adistu\\dataconnect": could not find dataconnect.yaml in `c:\Adistu\dataconnect`
 {"metadata":{"emulator":{"name":"dataconnect"},"message":"E1007 21:35:48.789072    8920 watch.go:40] Failed to load config from \"c:\\\\Adistu\\\\dataconnect\": could not find dataconnect.yaml in `c:\\Adistu\\dataconnect`\n"}}
[debug] [2026-10-07T16:05:58.788Z] E1007 21:35:58.787842    8920 watch.go:116] watchAllDir unable to walk dir `c:\Adistu\dataconnect`: GetFileAttributesEx c:\Adistu\dataconnect: The system cannot find the file specified.
 {"metadata":{"emulator":{"name":"dataconnect"},"message":"E1007 21:35:58.787842    8920 watch.go:116] watchAllDir unable to walk dir `c:\\Adistu\\dataconnect`: GetFileAttributesEx c:\\Adistu\\dataconnect: The system cannot find the file specified.\n"}}
[debug] [2026-10-07T16:05:58.790Z] E1007 21:35:58.788402    8920 watch.go:40] Failed to load config from "c:\\Adistu\\dataconnect": could not find dataconnect.yaml in `c:\Adistu\dataconnect`
 {"metadata":{"emulator":{"name":"dataconnect"},"message":"E1007 21:35:58.788402    8920 watch.go:40] Failed to load config from \"c:\\\\Adistu\\\\dataconnect\": could not find dataconnect.yaml in `c:\\Adistu\\dataconnect`\n"}}
[debug] [2026-10-07T16:06:08.789Z] E1007 21:36:08.788985    8920 watch.go:40] Failed to load config from "c:\\Adistu\\dataconnect": could not find dataconnect.yaml in `c:\Adistu\dataconnect`
 {"metadata":{"emulator":{"name":"dataconnect"},"message":"E1007 21:36:08.788985    8920 watch.go:40] Failed to load config from \"c:\\\\Adistu\\\\dataconnect\": could not find dataconnect.yaml in `c:\\Adistu\\dataconnect`\n"}}
[debug] [2026-10-07T16:06:18.798Z] E1007 21:36:18.798249    8920 watch.go:40] Failed to load config from "c:\\Adistu\\dataconnect": could not find dataconnect.yaml in `c:\Adistu\dataconnect`
 {"metadata":{"emulator":{"name":"dataconnect"},"message":"E1007 21:36:18.798249    8920 watch.go:40] Failed to load config from \"c:\\\\Adistu\\\\dataconnect\": could not find dataconnect.yaml in `c:\\Adistu\\dataconnect`\n"}}
[debug] [2026-10-07T16:06:28.791Z] E1007 21:36:28.787908    8920 watch.go:40] Failed to load config from "c:\\Adistu\\dataconnect": could not find dataconnect.yaml in `c:\Adistu\dataconnect`
 {"metadata":{"emulator":{"name":"dataconnect"},"message":"E1007 21:36:28.787908    8920 watch.go:40] Failed to load config from \"c:\\\\Adistu\\\\dataconnect\": could not find dataconnect.yaml in `c:\\Adistu\\dataconnect`\n"}}
[debug] [2026-10-07T16:06:38.795Z] E1007 21:36:38.794868    8920 watch.go:40] Failed to load config from "c:\\Adistu\\dataconnect": could not find dataconnect.yaml in `c:\Adistu\dataconnect`
 {"metadata":{"emulator":{"name":"dataconnect"},"message":"E1007 21:36:38.794868    8920 watch.go:40] Failed to load config from \"c:\\\\Adistu\\\\dataconnect\": could not find dataconnect.yaml in `c:\\Adistu\\dataconnect`\n"}}
[debug] [2026-10-07T16:06:48.803Z] E1007 21:36:48.795623    8920 watch.go:40] Failed to load config from "c:\\Adistu\\dataconnect": could not find dataconnect.yaml in `c:\Adistu\dataconnect`
 {"metadata":{"emulator":{"name":"dataconnect"},"message":"E1007 21:36:48.795623    8920 watch.go:40] Failed to load config from \"c:\\\\Adistu\\\\dataconnect\": could not find dataconnect.yaml in `c:\\Adistu\\dataconnect`\n"}}
[debug] [2026-10-07T16:06:58.788Z] E1007 21:36:58.787869    8920 watch.go:116] watchAllDir unable to walk dir `c:\Adistu\dataconnect`: GetFileAttributesEx c:\Adistu\dataconnect: The system cannot find the file specified.
 {"metadata":{"emulator":{"name":"dataconnect"},"message":"E1007 21:36:58.787869    8920 watch.go:116] watchAllDir unable to walk dir `c:\\Adistu\\dataconnect`: GetFileAttributesEx c:\\Adistu\\dataconnect: The system cannot find the file specified.\n"}}
[debug] [2026-10-07T16:06:58.791Z] E1007 21:36:58.788441    8920 watch.go:40] Failed to load config from "c:\\Adistu\\dataconnect": could not find dataconnect.yaml in `c:\Adistu\dataconnect`
 {"metadata":{"emulator":{"name":"dataconnect"},"message":"E1007 21:36:58.788441    8920 watch.go:40] Failed to load config from \"c:\\\\Adistu\\\\dataconnect\": could not find dataconnect.yaml in `c:\\Adistu\\dataconnect`\n"}}
[debug] [2026-10-07T16:07:08.788Z] E1007 21:37:08.788065    8920 watch.go:40] Failed to load config from "c:\\Adistu\\dataconnect": could not find dataconnect.yaml in `c:\Adistu\dataconnect`
 {"metadata":{"emulator":{"name":"dataconnect"},"message":"E1007 21:37:08.788065    8920 watch.go:40] Failed to load config from \"c:\\\\Adistu\\\\dataconnect\": could not find dataconnect.yaml in `c:\\Adistu\\dataconnect`\n"}}
[debug] [2026-10-07T16:07:18.792Z] E1007 21:37:18.790298    8920 watch.go:40] Failed to load config from "c:\\Adistu\\dataconnect": could not find dataconnect.yaml in `c:\Adistu\dataconnect`
 {"metadata":{"emulator":{"name":"dataconnect"},"message":"E1007 21:37:18.790298    8920 watch.go:40] Failed to load config from \"c:\\\\Adistu\\\\dataconnect\": could not find dataconnect.yaml in `c:\\Adistu\\dataconnect`\n"}}
[debug] [2026-10-07T16:07:28.797Z] E1007 21:37:28.797448    8920 watch.go:40] Failed to load config from "c:\\Adistu\\dataconnect": could not find dataconnect.yaml in `c:\Adistu\dataconnect`
 {"metadata":{"emulator":{"name":"dataconnect"},"message":"E1007 21:37:28.797448    8920 watch.go:40] Failed to load config from \"c:\\\\Adistu\\\\dataconnect\": could not find dataconnect.yaml in `c:\\Adistu\\dataconnect`\n"}}
[debug] [2026-10-07T16:07:38.791Z] E1007 21:37:38.791757    8920 watch.go:40] Failed to load config from "c:\\Adistu\\dataconnect": could not find dataconnect.yaml in `c:\Adistu\dataconnect`
 {"metadata":{"emulator":{"name":"dataconnect"},"message":"E1007 21:37:38.791757    8920 watch.go:40] Failed to load config from \"c:\\\\Adistu\\\\dataconnect\": could not find dataconnect.yaml in `c:\\Adistu\\dataconnect`\n"}}
[debug] [2026-10-07T16:07:48.788Z] E1007 21:37:48.788565    8920 watch.go:40] Failed to load config from "c:\\Adistu\\dataconnect": could not find dataconnect.yaml in `c:\Adistu\dataconnect`
 {"metadata":{"emulator":{"name":"dataconnect"},"message":"E1007 21:37:48.788565    8920 watch.go:40] Failed to load config from \"c:\\\\Adistu\\\\dataconnect\": could not find dataconnect.yaml in `c:\\Adistu\\dataconnect`\n"}}
[debug] [2026-10-07T16:07:58.788Z] E1007 21:37:58.788036    8920 watch.go:116] watchAllDir unable to walk dir `c:\Adistu\dataconnect`: GetFileAttributesEx c:\Adistu\dataconnect: The system cannot find the file specified.
 {"metadata":{"emulator":{"name":"dataconnect"},"message":"E1007 21:37:58.788036    8920 watch.go:116] watchAllDir unable to walk dir `c:\\Adistu\\dataconnect`: GetFileAttributesEx c:\\Adistu\\dataconnect: The system cannot find the file specified.\n"}}
[debug] [2026-10-07T16:07:58.790Z] E1007 21:37:58.788036    8920 watch.go:40] Failed to load config from "c:\\Adistu\\dataconnect": could not find dataconnect.yaml in `c:\Adistu\dataconnect`
 {"metadata":{"emulator":{"name":"dataconnect"},"message":"E1007 21:37:58.788036    8920 watch.go:40] Failed to load config from \"c:\\\\Adistu\\\\dataconnect\": could not find dataconnect.yaml in `c:\\Adistu\\dataconnect`\n"}}
[debug] [2026-10-07T16:08:08.788Z] E1007 21:38:08.788496    8920 watch.go:40] Failed to load config from "c:\\Adistu\\dataconnect": could not find dataconnect.yaml in `c:\Adistu\dataconnect`
 {"metadata":{"emulator":{"name":"dataconnect"},"message":"E1007 21:38:08.788496    8920 watch.go:40] Failed to load config from \"c:\\\\Adistu\\\\dataconnect\": could not find dataconnect.yaml in `c:\\Adistu\\dataconnect`\n"}}
[debug] [2026-10-07T16:08:18.788Z] E1007 21:38:18.788618    8920 watch.go:40] Failed to load config from "c:\\Adistu\\dataconnect": could not find dataconnect.yaml in `c:\Adistu\dataconnect`
 {"metadata":{"emulator":{"name":"dataconnect"},"message":"E1007 21:38:18.788618    8920 watch.go:40] Failed to load config from \"c:\\\\Adistu\\\\dataconnect\": could not find dataconnect.yaml in `c:\\Adistu\\dataconnect`\n"}}
[debug] [2026-10-07T16:08:28.788Z] E1007 21:38:28.788412    8920 watch.go:40] Failed to load config from "c:\\Adistu\\dataconnect": could not find dataconnect.yaml in `c:\Adistu\dataconnect`
 {"metadata":{"emulator":{"name":"dataconnect"},"message":"E1007 21:38:28.788412    8920 watch.go:40] Failed to load config from \"c:\\\\Adistu\\\\dataconnect\": could not find dataconnect.yaml in `c:\\Adistu\\dataconnect`\n"}}
[debug] [2026-10-07T16:08:38.788Z] E1007 21:38:38.788323    8920 watch.go:40] Failed to load config from "c:\\Adistu\\dataconnect": could not find dataconnect.yaml in `c:\Adistu\dataconnect`
 {"metadata":{"emulator":{"name":"dataconnect"},"message":"E1007 21:38:38.788323    8920 watch.go:40] Failed to load config from \"c:\\\\Adistu\\\\dataconnect\": could not find dataconnect.yaml in `c:\\Adistu\\dataconnect`\n"}}
[debug] [2026-10-07T16:08:48.789Z] E1007 21:38:48.788884    8920 watch.go:40] Failed to load config from "c:\\Adistu\\dataconnect": could not find dataconnect.yaml in `c:\Adistu\dataconnect`
 {"metadata":{"emulator":{"name":"dataconnect"},"message":"E1007 21:38:48.788884    8920 watch.go:40] Failed to load config from \"c:\\\\Adistu\\\\dataconnect\": could not find dataconnect.yaml in `c:\\Adistu\\dataconnect`\n"}}
[debug] [2026-10-07T16:08:58.788Z] E1007 21:38:58.788350    8920 watch.go:116] watchAllDir unable to walk dir `c:\Adistu\dataconnect`: GetFileAttributesEx c:\Adistu\dataconnect: The system cannot find the file specified.
 {"metadata":{"emulator":{"name":"dataconnect"},"message":"E1007 21:38:58.788350    8920 watch.go:116] watchAllDir unable to walk dir `c:\\Adistu\\dataconnect`: GetFileAttributesEx c:\\Adistu\\dataconnect: The system cannot find the file specified.\n"}}
[debug] [2026-10-07T16:08:58.790Z] E1007 21:38:58.788935    8920 watch.go:40] Failed to load config from "c:\\Adistu\\dataconnect": could not find dataconnect.yaml in `c:\Adistu\dataconnect`
 {"metadata":{"emulator":{"name":"dataconnect"},"message":"E1007 21:38:58.788935    8920 watch.go:40] Failed to load config from \"c:\\\\Adistu\\\\dataconnect\": could not find dataconnect.yaml in `c:\\Adistu\\dataconnect`\n"}}
[debug] [2026-10-07T16:09:08.789Z] E1007 21:39:08.789051    8920 watch.go:40] Failed to load config from "c:\\Adistu\\dataconnect": could not find dataconnect.yaml in `c:\Adistu\dataconnect`
 {"metadata":{"emulator":{"name":"dataconnect"},"message":"E1007 21:39:08.789051    8920 watch.go:40] Failed to load config from \"c:\\\\Adistu\\\\dataconnect\": could not find dataconnect.yaml in `c:\\Adistu\\dataconnect`\n"}}
[debug] [2026-10-07T16:09:18.789Z] E1007 21:39:18.789502    8920 watch.go:40] Failed to load config from "c:\\Adistu\\dataconnect": could not find dataconnect.yaml in `c:\Adistu\dataconnect`
 {"metadata":{"emulator":{"name":"dataconnect"},"message":"E1007 21:39:18.789502    8920 watch.go:40] Failed to load config from \"c:\\\\Adistu\\\\dataconnect\": could not find dataconnect.yaml in `c:\\Adistu\\dataconnect`\n"}}
[debug] [2026-10-07T16:09:28.788Z] E1007 21:39:28.787885    8920 watch.go:40] Failed to load config from "c:\\Adistu\\dataconnect": could not find dataconnect.yaml in `c:\Adistu\dataconnect`
 {"metadata":{"emulator":{"name":"dataconnect"},"message":"E1007 21:39:28.787885    8920 watch.go:40] Failed to load config from \"c:\\\\Adistu\\\\dataconnect\": could not find dataconnect.yaml in `c:\\Adistu\\dataconnect`\n"}}
[info] [Firebase Plugin] Stopping SQL Connect toolkit
